-- MySQL dump 10.16  Distrib 10.1.34-MariaDB, for Win32 (AMD64)
--
-- Host: 127.0.0.1    Database: ocbs_core
-- ------------------------------------------------------
-- Server version	10.1.34-MariaDB

/*!40101 SET @OLD_CHARACTER_SET_CLIENT=@@CHARACTER_SET_CLIENT */;
/*!40101 SET @OLD_CHARACTER_SET_RESULTS=@@CHARACTER_SET_RESULTS */;
/*!40101 SET @OLD_COLLATION_CONNECTION=@@COLLATION_CONNECTION */;
/*!40101 SET NAMES utf8 */;
/*!40103 SET @OLD_TIME_ZONE=@@TIME_ZONE */;
/*!40103 SET TIME_ZONE='+00:00' */;
/*!40014 SET @OLD_UNIQUE_CHECKS=@@UNIQUE_CHECKS, UNIQUE_CHECKS=0 */;
/*!40014 SET @OLD_FOREIGN_KEY_CHECKS=@@FOREIGN_KEY_CHECKS, FOREIGN_KEY_CHECKS=0 */;
/*!40101 SET @OLD_SQL_MODE=@@SQL_MODE, SQL_MODE='NO_AUTO_VALUE_ON_ZERO' */;
/*!40111 SET @OLD_SQL_NOTES=@@SQL_NOTES, SQL_NOTES=0 */;

--
-- Table structure for table `announcements`
--

DROP TABLE IF EXISTS `announcements`;
/*!40101 SET @saved_cs_client     = @@character_set_client */;
/*!40101 SET character_set_client = utf8 */;
CREATE TABLE `announcements` (
  `announcement_id` int(11) unsigned NOT NULL AUTO_INCREMENT,
  `description` text NOT NULL,
  `created_by` mediumint(8) unsigned NOT NULL,
  `created_date` datetime NOT NULL,
  `modified_by` mediumint(8) unsigned DEFAULT NULL,
  `modified_date` timestamp NULL DEFAULT NULL ON UPDATE CURRENT_TIMESTAMP,
  PRIMARY KEY (`announcement_id`),
  KEY `created_by` (`created_by`),
  KEY `modified_by` (`modified_by`),
  CONSTRAINT `changelog_ibff_3` FOREIGN KEY (`modified_by`) REFERENCES `users` (`user_id`) ON DELETE NO ACTION ON UPDATE CASCADE,
  CONSTRAINT `changelog_ibfk_2` FOREIGN KEY (`created_by`) REFERENCES `users` (`user_id`) ON DELETE NO ACTION ON UPDATE CASCADE
) ENGINE=InnoDB AUTO_INCREMENT=3 DEFAULT CHARSET=utf8;
/*!40101 SET character_set_client = @saved_cs_client */;

--
-- Dumping data for table `announcements`
--

LOCK TABLES `announcements` WRITE;
/*!40000 ALTER TABLE `announcements` DISABLE KEYS */;
INSERT INTO `announcements` VALUES (2,'&lt;p&gt;This is Bootcamp testing announcements feautre&amp;nbsp;&lt;/p&gt;\r\n\r\n&lt;ul&gt;\r\n	&lt;li&gt;Test 1&lt;/li&gt;\r\n	&lt;li&gt;Test 2&amp;nbsp;\r\n	&lt;ul&gt;\r\n		&lt;li&gt;test 3&lt;/li&gt;\r\n	&lt;/ul&gt;\r\n	&lt;/li&gt;\r\n&lt;/ul&gt;\r\n\r\n&lt;blockquote&gt;\r\n&lt;p&gt;test&lt;/p&gt;\r\n&lt;/blockquote&gt;\r\n',1,'2019-09-04 13:55:40',NULL,NULL);
/*!40000 ALTER TABLE `announcements` ENABLE KEYS */;
UNLOCK TABLES;

--
-- Table structure for table `app_roles`
--

DROP TABLE IF EXISTS `app_roles`;
/*!40101 SET @saved_cs_client     = @@character_set_client */;
/*!40101 SET character_set_client = utf8 */;
CREATE TABLE `app_roles` (
  `app_code` varchar(25) CHARACTER SET latin1 NOT NULL,
  `role_code` varchar(25) CHARACTER SET latin1 NOT NULL,
  PRIMARY KEY (`app_code`,`role_code`),
  KEY `role_code` (`role_code`),
  CONSTRAINT `app_roles_ibfk_1` FOREIGN KEY (`app_code`) REFERENCES `apps` (`app_code`) ON DELETE CASCADE ON UPDATE CASCADE,
  CONSTRAINT `app_roles_ibfk_2` FOREIGN KEY (`role_code`) REFERENCES `roles` (`role_code`) ON DELETE CASCADE ON UPDATE CASCADE
) ENGINE=InnoDB DEFAULT CHARSET=utf8;
/*!40101 SET character_set_client = @saved_cs_client */;

--
-- Dumping data for table `app_roles`
--

LOCK TABLES `app_roles` WRITE;
/*!40000 ALTER TABLE `app_roles` DISABLE KEYS */;
/*!40000 ALTER TABLE `app_roles` ENABLE KEYS */;
UNLOCK TABLES;

--
-- Table structure for table `apps`
--

DROP TABLE IF EXISTS `apps`;
/*!40101 SET @saved_cs_client     = @@character_set_client */;
/*!40101 SET character_set_client = utf8 */;
CREATE TABLE `apps` (
  `app_code` varchar(25) CHARACTER SET latin1 NOT NULL,
  `app_name` varchar(255) CHARACTER SET latin1 NOT NULL,
  `icon` varchar(100) CHARACTER SET latin1 DEFAULT NULL,
  `link` varchar(255) CHARACTER SET latin1 NOT NULL,
  `created_by` mediumint(8) unsigned NOT NULL,
  `created_date` datetime NOT NULL,
  `modified_by` mediumint(8) unsigned DEFAULT NULL,
  `modified_date` timestamp NULL DEFAULT NULL ON UPDATE CURRENT_TIMESTAMP,
  PRIMARY KEY (`app_code`),
  KEY `created_by` (`created_by`),
  KEY `modified_by` (`modified_by`),
  CONSTRAINT `apps_ibfk_1` FOREIGN KEY (`created_by`) REFERENCES `users` (`user_id`) ON DELETE NO ACTION ON UPDATE CASCADE,
  CONSTRAINT `apps_ibfk_2` FOREIGN KEY (`modified_by`) REFERENCES `users` (`user_id`) ON DELETE NO ACTION ON UPDATE CASCADE
) ENGINE=InnoDB DEFAULT CHARSET=utf8;
/*!40101 SET character_set_client = @saved_cs_client */;

--
-- Dumping data for table `apps`
--

LOCK TABLES `apps` WRITE;
/*!40000 ALTER TABLE `apps` DISABLE KEYS */;
INSERT INTO `apps` VALUES ('ANI_CORE','Asiagate PHP Core',NULL,'localhost/asiagate_php/',1,'2016-03-11 00:00:00',NULL,'2016-10-25 09:48:19'),('CORE_BANKING_SYSTEM','Core Banking System',NULL,'',1,'0000-00-00 00:00:00',NULL,'2020-06-07 15:24:50'),('SALES_ORDER_SYSTEM','Sales Order System',NULL,'',1,'0000-00-00 00:00:00',NULL,'2020-05-27 08:19:26');
/*!40000 ALTER TABLE `apps` ENABLE KEYS */;
UNLOCK TABLES;

--
-- Table structure for table `archived_audit_trail`
--

DROP TABLE IF EXISTS `archived_audit_trail`;
/*!40101 SET @saved_cs_client     = @@character_set_client */;
/*!40101 SET character_set_client = utf8 */;
CREATE TABLE `archived_audit_trail` (
  `audit_trail_id` int(11) unsigned NOT NULL AUTO_INCREMENT,
  `user_id` mediumint(8) unsigned NOT NULL,
  `module_code` varchar(50) CHARACTER SET latin1 NOT NULL,
  `activity` varbinary(512) NOT NULL,
  `ip_address` varchar(255) CHARACTER SET latin1 NOT NULL,
  `user_agent` text CHARACTER SET latin1,
  `activity_date` timestamp NOT NULL DEFAULT CURRENT_TIMESTAMP,
  `import_audit_trail_id` int(11) unsigned DEFAULT NULL,
  PRIMARY KEY (`audit_trail_id`),
  KEY `user_id` (`user_id`),
  KEY `module_code` (`module_code`),
  CONSTRAINT `archived_audit_trail_ibfk_1` FOREIGN KEY (`user_id`) REFERENCES `users` (`user_id`) ON DELETE NO ACTION ON UPDATE NO ACTION,
  CONSTRAINT `archived_audit_trail_ibfk_2` FOREIGN KEY (`module_code`) REFERENCES `modules` (`module_code`) ON DELETE NO ACTION ON UPDATE NO ACTION
) ENGINE=InnoDB DEFAULT CHARSET=utf8;
/*!40101 SET character_set_client = @saved_cs_client */;

--
-- Dumping data for table `archived_audit_trail`
--

LOCK TABLES `archived_audit_trail` WRITE;
/*!40000 ALTER TABLE `archived_audit_trail` DISABLE KEYS */;
/*!40000 ALTER TABLE `archived_audit_trail` ENABLE KEYS */;
UNLOCK TABLES;

--
-- Table structure for table `archived_audit_trail_detail`
--

DROP TABLE IF EXISTS `archived_audit_trail_detail`;
/*!40101 SET @saved_cs_client     = @@character_set_client */;
/*!40101 SET character_set_client = utf8 */;
CREATE TABLE `archived_audit_trail_detail` (
  `audit_trail_detail_id` int(11) unsigned NOT NULL AUTO_INCREMENT,
  `audit_trail_id` int(11) unsigned NOT NULL,
  `trail_schema` varchar(25) CHARACTER SET latin1 NOT NULL,
  `action` varchar(10) CHARACTER SET latin1 NOT NULL,
  `field` varchar(100) CHARACTER SET latin1 NOT NULL,
  `prev_detail` varbinary(30000) DEFAULT NULL,
  `curr_detail` varbinary(30000) DEFAULT NULL,
  `import_audit_trail_detail_id` int(11) unsigned DEFAULT NULL,
  PRIMARY KEY (`audit_trail_detail_id`),
  KEY `audit_trail_id` (`audit_trail_id`),
  CONSTRAINT `archived_audit_trail_detail_ibfk_1` FOREIGN KEY (`audit_trail_id`) REFERENCES `archived_audit_trail` (`audit_trail_id`) ON DELETE CASCADE ON UPDATE CASCADE
) ENGINE=InnoDB DEFAULT CHARSET=utf8;
/*!40101 SET character_set_client = @saved_cs_client */;

--
-- Dumping data for table `archived_audit_trail_detail`
--

LOCK TABLES `archived_audit_trail_detail` WRITE;
/*!40000 ALTER TABLE `archived_audit_trail_detail` DISABLE KEYS */;
/*!40000 ALTER TABLE `archived_audit_trail_detail` ENABLE KEYS */;
UNLOCK TABLES;

--
-- Table structure for table `area_columns`
--

DROP TABLE IF EXISTS `area_columns`;
/*!40101 SET @saved_cs_client     = @@character_set_client */;
/*!40101 SET character_set_client = utf8 */;
CREATE TABLE `area_columns` (
  `area_column_id` mediumint(8) unsigned NOT NULL AUTO_INCREMENT,
  `area_code` varchar(50) CHARACTER SET latin1 NOT NULL,
  `column` tinyint(1) unsigned NOT NULL,
  `description` text CHARACTER SET latin1,
  `size` tinyint(1) unsigned NOT NULL,
  PRIMARY KEY (`area_column_id`),
  KEY `area_code` (`area_code`),
  CONSTRAINT `area_columns_ibfk_1` FOREIGN KEY (`area_code`) REFERENCES `areas` (`area_code`) ON UPDATE CASCADE
) ENGINE=InnoDB AUTO_INCREMENT=7 DEFAULT CHARSET=utf8;
/*!40101 SET character_set_client = @saved_cs_client */;

--
-- Dumping data for table `area_columns`
--

LOCK TABLES `area_columns` WRITE;
/*!40000 ALTER TABLE `area_columns` DISABLE KEYS */;
INSERT INTO `area_columns` VALUES (1,'FULL_WIDTH',1,NULL,12),(2,'THREE_COL',1,'Left Column',4),(3,'THREE_COL',2,'Middle Column',4),(4,'THREE_COL',3,'Right Column',4),(5,'TWO_COL',1,'Left Column',6),(6,'TWO_COL',2,'Right Column',6);
/*!40000 ALTER TABLE `area_columns` ENABLE KEYS */;
UNLOCK TABLES;

--
-- Table structure for table `areas`
--

DROP TABLE IF EXISTS `areas`;
/*!40101 SET @saved_cs_client     = @@character_set_client */;
/*!40101 SET character_set_client = utf8 */;
CREATE TABLE `areas` (
  `area_code` varchar(50) CHARACTER SET latin1 NOT NULL,
  `area_name` varchar(100) CHARACTER SET latin1 NOT NULL,
  `description` text CHARACTER SET latin1,
  `sort_order` tinyint(1) NOT NULL,
  `status` varchar(30) CHARACTER SET latin1 NOT NULL DEFAULT 'STATUS_ACTIVE',
  PRIMARY KEY (`area_code`),
  UNIQUE KEY `sort_order` (`sort_order`),
  KEY `status_id` (`status`),
  CONSTRAINT `areas_ibfk_1` FOREIGN KEY (`status`) REFERENCES `sys_param` (`sys_param_code`) ON UPDATE CASCADE
) ENGINE=InnoDB DEFAULT CHARSET=utf8;
/*!40101 SET character_set_client = @saved_cs_client */;

--
-- Dumping data for table `areas`
--

LOCK TABLES `areas` WRITE;
/*!40000 ALTER TABLE `areas` DISABLE KEYS */;
INSERT INTO `areas` VALUES ('FULL_WIDTH','Full Width','Full Width Container',1,'STATUS_ACTIVE'),('THREE_COL','Three Column','Three Column Container',3,'STATUS_ACTIVE'),('TWO_COL','Two Column','Two Column Container',2,'STATUS_ACTIVE');
/*!40000 ALTER TABLE `areas` ENABLE KEYS */;
UNLOCK TABLES;

--
-- Table structure for table `audit_trail`
--

DROP TABLE IF EXISTS `audit_trail`;
/*!40101 SET @saved_cs_client     = @@character_set_client */;
/*!40101 SET character_set_client = utf8 */;
CREATE TABLE `audit_trail` (
  `audit_trail_id` int(11) unsigned NOT NULL AUTO_INCREMENT,
  `user_id` mediumint(8) unsigned NOT NULL,
  `module_code` varchar(50) CHARACTER SET latin1 NOT NULL,
  `activity` varbinary(512) NOT NULL,
  `ip_address` varchar(255) CHARACTER SET latin1 NOT NULL,
  `user_agent` text CHARACTER SET latin1,
  `activity_date` timestamp NOT NULL DEFAULT CURRENT_TIMESTAMP,
  PRIMARY KEY (`audit_trail_id`),
  KEY `user_id` (`user_id`),
  KEY `module_code` (`module_code`),
  CONSTRAINT `audit_trail_ibfk_1` FOREIGN KEY (`user_id`) REFERENCES `users` (`user_id`) ON DELETE NO ACTION ON UPDATE NO ACTION,
  CONSTRAINT `audit_trail_ibfk_2` FOREIGN KEY (`module_code`) REFERENCES `modules` (`module_code`) ON DELETE NO ACTION ON UPDATE NO ACTION
) ENGINE=InnoDB AUTO_INCREMENT=333 DEFAULT CHARSET=utf8;
/*!40101 SET character_set_client = @saved_cs_client */;

--
-- Dumping data for table `audit_trail`
--

LOCK TABLES `audit_trail` WRITE;
/*!40000 ALTER TABLE `audit_trail` DISABLE KEYS */;
INSERT INTO `audit_trail` VALUES (1,1,'USERS',0x6C6F67676564206F757420202E,'::1','Mozilla/5.0 (Windows NT 10.0; Win64; x64) AppleWebKit/537.36 (KHTML, like Gecko) Chrome/81.0.4044.138 Safari/537.36','2020-05-27 08:01:49'),(2,1,'USERS',0x6C6F67676564206F757420202E,'::1','Mozilla/5.0 (Windows NT 10.0; Win64; x64) AppleWebKit/537.36 (KHTML, like Gecko) Chrome/81.0.4044.138 Safari/537.36','2020-05-27 08:01:49'),(3,1,'USERS',0x6C6F6767656420696E202E,'::1','Mozilla/5.0 (Windows NT 10.0; Win64; x64) AppleWebKit/537.36 (KHTML, like Gecko) Chrome/81.0.4044.138 Safari/537.36','2020-05-27 08:03:12'),(4,1,'PERMISSIONS',0x75706461746564207065726D697373696F6E206F662053555045525F41444D494E,'::1','Mozilla/5.0 (Windows NT 10.0; Win64; x64) AppleWebKit/537.36 (KHTML, like Gecko) Chrome/81.0.4044.138 Safari/537.36','2020-05-27 08:51:36'),(5,1,'USERS',0x6C6F67676564206F757420202E,'::1','Mozilla/5.0 (Windows NT 10.0; Win64; x64) AppleWebKit/537.36 (KHTML, like Gecko) Chrome/81.0.4044.138 Safari/537.36','2020-05-27 08:51:42'),(6,1,'USERS',0x6C6F6767656420696E202E,'::1','Mozilla/5.0 (Windows NT 10.0; Win64; x64) AppleWebKit/537.36 (KHTML, like Gecko) Chrome/81.0.4044.138 Safari/537.36','2020-05-27 08:52:04'),(7,1,'USERS',0x6C6F67676564206F757420202E,'::1','Mozilla/5.0 (Windows NT 10.0; Win64; x64) AppleWebKit/537.36 (KHTML, like Gecko) Chrome/81.0.4044.138 Safari/537.36','2020-05-27 09:01:08'),(8,1,'USERS',0x6C6F6767656420696E202E,'::1','Mozilla/5.0 (Windows NT 10.0; Win64; x64) AppleWebKit/537.36 (KHTML, like Gecko) Chrome/81.0.4044.138 Safari/537.36','2020-05-27 09:01:12'),(9,1,'PERMISSIONS',0x75706461746564207065726D697373696F6E206F662053555045525F41444D494E,'::1','Mozilla/5.0 (Windows NT 10.0; Win64; x64) AppleWebKit/537.36 (KHTML, like Gecko) Chrome/81.0.4044.138 Safari/537.36','2020-05-27 09:07:51'),(10,1,'USERS',0x6C6F67676564206F757420202E,'::1','Mozilla/5.0 (Windows NT 10.0; Win64; x64) AppleWebKit/537.36 (KHTML, like Gecko) Chrome/81.0.4044.138 Safari/537.36','2020-05-27 09:10:58'),(11,1,'USERS',0x6C6F6767656420696E202E,'::1','Mozilla/5.0 (Windows NT 10.0; Win64; x64) AppleWebKit/537.36 (KHTML, like Gecko) Chrome/81.0.4044.138 Safari/537.36','2020-05-27 09:11:36'),(12,1,'USERS',0x6C6F67676564206F757420202E,'::1','Mozilla/5.0 (Windows NT 10.0; Win64; x64) AppleWebKit/537.36 (KHTML, like Gecko) Chrome/81.0.4044.138 Safari/537.36','2020-05-27 09:14:04'),(13,1,'USERS',0x6C6F67676564206F757420202E,'::1','Mozilla/5.0 (Windows NT 10.0; Win64; x64) AppleWebKit/537.36 (KHTML, like Gecko) Chrome/81.0.4044.138 Safari/537.36','2020-05-27 09:14:12'),(14,1,'USERS',0x6C6F6767656420696E202E,'::1','Mozilla/5.0 (Windows NT 10.0; Win64; x64) AppleWebKit/537.36 (KHTML, like Gecko) Chrome/81.0.4044.138 Safari/537.36','2020-05-27 09:14:17'),(15,1,'PERMISSIONS',0x75706461746564207065726D697373696F6E206F662053555045525F41444D494E,'::1','Mozilla/5.0 (Windows NT 10.0; Win64; x64) AppleWebKit/537.36 (KHTML, like Gecko) Chrome/81.0.4044.138 Safari/537.36','2020-05-27 09:51:37'),(16,1,'USERS',0x6C6F67676564206F757420202E,'::1','Mozilla/5.0 (Windows NT 10.0; Win64; x64) AppleWebKit/537.36 (KHTML, like Gecko) Chrome/81.0.4044.138 Safari/537.36','2020-05-27 10:04:11'),(17,1,'USERS',0x6C6F6767656420696E202E,'::1','Mozilla/5.0 (Windows NT 10.0; Win64; x64) AppleWebKit/537.36 (KHTML, like Gecko) Chrome/81.0.4044.138 Safari/537.36','2020-05-27 10:04:21'),(18,1,'PERMISSIONS',0x75706461746564207065726D697373696F6E206F662053555045525F41444D494E,'::1','Mozilla/5.0 (Windows NT 10.0; Win64; x64) AppleWebKit/537.36 (KHTML, like Gecko) Chrome/81.0.4044.138 Safari/537.36','2020-05-27 10:23:29'),(19,1,'USERS',0x6C6F67676564206F757420202E,'::1','Mozilla/5.0 (Windows NT 10.0; Win64; x64) AppleWebKit/537.36 (KHTML, like Gecko) Chrome/81.0.4044.138 Safari/537.36','2020-05-27 11:20:22'),(20,1,'USERS',0x6C6F67676564206F757420202E,'::1','Mozilla/5.0 (Windows NT 10.0; Win64; x64) AppleWebKit/537.36 (KHTML, like Gecko) Chrome/81.0.4044.138 Safari/537.36','2020-05-27 11:20:22'),(21,1,'USERS',0x6C6F67676564206F757420202E,'::1','Mozilla/5.0 (Windows NT 10.0; Win64; x64) AppleWebKit/537.36 (KHTML, like Gecko) Chrome/81.0.4044.138 Safari/537.36','2020-05-27 11:20:39'),(22,1,'USERS',0x6C6F6767656420696E202E,'::1','Mozilla/5.0 (Windows NT 10.0; Win64; x64) AppleWebKit/537.36 (KHTML, like Gecko) Chrome/81.0.4044.138 Safari/537.36','2020-05-27 11:21:16'),(23,1,'USERS',0x6C6F6767656420696E202E,'::1','Mozilla/5.0 (Windows NT 10.0; Win64; x64) AppleWebKit/537.36 (KHTML, like Gecko) Chrome/81.0.4044.138 Safari/537.36','2020-05-27 14:28:29'),(24,1,'PERMISSIONS',0x75706461746564207065726D697373696F6E206F662053555045525F41444D494E,'::1','Mozilla/5.0 (Windows NT 10.0; Win64; x64) AppleWebKit/537.36 (KHTML, like Gecko) Chrome/81.0.4044.138 Safari/537.36','2020-05-27 14:53:15'),(25,1,'USERS',0x6C6F6767656420696E202E,'::1','Mozilla/5.0 (Windows NT 10.0; Win64; x64) AppleWebKit/537.36 (KHTML, like Gecko) Chrome/81.0.4044.138 Safari/537.36','2020-05-27 17:14:05'),(26,1,'USERS',0x6C6F67676564206F757420202E,'::1','Mozilla/5.0 (Windows NT 10.0; Win64; x64) AppleWebKit/537.36 (KHTML, like Gecko) Chrome/81.0.4044.138 Safari/537.36','2020-05-28 06:00:10'),(27,1,'USERS',0x6C6F6767656420696E202E,'::1','Mozilla/5.0 (Windows NT 10.0; Win64; x64) AppleWebKit/537.36 (KHTML, like Gecko) Chrome/81.0.4044.138 Safari/537.36','2020-05-28 06:22:49'),(28,1,'USERS',0x6C6F67676564206F757420202E,'::1','Mozilla/5.0 (Windows NT 10.0; Win64; x64) AppleWebKit/537.36 (KHTML, like Gecko) Chrome/81.0.4044.138 Safari/537.36','2020-05-28 07:39:48'),(29,1,'USERS',0x6C6F6767656420696E202E,'::1','Mozilla/5.0 (Windows NT 10.0; Win64; x64) AppleWebKit/537.36 (KHTML, like Gecko) Chrome/81.0.4044.138 Safari/537.36','2020-05-28 07:40:23'),(30,1,'USERS',0x6C6F67676564206F757420202E,'::1','Mozilla/5.0 (Windows NT 10.0; Win64; x64) AppleWebKit/537.36 (KHTML, like Gecko) Chrome/83.0.4103.61 Safari/537.36','2020-05-29 05:51:31'),(31,1,'USERS',0x6C6F67676564206F757420202E,'::1','Mozilla/5.0 (Windows NT 10.0; Win64; x64) AppleWebKit/537.36 (KHTML, like Gecko) Chrome/83.0.4103.61 Safari/537.36','2020-05-29 05:51:42'),(32,1,'USERS',0x6C6F6767656420696E202E,'::1','Mozilla/5.0 (Windows NT 10.0; Win64; x64) AppleWebKit/537.36 (KHTML, like Gecko) Chrome/83.0.4103.61 Safari/537.36','2020-05-29 06:10:51'),(33,1,'USERS',0x6C6F67676564206F757420202E,'::1','Mozilla/5.0 (Windows NT 10.0; Win64; x64) AppleWebKit/537.36 (KHTML, like Gecko) Chrome/83.0.4103.61 Safari/537.36','2020-05-29 07:10:54'),(34,1,'USERS',0x6C6F67676564206F757420202E,'::1','Mozilla/5.0 (Windows NT 10.0; Win64; x64) AppleWebKit/537.36 (KHTML, like Gecko) Chrome/83.0.4103.61 Safari/537.36','2020-05-29 07:17:52'),(35,1,'USERS',0x6C6F6767656420696E202E,'::1','Mozilla/5.0 (Windows NT 10.0; Win64; x64) AppleWebKit/537.36 (KHTML, like Gecko) Chrome/83.0.4103.61 Safari/537.36','2020-05-29 07:30:03'),(36,1,'USERS',0x6C6F6767656420696E202E,'::1','Mozilla/5.0 (Windows NT 10.0; Win64; x64) AppleWebKit/537.36 (KHTML, like Gecko) Chrome/83.0.4103.61 Safari/537.36','2020-05-30 13:05:29'),(37,1,'USERS',0x6C6F67676564206F757420202E,'::1','Mozilla/5.0 (Windows NT 10.0; Win64; x64) AppleWebKit/537.36 (KHTML, like Gecko) Chrome/83.0.4103.61 Safari/537.36','2020-05-30 13:21:50'),(38,1,'USERS',0x6C6F6767656420696E202E,'::1','Mozilla/5.0 (Windows NT 10.0; Win64; x64) AppleWebKit/537.36 (KHTML, like Gecko) Chrome/83.0.4103.61 Safari/537.36','2020-05-30 14:51:14'),(39,1,'PERMISSIONS',0x75706461746564207065726D697373696F6E206F662053555045525F41444D494E,'::1','Mozilla/5.0 (Windows NT 10.0; Win64; x64) AppleWebKit/537.36 (KHTML, like Gecko) Chrome/83.0.4103.61 Safari/537.36','2020-05-30 15:40:27'),(40,1,'USERS',0x6C6F67676564206F757420202E,'::1','Mozilla/5.0 (Windows NT 10.0; Win64; x64) AppleWebKit/537.36 (KHTML, like Gecko) Chrome/83.0.4103.61 Safari/537.36','2020-05-31 06:46:43'),(41,1,'USERS',0x6C6F67676564206F757420202E,'::1','Mozilla/5.0 (Windows NT 10.0; Win64; x64) AppleWebKit/537.36 (KHTML, like Gecko) Chrome/83.0.4103.61 Safari/537.36','2020-05-31 09:57:28'),(42,1,'USERS',0x6C6F6767656420696E202E,'::1','Mozilla/5.0 (Windows NT 10.0; Win64; x64) AppleWebKit/537.36 (KHTML, like Gecko) Chrome/83.0.4103.61 Safari/537.36','2020-05-31 09:59:36'),(43,1,'USERS',0x6C6F67676564206F757420202E,'::1','Mozilla/5.0 (Windows NT 10.0; Win64; x64) AppleWebKit/537.36 (KHTML, like Gecko) Chrome/83.0.4103.61 Safari/537.36','2020-05-31 12:16:44'),(45,1,'USERS',0x6C6F6767656420696E202E,'::1','Mozilla/5.0 (Windows NT 10.0; Win64; x64) AppleWebKit/537.36 (KHTML, like Gecko) Chrome/83.0.4103.61 Safari/537.36','2020-06-01 01:46:34'),(46,1,'USERS',0x6C6F67676564206F757420202E,'::1','Mozilla/5.0 (Windows NT 10.0; Win64; x64) AppleWebKit/537.36 (KHTML, like Gecko) Chrome/83.0.4103.61 Safari/537.36','2020-06-01 02:52:14'),(47,1,'USERS',0x6C6F6767656420696E202E,'::1','Mozilla/5.0 (Windows NT 10.0; Win64; x64) AppleWebKit/537.36 (KHTML, like Gecko) Chrome/83.0.4103.61 Safari/537.36','2020-06-01 03:19:24'),(48,1,'USERS',0x6C6F67676564206F757420202E,'::1','Mozilla/5.0 (Windows NT 10.0; Win64; x64) AppleWebKit/537.36 (KHTML, like Gecko) Chrome/83.0.4103.61 Safari/537.36','2020-06-01 04:37:02'),(49,1,'USERS',0x6C6F6767656420696E202E,'::1','Mozilla/5.0 (Windows NT 10.0; Win64; x64) AppleWebKit/537.36 (KHTML, like Gecko) Chrome/83.0.4103.61 Safari/537.36','2020-06-01 05:10:41'),(50,1,'USERS',0x6C6F67676564206F757420202E,'::1','Mozilla/5.0 (Windows NT 10.0; Win64; x64) AppleWebKit/537.36 (KHTML, like Gecko) Chrome/83.0.4103.61 Safari/537.36','2020-06-01 06:44:27'),(51,1,'USERS',0x6C6F6767656420696E202E,'::1','Mozilla/5.0 (Windows NT 10.0; Win64; x64) AppleWebKit/537.36 (KHTML, like Gecko) Chrome/83.0.4103.61 Safari/537.36','2020-06-01 06:56:10'),(52,1,'PERMISSIONS',0x75706461746564207065726D697373696F6E206F662053555045525F41444D494E,'::1','Mozilla/5.0 (Windows NT 10.0; Win64; x64) AppleWebKit/537.36 (KHTML, like Gecko) Chrome/83.0.4103.61 Safari/537.36','2020-06-01 07:34:52'),(53,1,'USERS',0x6C6F67676564206F757420202E,'::1','Mozilla/5.0 (Windows NT 10.0; Win64; x64) AppleWebKit/537.36 (KHTML, like Gecko) Chrome/83.0.4103.61 Safari/537.36','2020-06-01 09:21:25'),(54,1,'USERS',0x6C6F6767656420696E202E,'::1','Mozilla/5.0 (Windows NT 10.0; Win64; x64) AppleWebKit/537.36 (KHTML, like Gecko) Chrome/83.0.4103.61 Safari/537.36','2020-06-01 09:44:57'),(55,1,'USERS',0x6C6F67676564206F757420202E,'::1','Mozilla/5.0 (Windows NT 10.0; Win64; x64) AppleWebKit/537.36 (KHTML, like Gecko) Chrome/83.0.4103.61 Safari/537.36','2020-06-01 11:14:01'),(56,1,'USERS',0x6C6F6767656420696E202E,'::1','Mozilla/5.0 (Windows NT 10.0; Win64; x64) AppleWebKit/537.36 (KHTML, like Gecko) Chrome/83.0.4103.61 Safari/537.36','2020-06-02 00:56:52'),(57,1,'USERS',0x6C6F67676564206F757420202E,'::1','Mozilla/5.0 (Windows NT 10.0; Win64; x64) AppleWebKit/537.36 (KHTML, like Gecko) Chrome/83.0.4103.61 Safari/537.36','2020-06-02 01:27:09'),(58,1,'USERS',0x6C6F6767656420696E202E,'::1','Mozilla/5.0 (Windows NT 10.0; Win64; x64) AppleWebKit/537.36 (KHTML, like Gecko) Chrome/83.0.4103.61 Safari/537.36','2020-06-02 01:28:37'),(59,1,'USERS',0x6C6F67676564206F757420202E,'::1','Mozilla/5.0 (Windows NT 10.0; Win64; x64) AppleWebKit/537.36 (KHTML, like Gecko) Chrome/83.0.4103.61 Safari/537.36','2020-06-02 04:29:13'),(60,1,'ROLES',0x637265617465642061206E6577207573657220726F6C652028204D45524348414E5420292E,'::1','Mozilla/5.0 (Windows NT 10.0; Win64; x64) AppleWebKit/537.36 (KHTML, like Gecko) Chrome/83.0.4103.61 Safari/537.36','2020-06-02 04:52:45'),(61,1,'USERS',0x637265617465642061206E65772075736572206163636F756E742028204D45524348414E542052495A414C20292E,'::1','Mozilla/5.0 (Windows NT 10.0; Win64; x64) AppleWebKit/537.36 (KHTML, like Gecko) Chrome/83.0.4103.61 Safari/537.36','2020-06-02 04:54:35'),(62,1,'USERS',0x6C6F67676564206F757420202E,'::1','Mozilla/5.0 (Windows NT 10.0; Win64; x64) AppleWebKit/537.36 (KHTML, like Gecko) Chrome/83.0.4103.61 Safari/537.36','2020-06-02 04:54:59'),(63,0,'USERS',0x6C6F6767656420696E204D45524348414E542052495A414C2E,'::1','Mozilla/5.0 (Windows NT 10.0; Win64; x64) AppleWebKit/537.36 (KHTML, like Gecko) Chrome/83.0.4103.61 Safari/537.36','2020-06-02 04:55:06'),(64,5,'USERS',0x6C6F67676564206F7574204D45524348414E542052495A414C2E,'::1','Mozilla/5.0 (Windows NT 10.0; Win64; x64) AppleWebKit/537.36 (KHTML, like Gecko) Chrome/83.0.4103.61 Safari/537.36','2020-06-02 04:55:15'),(65,5,'USERS',0x6C6F6767656420696E204D45524348414E542052495A414C2E,'::1','Mozilla/5.0 (Windows NT 10.0; Win64; x64) AppleWebKit/537.36 (KHTML, like Gecko) Chrome/83.0.4103.61 Safari/537.36','2020-06-02 04:55:18'),(66,5,'USERS',0x6D65726368616E74262333393B732070617373776F726420686173206265656E2075706461746564,'::1','Mozilla/5.0 (Windows NT 10.0; Win64; x64) AppleWebKit/537.36 (KHTML, like Gecko) Chrome/83.0.4103.61 Safari/537.36','2020-06-02 04:55:37'),(67,5,'USERS',0x6C6F67676564206F7574204D45524348414E542052495A414C2E,'::1','Mozilla/5.0 (Windows NT 10.0; Win64; x64) AppleWebKit/537.36 (KHTML, like Gecko) Chrome/83.0.4103.61 Safari/537.36','2020-06-02 04:56:24'),(68,1,'USERS',0x6C6F6767656420696E202E,'::1','Mozilla/5.0 (Windows NT 10.0; Win64; x64) AppleWebKit/537.36 (KHTML, like Gecko) Chrome/83.0.4103.61 Safari/537.36','2020-06-02 04:56:29'),(69,1,'PERMISSIONS',0x75706461746564207065726D697373696F6E206F66204D45524348414E54,'::1','Mozilla/5.0 (Windows NT 10.0; Win64; x64) AppleWebKit/537.36 (KHTML, like Gecko) Chrome/83.0.4103.61 Safari/537.36','2020-06-02 04:56:48'),(70,1,'USERS',0x6C6F67676564206F757420202E,'::1','Mozilla/5.0 (Windows NT 10.0; Win64; x64) AppleWebKit/537.36 (KHTML, like Gecko) Chrome/83.0.4103.61 Safari/537.36','2020-06-02 04:56:53'),(71,5,'USERS',0x6C6F6767656420696E204D45524348414E542052495A414C2E,'::1','Mozilla/5.0 (Windows NT 10.0; Win64; x64) AppleWebKit/537.36 (KHTML, like Gecko) Chrome/83.0.4103.61 Safari/537.36','2020-06-02 04:57:09'),(72,5,'USERS',0x6C6F67676564206F7574204D45524348414E542052495A414C2E,'::1','Mozilla/5.0 (Windows NT 10.0; Win64; x64) AppleWebKit/537.36 (KHTML, like Gecko) Chrome/83.0.4103.61 Safari/537.36','2020-06-02 05:20:32'),(73,5,'USERS',0x6C6F6767656420696E204D45524348414E542052495A414C2E,'::1','Mozilla/5.0 (Windows NT 10.0; Win64; x64) AppleWebKit/537.36 (KHTML, like Gecko) Chrome/83.0.4103.61 Safari/537.36','2020-06-02 05:20:53'),(74,5,'USERS',0x6C6F67676564206F7574204D45524348414E542052495A414C2E,'::1','Mozilla/5.0 (Windows NT 10.0; Win64; x64) AppleWebKit/537.36 (KHTML, like Gecko) Chrome/83.0.4103.61 Safari/537.36','2020-06-02 05:25:38'),(75,5,'USERS',0x6C6F67676564206F7574204D45524348414E542052495A414C2E,'::1','Mozilla/5.0 (Windows NT 10.0; Win64; x64) AppleWebKit/537.36 (KHTML, like Gecko) Chrome/83.0.4103.61 Safari/537.36','2020-06-02 05:25:43'),(76,1,'USERS',0x6C6F6767656420696E202E,'::1','Mozilla/5.0 (Windows NT 10.0; Win64; x64) AppleWebKit/537.36 (KHTML, like Gecko) Chrome/83.0.4103.61 Safari/537.36','2020-06-02 05:28:15'),(77,1,'USERS',0x6C6F67676564206F757420202E,'::1','Mozilla/5.0 (Windows NT 10.0; Win64; x64) AppleWebKit/537.36 (KHTML, like Gecko) Chrome/83.0.4103.61 Safari/537.36','2020-06-02 05:51:59'),(78,1,'USERS',0x6C6F6767656420696E202E,'::1','Mozilla/5.0 (Windows NT 10.0; Win64; x64) AppleWebKit/537.36 (KHTML, like Gecko) Chrome/83.0.4103.61 Safari/537.36','2020-06-02 05:55:47'),(79,1,'USERS',0x6C6F67676564206F757420202E,'::1','Mozilla/5.0 (Windows NT 10.0; Win64; x64) AppleWebKit/537.36 (KHTML, like Gecko) Chrome/83.0.4103.61 Safari/537.36','2020-06-02 10:48:17'),(80,1,'USERS',0x6C6F6767656420696E202E,'::1','Mozilla/5.0 (Windows NT 10.0; Win64; x64) AppleWebKit/537.36 (KHTML, like Gecko) Chrome/83.0.4103.61 Safari/537.36','2020-06-02 12:54:34'),(81,1,'USERS',0x6C6F67676564206F757420202E,'::1','Mozilla/5.0 (Windows NT 10.0; Win64; x64) AppleWebKit/537.36 (KHTML, like Gecko) Chrome/83.0.4103.61 Safari/537.36','2020-06-02 14:31:00'),(82,1,'USERS',0x6C6F67676564206F757420202E,'::1','Mozilla/5.0 (Windows NT 10.0; Win64; x64) AppleWebKit/537.36 (KHTML, like Gecko) Chrome/83.0.4103.61 Safari/537.36','2020-06-02 16:07:06'),(83,1,'USERS',0x6C6F67676564206F757420202E,'::1','Mozilla/5.0 (Windows NT 10.0; Win64; x64) AppleWebKit/537.36 (KHTML, like Gecko) Chrome/83.0.4103.61 Safari/537.36','2020-06-02 16:34:41'),(84,1,'USERS',0x6C6F6767656420696E202E,'::1','Mozilla/5.0 (Windows NT 10.0; Win64; x64) AppleWebKit/537.36 (KHTML, like Gecko) Chrome/83.0.4103.61 Safari/537.36','2020-06-03 05:27:29'),(85,1,'USERS',0x6C6F67676564206F757420202E,'::1','Mozilla/5.0 (Windows NT 10.0; Win64; x64) AppleWebKit/537.36 (KHTML, like Gecko) Chrome/83.0.4103.61 Safari/537.36','2020-06-03 06:28:29'),(86,1,'USERS',0x6C6F6767656420696E202E,'::1','Mozilla/5.0 (Windows NT 10.0; Win64; x64) AppleWebKit/537.36 (KHTML, like Gecko) Chrome/83.0.4103.61 Safari/537.36','2020-06-03 06:28:52'),(87,1,'USERS',0x6C6F67676564206F757420202E,'::1','Mozilla/5.0 (Windows NT 10.0; Win64; x64) AppleWebKit/537.36 (KHTML, like Gecko) Chrome/83.0.4103.61 Safari/537.36','2020-06-03 07:30:33'),(88,1,'USERS',0x6C6F67676564206F757420202E,'::1','Mozilla/5.0 (Windows NT 10.0; Win64; x64) AppleWebKit/537.36 (KHTML, like Gecko) Chrome/83.0.4103.61 Safari/537.36','2020-06-03 07:48:21'),(89,1,'USERS',0x6C6F6767656420696E202E,'::1','Mozilla/5.0 (Windows NT 10.0; Win64; x64) AppleWebKit/537.36 (KHTML, like Gecko) Chrome/83.0.4103.61 Safari/537.36','2020-06-03 07:57:30'),(90,1,'USERS',0x6C6F67676564206F757420202E,'::1','Mozilla/5.0 (Windows NT 10.0; Win64; x64) AppleWebKit/537.36 (KHTML, like Gecko) Chrome/83.0.4103.61 Safari/537.36','2020-06-03 09:15:13'),(91,1,'USERS',0x6C6F67676564206F757420202E,'::1','Mozilla/5.0 (Windows NT 10.0; Win64; x64) AppleWebKit/537.36 (KHTML, like Gecko) Chrome/83.0.4103.61 Safari/537.36','2020-06-03 09:47:43'),(92,1,'USERS',0x6C6F67676564206F757420202E,'::1','Mozilla/5.0 (Windows NT 10.0; Win64; x64) AppleWebKit/537.36 (KHTML, like Gecko) Chrome/83.0.4103.61 Safari/537.36','2020-06-03 09:57:42'),(93,1,'USERS',0x6C6F6767656420696E202E,'::1','Mozilla/5.0 (Windows NT 10.0; Win64; x64) AppleWebKit/537.36 (KHTML, like Gecko) Chrome/83.0.4103.61 Safari/537.36','2020-06-03 13:37:53'),(95,1,'USERS',0x6C6F6767656420696E202E,'::1','Mozilla/5.0 (Windows NT 10.0; Win64; x64) AppleWebKit/537.36 (KHTML, like Gecko) Chrome/83.0.4103.61 Safari/537.36','2020-06-04 08:53:35'),(96,1,'USERS',0x6C6F6767656420696E202E,'::1','Mozilla/5.0 (Windows NT 10.0; Win64; x64) AppleWebKit/537.36 (KHTML, like Gecko) Chrome/83.0.4103.61 Safari/537.36','2020-06-05 02:28:52'),(97,1,'USERS',0x6C6F67676564206F757420202E,'::1','Mozilla/5.0 (Windows NT 10.0; Win64; x64) AppleWebKit/537.36 (KHTML, like Gecko) Chrome/83.0.4103.61 Safari/537.36','2020-06-05 02:45:08'),(98,1,'USERS',0x6C6F6767656420696E202E,'::1','Mozilla/5.0 (Windows NT 10.0; Win64; x64) AppleWebKit/537.36 (KHTML, like Gecko) Chrome/83.0.4103.61 Safari/537.36','2020-06-05 02:56:11'),(99,1,'USERS',0x6C6F67676564206F757420202E,'::1','Mozilla/5.0 (Windows NT 10.0; Win64; x64) AppleWebKit/537.36 (KHTML, like Gecko) Chrome/83.0.4103.61 Safari/537.36','2020-06-05 03:13:55'),(100,1,'USERS',0x6C6F67676564206F757420202E,'::1','Mozilla/5.0 (Windows NT 10.0; Win64; x64) AppleWebKit/537.36 (KHTML, like Gecko) Chrome/83.0.4103.61 Safari/537.36','2020-06-05 03:34:06'),(101,1,'USERS',0x6C6F6767656420696E202E,'::1','Mozilla/5.0 (Windows NT 10.0; Win64; x64) AppleWebKit/537.36 (KHTML, like Gecko) Chrome/83.0.4103.61 Safari/537.36','2020-06-05 04:10:18'),(102,1,'USERS',0x6C6F67676564206F757420202E,'::1','Mozilla/5.0 (Windows NT 10.0; Win64; x64) AppleWebKit/537.36 (KHTML, like Gecko) Chrome/83.0.4103.61 Safari/537.36','2020-06-05 04:31:33'),(103,1,'USERS',0x6C6F6767656420696E202E,'::1','Mozilla/5.0 (Windows NT 10.0; Win64; x64) AppleWebKit/537.36 (KHTML, like Gecko) Chrome/83.0.4103.61 Safari/537.36','2020-06-05 08:03:44'),(104,1,'USERS',0x6C6F67676564206F757420202E,'::1','Mozilla/5.0 (Windows NT 10.0; Win64; x64) AppleWebKit/537.36 (KHTML, like Gecko) Chrome/83.0.4103.61 Safari/537.36','2020-06-05 08:23:27'),(105,1,'USERS',0x6C6F6767656420696E202E,'::1','Mozilla/5.0 (Windows NT 10.0; Win64; x64) AppleWebKit/537.36 (KHTML, like Gecko) Chrome/83.0.4103.61 Safari/537.36','2020-06-05 08:23:52'),(106,1,'USERS',0x6C6F67676564206F757420202E,'::1','Mozilla/5.0 (Windows NT 10.0; Win64; x64) AppleWebKit/537.36 (KHTML, like Gecko) Chrome/83.0.4103.61 Safari/537.36','2020-06-05 09:54:18'),(107,1,'USERS',0x6C6F6767656420696E202E,'::1','Mozilla/5.0 (Windows NT 10.0; Win64; x64) AppleWebKit/537.36 (KHTML, like Gecko) Chrome/83.0.4103.97 Safari/537.36','2020-06-05 12:20:24'),(108,1,'USERS',0x6C6F67676564206F757420202E,'::1','Mozilla/5.0 (Windows NT 10.0; Win64; x64) AppleWebKit/537.36 (KHTML, like Gecko) Chrome/83.0.4103.61 Safari/537.36','2020-06-06 10:32:32'),(109,1,'USERS',0x6C6F6767656420696E202E,'::1','Mozilla/5.0 (Windows NT 10.0; Win64; x64) AppleWebKit/537.36 (KHTML, like Gecko) Chrome/83.0.4103.61 Safari/537.36','2020-06-06 10:36:16'),(110,1,'USERS',0x6C6F6767656420696E202E,'::1','Mozilla/5.0 (Windows NT 10.0; Win64; x64) AppleWebKit/537.36 (KHTML, like Gecko) Chrome/83.0.4103.61 Safari/537.36','2020-06-07 05:26:30'),(111,1,'PERMISSIONS',0x75706461746564207065726D697373696F6E206F662053555045525F41444D494E,'::1','Mozilla/5.0 (Windows NT 10.0; Win64; x64) AppleWebKit/537.36 (KHTML, like Gecko) Chrome/83.0.4103.61 Safari/537.36','2020-06-07 05:56:59'),(112,1,'USERS',0x6C6F67676564206F757420202E,'::1','Mozilla/5.0 (Windows NT 10.0; Win64; x64) AppleWebKit/537.36 (KHTML, like Gecko) Chrome/83.0.4103.61 Safari/537.36','2020-06-07 05:57:06'),(113,1,'USERS',0x6C6F6767656420696E202E,'::1','Mozilla/5.0 (Windows NT 10.0; Win64; x64) AppleWebKit/537.36 (KHTML, like Gecko) Chrome/83.0.4103.61 Safari/537.36','2020-06-07 05:57:09'),(114,1,'PERMISSIONS',0x75706461746564207065726D697373696F6E206F662053555045525F41444D494E,'::1','Mozilla/5.0 (Windows NT 10.0; Win64; x64) AppleWebKit/537.36 (KHTML, like Gecko) Chrome/83.0.4103.61 Safari/537.36','2020-06-07 06:22:18'),(115,1,'USERS',0x6C6F67676564206F757420202E,'::1','Mozilla/5.0 (Windows NT 10.0; Win64; x64) AppleWebKit/537.36 (KHTML, like Gecko) Chrome/83.0.4103.61 Safari/537.36','2020-06-07 06:22:21'),(116,1,'USERS',0x6C6F6767656420696E202E,'::1','Mozilla/5.0 (Windows NT 10.0; Win64; x64) AppleWebKit/537.36 (KHTML, like Gecko) Chrome/83.0.4103.61 Safari/537.36','2020-06-07 06:22:24'),(117,1,'PERMISSIONS',0x75706461746564207065726D697373696F6E206F662053555045525F41444D494E,'::1','Mozilla/5.0 (Windows NT 10.0; Win64; x64) AppleWebKit/537.36 (KHTML, like Gecko) Chrome/83.0.4103.61 Safari/537.36','2020-06-07 06:24:30'),(118,1,'USERS',0x6C6F67676564206F757420202E,'::1','Mozilla/5.0 (Windows NT 10.0; Win64; x64) AppleWebKit/537.36 (KHTML, like Gecko) Chrome/83.0.4103.61 Safari/537.36','2020-06-07 06:24:33'),(119,1,'USERS',0x6C6F6767656420696E202E,'::1','Mozilla/5.0 (Windows NT 10.0; Win64; x64) AppleWebKit/537.36 (KHTML, like Gecko) Chrome/83.0.4103.61 Safari/537.36','2020-06-07 06:24:36'),(120,1,'PERMISSIONS',0x75706461746564207065726D697373696F6E206F662053555045525F41444D494E,'::1','Mozilla/5.0 (Windows NT 10.0; Win64; x64) AppleWebKit/537.36 (KHTML, like Gecko) Chrome/83.0.4103.61 Safari/537.36','2020-06-07 06:27:25'),(121,1,'PERMISSIONS',0x75706461746564207065726D697373696F6E206F662053555045525F41444D494E,'::1','Mozilla/5.0 (Windows NT 10.0; Win64; x64) AppleWebKit/537.36 (KHTML, like Gecko) Chrome/83.0.4103.61 Safari/537.36','2020-06-07 06:42:16'),(122,1,'USERS',0x6C6F67676564206F757420202E,'::1','Mozilla/5.0 (Windows NT 10.0; Win64; x64) AppleWebKit/537.36 (KHTML, like Gecko) Chrome/83.0.4103.61 Safari/537.36','2020-06-07 06:42:19'),(123,1,'USERS',0x6C6F6767656420696E202E,'::1','Mozilla/5.0 (Windows NT 10.0; Win64; x64) AppleWebKit/537.36 (KHTML, like Gecko) Chrome/83.0.4103.61 Safari/537.36','2020-06-07 06:42:22'),(124,1,'USERS',0x6C6F67676564206F757420202E,'::1','Mozilla/5.0 (Windows NT 10.0; Win64; x64) AppleWebKit/537.36 (KHTML, like Gecko) Chrome/83.0.4103.61 Safari/537.36','2020-06-07 07:16:39'),(125,1,'USERS',0x6C6F6767656420696E202E,'::1','Mozilla/5.0 (Windows NT 10.0; Win64; x64) AppleWebKit/537.36 (KHTML, like Gecko) Chrome/83.0.4103.61 Safari/537.36','2020-06-07 07:44:16'),(126,1,'USERS',0x6C6F67676564206F757420202E,'::1','Mozilla/5.0 (Windows NT 10.0; Win64; x64) AppleWebKit/537.36 (KHTML, like Gecko) Chrome/83.0.4103.61 Safari/537.36','2020-06-07 08:47:24'),(127,1,'USERS',0x6C6F67676564206F757420202E,'::1','Mozilla/5.0 (Windows NT 10.0; Win64; x64) AppleWebKit/537.36 (KHTML, like Gecko) Chrome/83.0.4103.61 Safari/537.36','2020-06-07 09:17:20'),(128,1,'USERS',0x6C6F6767656420696E202E,'::1','Mozilla/5.0 (Windows NT 10.0; Win64; x64) AppleWebKit/537.36 (KHTML, like Gecko) Chrome/83.0.4103.61 Safari/537.36','2020-06-07 09:20:46'),(129,1,'USERS',0x6C6F67676564206F757420202E,'::1','Mozilla/5.0 (Windows NT 10.0; Win64; x64) AppleWebKit/537.36 (KHTML, like Gecko) Chrome/83.0.4103.61 Safari/537.36','2020-06-07 09:42:43'),(130,1,'USERS',0x6C6F6767656420696E202E,'::1','Mozilla/5.0 (Windows NT 10.0; Win64; x64) AppleWebKit/537.36 (KHTML, like Gecko) Chrome/83.0.4103.61 Safari/537.36','2020-06-07 09:52:17'),(131,1,'USERS',0x6C6F67676564206F757420202E,'::1','Mozilla/5.0 (Windows NT 10.0; Win64; x64) AppleWebKit/537.36 (KHTML, like Gecko) Chrome/83.0.4103.61 Safari/537.36','2020-06-07 10:55:05'),(132,1,'USERS',0x6C6F6767656420696E202E,'::1','Mozilla/5.0 (Windows NT 10.0; Win64; x64) AppleWebKit/537.36 (KHTML, like Gecko) Chrome/83.0.4103.61 Safari/537.36','2020-06-07 10:55:10'),(133,1,'USERS',0x64656C6574656420612075736572206163636F756E742028202020292E,'::1','Mozilla/5.0 (Windows NT 10.0; Win64; x64) AppleWebKit/537.36 (KHTML, like Gecko) Chrome/83.0.4103.61 Safari/537.36','2020-06-07 10:55:20'),(134,1,'USERS',0x64656C6574656420612075736572206163636F756E742028202020292E,'::1','Mozilla/5.0 (Windows NT 10.0; Win64; x64) AppleWebKit/537.36 (KHTML, like Gecko) Chrome/83.0.4103.61 Safari/537.36','2020-06-07 10:55:23'),(135,1,'USERS',0x64656C6574656420612075736572206163636F756E742028202020292E,'::1','Mozilla/5.0 (Windows NT 10.0; Win64; x64) AppleWebKit/537.36 (KHTML, like Gecko) Chrome/83.0.4103.61 Safari/537.36','2020-06-07 10:55:27'),(136,1,'ROLES',0x64656C65746564206120726F6C65202820426172616E67617920537461666620292E,'::1','Mozilla/5.0 (Windows NT 10.0; Win64; x64) AppleWebKit/537.36 (KHTML, like Gecko) Chrome/83.0.4103.61 Safari/537.36','2020-06-07 10:56:28'),(137,1,'ROLES',0x64656C65746564206120726F6C6520282054657374657220292E,'::1','Mozilla/5.0 (Windows NT 10.0; Win64; x64) AppleWebKit/537.36 (KHTML, like Gecko) Chrome/83.0.4103.61 Safari/537.36','2020-06-07 10:56:40'),(138,1,'ROLES',0x637265617465642061206E6577207573657220726F6C6520282073757065722E74656C6C657220292E,'::1','Mozilla/5.0 (Windows NT 10.0; Win64; x64) AppleWebKit/537.36 (KHTML, like Gecko) Chrome/83.0.4103.61 Safari/537.36','2020-06-07 10:57:18'),(139,1,'ROLES',0x7570646174656420726F6C652064657461696C7320282073757065722E74656C6C657220292E,'::1','Mozilla/5.0 (Windows NT 10.0; Win64; x64) AppleWebKit/537.36 (KHTML, like Gecko) Chrome/83.0.4103.61 Safari/537.36','2020-06-07 10:57:56'),(140,1,'ROLES',0x7570646174656420726F6C652064657461696C7320282053555045522054454C4C455220292E,'::1','Mozilla/5.0 (Windows NT 10.0; Win64; x64) AppleWebKit/537.36 (KHTML, like Gecko) Chrome/83.0.4103.61 Safari/537.36','2020-06-07 10:58:55'),(141,1,'ROLES',0x7570646174656420726F6C652064657461696C7320282053555045522054454C4C455220292E,'::1','Mozilla/5.0 (Windows NT 10.0; Win64; x64) AppleWebKit/537.36 (KHTML, like Gecko) Chrome/83.0.4103.61 Safari/537.36','2020-06-07 11:04:55'),(142,1,'PERMISSIONS',0x75706461746564207065726D697373696F6E206F662053555045525F54454C4C4552,'::1','Mozilla/5.0 (Windows NT 10.0; Win64; x64) AppleWebKit/537.36 (KHTML, like Gecko) Chrome/83.0.4103.61 Safari/537.36','2020-06-07 11:07:29'),(143,1,'USERS',0x6C6F67676564206F757420202E,'::1','Mozilla/5.0 (Windows NT 10.0; Win64; x64) AppleWebKit/537.36 (KHTML, like Gecko) Chrome/83.0.4103.61 Safari/537.36','2020-06-07 11:07:32'),(144,1,'USERS',0x6C6F6767656420696E202E,'::1','Mozilla/5.0 (Windows NT 10.0; Win64; x64) AppleWebKit/537.36 (KHTML, like Gecko) Chrome/83.0.4103.61 Safari/537.36','2020-06-07 11:08:01'),(145,1,'USERS',0x637265617465642061206E65772075736572206163636F756E7420282053555045522054454C4C455220292E,'::1','Mozilla/5.0 (Windows NT 10.0; Win64; x64) AppleWebKit/537.36 (KHTML, like Gecko) Chrome/83.0.4103.61 Safari/537.36','2020-06-07 11:09:20'),(146,1,'USERS',0x6C6F67676564206F757420202E,'::1','Mozilla/5.0 (Windows NT 10.0; Win64; x64) AppleWebKit/537.36 (KHTML, like Gecko) Chrome/83.0.4103.61 Safari/537.36','2020-06-07 11:10:16'),(147,0,'USERS',0x6C6F6767656420696E2053555045522054454C4C45522E,'::1','Mozilla/5.0 (Windows NT 10.0; Win64; x64) AppleWebKit/537.36 (KHTML, like Gecko) Chrome/83.0.4103.61 Safari/537.36','2020-06-07 11:10:25'),(148,6,'USERS',0x6C6F67676564206F75742053555045522054454C4C45522E,'::1','Mozilla/5.0 (Windows NT 10.0; Win64; x64) AppleWebKit/537.36 (KHTML, like Gecko) Chrome/83.0.4103.61 Safari/537.36','2020-06-07 11:10:28'),(149,6,'USERS',0x6C6F6767656420696E2053555045522054454C4C45522E,'::1','Mozilla/5.0 (Windows NT 10.0; Win64; x64) AppleWebKit/537.36 (KHTML, like Gecko) Chrome/83.0.4103.61 Safari/537.36','2020-06-07 11:10:28'),(150,6,'USERS',0x73757065722E74656C6C6572262333393B732070617373776F726420686173206265656E2075706461746564,'::1','Mozilla/5.0 (Windows NT 10.0; Win64; x64) AppleWebKit/537.36 (KHTML, like Gecko) Chrome/83.0.4103.61 Safari/537.36','2020-06-07 11:10:41'),(151,6,'GENERAL_LEDGER_TYPE',0x474C2054797065203720686173206265656E207570646174656420696E207468652073797374656D2E,'::1','Mozilla/5.0 (Windows NT 10.0; Win64; x64) AppleWebKit/537.36 (KHTML, like Gecko) Chrome/83.0.4103.61 Safari/537.36','2020-06-07 11:47:53'),(152,6,'GENERAL_LEDGER_TYPE',0x474C205479706520313020686173206265656E207570646174656420696E207468652073797374656D2E,'::1','Mozilla/5.0 (Windows NT 10.0; Win64; x64) AppleWebKit/537.36 (KHTML, like Gecko) Chrome/83.0.4103.61 Safari/537.36','2020-06-07 11:48:10'),(153,6,'GENERAL_LEDGER_TYPE',0x474C2054797065203020686173206265656E20616464656420696E207468652073797374656D2E,'::1','Mozilla/5.0 (Windows NT 10.0; Win64; x64) AppleWebKit/537.36 (KHTML, like Gecko) Chrome/83.0.4103.61 Safari/537.36','2020-06-07 12:13:32'),(154,6,'GENERAL_LEDGER_TYPE',0x474C205479706520313120686173206265656E207570646174656420696E207468652073797374656D2E,'::1','Mozilla/5.0 (Windows NT 10.0; Win64; x64) AppleWebKit/537.36 (KHTML, like Gecko) Chrome/83.0.4103.61 Safari/537.36','2020-06-07 12:17:10'),(155,6,'USERS',0x6C6F67676564206F75742053555045522054454C4C45522E,'::1','Mozilla/5.0 (Windows NT 10.0; Win64; x64) AppleWebKit/537.36 (KHTML, like Gecko) Chrome/83.0.4103.61 Safari/537.36','2020-06-07 12:33:54'),(156,1,'USERS',0x6C6F67676564206F757420202E,'::1','Mozilla/5.0 (Windows NT 10.0; Win64; x64) AppleWebKit/537.36 (KHTML, like Gecko) Chrome/83.0.4103.61 Safari/537.36','2020-06-07 14:41:31'),(157,6,'USERS',0x6C6F6767656420696E2053555045522054454C4C45522E,'::1','Mozilla/5.0 (Windows NT 10.0; Win64; x64) AppleWebKit/537.36 (KHTML, like Gecko) Chrome/83.0.4103.61 Safari/537.36','2020-06-07 14:41:45'),(158,6,'USERS',0x6C6F67676564206F75742053555045522054454C4C45522E,'::1','Mozilla/5.0 (Windows NT 10.0; Win64; x64) AppleWebKit/537.36 (KHTML, like Gecko) Chrome/83.0.4103.61 Safari/537.36','2020-06-07 14:43:23'),(159,6,'USERS',0x6C6F6767656420696E2053555045522054454C4C45522E,'::1','Mozilla/5.0 (Windows NT 10.0; Win64; x64) AppleWebKit/537.36 (KHTML, like Gecko) Chrome/83.0.4103.61 Safari/537.36','2020-06-07 14:43:26'),(160,6,'USERS',0x6C6F67676564206F75742053555045522054454C4C45522E,'::1','Mozilla/5.0 (Windows NT 10.0; Win64; x64) AppleWebKit/537.36 (KHTML, like Gecko) Chrome/83.0.4103.61 Safari/537.36','2020-06-07 14:44:15'),(161,6,'USERS',0x6C6F6767656420696E2053555045522054454C4C45522E,'::1','Mozilla/5.0 (Windows NT 10.0; Win64; x64) AppleWebKit/537.36 (KHTML, like Gecko) Chrome/83.0.4103.61 Safari/537.36','2020-06-07 14:46:17'),(162,6,'USERS',0x6C6F67676564206F75742053555045522054454C4C45522E,'::1','Mozilla/5.0 (Windows NT 10.0; Win64; x64) AppleWebKit/537.36 (KHTML, like Gecko) Chrome/83.0.4103.61 Safari/537.36','2020-06-07 14:48:20'),(163,1,'USERS',0x6C6F6767656420696E202E,'::1','Mozilla/5.0 (Windows NT 10.0; Win64; x64) AppleWebKit/537.36 (KHTML, like Gecko) Chrome/83.0.4103.61 Safari/537.36','2020-06-07 14:48:38'),(164,1,'GENERAL_LEDGER_TYPE',0x474C205479706520313020686173206265656E207570646174656420696E207468652073797374656D2E,'::1','Mozilla/5.0 (Windows NT 10.0; Win64; x64) AppleWebKit/537.36 (KHTML, like Gecko) Chrome/83.0.4103.61 Safari/537.36','2020-06-07 15:00:28'),(165,1,'USERS',0x6C6F67676564206F757420202E,'::1','Mozilla/5.0 (Windows NT 10.0; Win64; x64) AppleWebKit/537.36 (KHTML, like Gecko) Chrome/83.0.4103.61 Safari/537.36','2020-06-07 15:04:52'),(166,1,'USERS',0x6C6F6767656420696E202E,'::1','Mozilla/5.0 (Windows NT 10.0; Win64; x64) AppleWebKit/537.36 (KHTML, like Gecko) Chrome/83.0.4103.61 Safari/537.36','2020-06-07 15:04:56'),(167,1,'PERMISSIONS',0x75706461746564207065726D697373696F6E206F662053555045525F54454C4C4552,'::1','Mozilla/5.0 (Windows NT 10.0; Win64; x64) AppleWebKit/537.36 (KHTML, like Gecko) Chrome/83.0.4103.61 Safari/537.36','2020-06-07 15:05:23'),(168,1,'PERMISSIONS',0x75706461746564207065726D697373696F6E206F662053555045525F41444D494E,'::1','Mozilla/5.0 (Windows NT 10.0; Win64; x64) AppleWebKit/537.36 (KHTML, like Gecko) Chrome/83.0.4103.61 Safari/537.36','2020-06-07 15:05:40'),(169,1,'USERS',0x6C6F67676564206F757420202E,'::1','Mozilla/5.0 (Windows NT 10.0; Win64; x64) AppleWebKit/537.36 (KHTML, like Gecko) Chrome/83.0.4103.61 Safari/537.36','2020-06-07 15:05:44'),(170,1,'USERS',0x6C6F6767656420696E202E,'::1','Mozilla/5.0 (Windows NT 10.0; Win64; x64) AppleWebKit/537.36 (KHTML, like Gecko) Chrome/83.0.4103.61 Safari/537.36','2020-06-07 15:05:47'),(171,1,'PERMISSIONS',0x75706461746564207065726D697373696F6E206F662053555045525F54454C4C4552,'::1','Mozilla/5.0 (Windows NT 10.0; Win64; x64) AppleWebKit/537.36 (KHTML, like Gecko) Chrome/83.0.4103.61 Safari/537.36','2020-06-07 15:07:30'),(172,1,'USERS',0x6C6F67676564206F757420202E,'::1','Mozilla/5.0 (Windows NT 10.0; Win64; x64) AppleWebKit/537.36 (KHTML, like Gecko) Chrome/83.0.4103.61 Safari/537.36','2020-06-07 15:07:34'),(173,6,'USERS',0x6C6F6767656420696E2053555045522054454C4C45522E,'::1','Mozilla/5.0 (Windows NT 10.0; Win64; x64) AppleWebKit/537.36 (KHTML, like Gecko) Chrome/83.0.4103.61 Safari/537.36','2020-06-07 15:07:43'),(174,6,'USERS',0x6C6F67676564206F75742053555045522054454C4C45522E,'::1','Mozilla/5.0 (Windows NT 10.0; Win64; x64) AppleWebKit/537.36 (KHTML, like Gecko) Chrome/83.0.4103.61 Safari/537.36','2020-06-07 15:35:43'),(175,6,'USERS',0x6C6F6767656420696E2053555045522054454C4C45522E,'::1','Mozilla/5.0 (Windows NT 10.0; Win64; x64) AppleWebKit/537.36 (KHTML, like Gecko) Chrome/83.0.4103.61 Safari/537.36','2020-06-08 05:35:05'),(176,6,'USERS',0x6C6F67676564206F75742053555045522054454C4C45522E,'::1','Mozilla/5.0 (Windows NT 10.0; Win64; x64) AppleWebKit/537.36 (KHTML, like Gecko) Chrome/83.0.4103.61 Safari/537.36','2020-06-08 05:38:15'),(177,1,'USERS',0x6C6F6767656420696E202E,'::1','Mozilla/5.0 (Windows NT 10.0; Win64; x64) AppleWebKit/537.36 (KHTML, like Gecko) Chrome/83.0.4103.61 Safari/537.36','2020-06-08 05:40:50'),(178,1,'PERMISSIONS',0x75706461746564207065726D697373696F6E206F662053555045525F54454C4C4552,'::1','Mozilla/5.0 (Windows NT 10.0; Win64; x64) AppleWebKit/537.36 (KHTML, like Gecko) Chrome/83.0.4103.61 Safari/537.36','2020-06-08 05:41:15'),(179,1,'USERS',0x6C6F67676564206F757420202E,'::1','Mozilla/5.0 (Windows NT 10.0; Win64; x64) AppleWebKit/537.36 (KHTML, like Gecko) Chrome/83.0.4103.61 Safari/537.36','2020-06-08 05:41:19'),(180,6,'USERS',0x6C6F6767656420696E2053555045522054454C4C45522E,'::1','Mozilla/5.0 (Windows NT 10.0; Win64; x64) AppleWebKit/537.36 (KHTML, like Gecko) Chrome/83.0.4103.61 Safari/537.36','2020-06-08 05:41:24'),(181,6,'GENERAL_LEDGER_SORT',0x474C20536F7274203020686173206265656E20616464656420696E207468652073797374656D2E,'::1','Mozilla/5.0 (Windows NT 10.0; Win64; x64) AppleWebKit/537.36 (KHTML, like Gecko) Chrome/83.0.4103.61 Safari/537.36','2020-06-08 05:48:49'),(182,6,'GENERAL_LEDGER_SORT',0x474C20536F7274203020686173206265656E20616464656420696E207468652073797374656D2E,'::1','Mozilla/5.0 (Windows NT 10.0; Win64; x64) AppleWebKit/537.36 (KHTML, like Gecko) Chrome/83.0.4103.61 Safari/537.36','2020-06-08 05:57:33'),(183,6,'GENERAL_LEDGER_SORT',0x474C20536F7274203020686173206265656E20616464656420696E207468652073797374656D2E,'::1','Mozilla/5.0 (Windows NT 10.0; Win64; x64) AppleWebKit/537.36 (KHTML, like Gecko) Chrome/83.0.4103.61 Safari/537.36','2020-06-08 05:57:48'),(184,6,'USERS',0x6C6F6767656420696E2053555045522054454C4C45522E,'::1','Mozilla/5.0 (Windows NT 10.0; Win64; x64) AppleWebKit/537.36 (KHTML, like Gecko) Chrome/83.0.4103.61 Safari/537.36','2020-06-08 06:17:36'),(185,6,'GENERAL_LEDGER_SORT',0x474C20536F7274203220686173206265656E207570646174656420696E207468652073797374656D2E,'::1','Mozilla/5.0 (Windows NT 10.0; Win64; x64) AppleWebKit/537.36 (KHTML, like Gecko) Chrome/83.0.4103.61 Safari/537.36','2020-06-08 06:22:45'),(186,6,'GENERAL_LEDGER_SORT',0x474C20536F7274203220686173206265656E207570646174656420696E207468652073797374656D2E,'::1','Mozilla/5.0 (Windows NT 10.0; Win64; x64) AppleWebKit/537.36 (KHTML, like Gecko) Chrome/83.0.4103.61 Safari/537.36','2020-06-08 06:22:51'),(187,6,'GENERAL_LEDGER_SORT',0x474C20536F7274203120686173206265656E207570646174656420696E207468652073797374656D2E,'::1','Mozilla/5.0 (Windows NT 10.0; Win64; x64) AppleWebKit/537.36 (KHTML, like Gecko) Chrome/83.0.4103.61 Safari/537.36','2020-06-08 06:23:00'),(188,6,'GENERAL_LEDGER_ACCOUNTS',0x474C204163636F756E74203020686173206265656E20616464656420696E207468652073797374656D2E,'::1','Mozilla/5.0 (Windows NT 10.0; Win64; x64) AppleWebKit/537.36 (KHTML, like Gecko) Chrome/83.0.4103.61 Safari/537.36','2020-06-08 07:27:04'),(189,6,'GENERAL_LEDGER_ACCOUNTS',0x474C204163636F756E74203120686173206265656E207570646174656420696E207468652073797374656D2E,'::1','Mozilla/5.0 (Windows NT 10.0; Win64; x64) AppleWebKit/537.36 (KHTML, like Gecko) Chrome/83.0.4103.61 Safari/537.36','2020-06-08 07:28:27'),(190,6,'GENERAL_LEDGER_ACCOUNTS',0x474C204163636F756E74203120686173206265656E207570646174656420696E207468652073797374656D2E,'::1','Mozilla/5.0 (Windows NT 10.0; Win64; x64) AppleWebKit/537.36 (KHTML, like Gecko) Chrome/83.0.4103.61 Safari/537.36','2020-06-08 07:34:45'),(191,6,'GENERAL_LEDGER_ACCOUNTS',0x474C204163636F756E74203120686173206265656E207570646174656420696E207468652073797374656D2E,'::1','Mozilla/5.0 (Windows NT 10.0; Win64; x64) AppleWebKit/537.36 (KHTML, like Gecko) Chrome/83.0.4103.61 Safari/537.36','2020-06-08 07:36:04'),(192,6,'USERS',0x6C6F6767656420696E2053555045522054454C4C45522E,'::1','Mozilla/5.0 (Windows NT 10.0; Win64; x64) AppleWebKit/537.36 (KHTML, like Gecko) Chrome/83.0.4103.61 Safari/537.36','2020-06-08 14:38:28'),(193,6,'USERS',0x6C6F67676564206F75742053555045522054454C4C45522E,'::1','Mozilla/5.0 (Windows NT 10.0; Win64; x64) AppleWebKit/537.36 (KHTML, like Gecko) Chrome/83.0.4103.61 Safari/537.36','2020-06-08 15:10:43'),(194,6,'USERS',0x6C6F67676564206F75742053555045522054454C4C45522E,'::1','Mozilla/5.0 (Windows NT 10.0; Win64; x64) AppleWebKit/537.36 (KHTML, like Gecko) Chrome/83.0.4103.61 Safari/537.36','2020-06-08 15:16:05'),(195,1,'USERS',0x6C6F6767656420696E202E,'::1','Mozilla/5.0 (Windows NT 10.0; Win64; x64) AppleWebKit/537.36 (KHTML, like Gecko) Chrome/83.0.4103.61 Safari/537.36','2020-06-08 15:16:17'),(196,1,'PERMISSIONS',0x75706461746564207065726D697373696F6E206F662053555045525F54454C4C4552,'::1','Mozilla/5.0 (Windows NT 10.0; Win64; x64) AppleWebKit/537.36 (KHTML, like Gecko) Chrome/83.0.4103.61 Safari/537.36','2020-06-08 15:24:43'),(197,1,'USERS',0x6C6F67676564206F757420202E,'::1','Mozilla/5.0 (Windows NT 10.0; Win64; x64) AppleWebKit/537.36 (KHTML, like Gecko) Chrome/83.0.4103.61 Safari/537.36','2020-06-08 15:24:50'),(198,1,'USERS',0x6C6F6767656420696E202E,'::1','Mozilla/5.0 (Windows NT 10.0; Win64; x64) AppleWebKit/537.36 (KHTML, like Gecko) Chrome/83.0.4103.61 Safari/537.36','2020-06-08 15:25:00'),(199,1,'USERS',0x6C6F67676564206F757420202E,'::1','Mozilla/5.0 (Windows NT 10.0; Win64; x64) AppleWebKit/537.36 (KHTML, like Gecko) Chrome/83.0.4103.61 Safari/537.36','2020-06-08 15:25:20'),(200,6,'USERS',0x6C6F6767656420696E2053555045522054454C4C45522E,'::1','Mozilla/5.0 (Windows NT 10.0; Win64; x64) AppleWebKit/537.36 (KHTML, like Gecko) Chrome/83.0.4103.61 Safari/537.36','2020-06-08 15:25:27'),(201,6,'USERS',0x6C6F6767656420696E2053555045522054454C4C45522E,'::1','Mozilla/5.0 (Windows NT 10.0; Win64; x64) AppleWebKit/537.36 (KHTML, like Gecko) Chrome/83.0.4103.61 Safari/537.36','2020-06-08 15:27:26'),(202,6,'FILE_MAINTENANCE_HOLIDAYS',0x486F6C69646179203620686173206265656E20616464656420696E207468652073797374656D2E,'::1','Mozilla/5.0 (Windows NT 10.0; Win64; x64) AppleWebKit/537.36 (KHTML, like Gecko) Chrome/83.0.4103.61 Safari/537.36','2020-06-08 16:22:44'),(203,6,'FILE_MAINTENANCE_HOLIDAYS',0x486F6C69646179203620686173206265656E207570646174656420696E207468652073797374656D2E,'::1','Mozilla/5.0 (Windows NT 10.0; Win64; x64) AppleWebKit/537.36 (KHTML, like Gecko) Chrome/83.0.4103.61 Safari/537.36','2020-06-08 16:24:24'),(204,6,'FILE_MAINTENANCE_HOLIDAYS',0x486F6C69646179203720686173206265656E20616464656420696E207468652073797374656D2E,'::1','Mozilla/5.0 (Windows NT 10.0; Win64; x64) AppleWebKit/537.36 (KHTML, like Gecko) Chrome/83.0.4103.61 Safari/537.36','2020-06-08 16:25:07'),(205,1,'USERS',0x6C6F6767656420696E202E,'::1','Mozilla/5.0 (Windows NT 10.0; Win64; x64) AppleWebKit/537.36 (KHTML, like Gecko) Chrome/83.0.4103.61 Safari/537.36','2020-06-09 02:43:08'),(206,1,'USERS',0x6C6F67676564206F757420202E,'::1','Mozilla/5.0 (Windows NT 10.0; Win64; x64) AppleWebKit/537.36 (KHTML, like Gecko) Chrome/83.0.4103.61 Safari/537.36','2020-06-09 02:45:44'),(207,6,'USERS',0x6C6F6767656420696E2053555045522054454C4C45522E,'::1','Mozilla/5.0 (Windows NT 10.0; Win64; x64) AppleWebKit/537.36 (KHTML, like Gecko) Chrome/83.0.4103.61 Safari/537.36','2020-06-09 02:45:57'),(208,6,'USERS',0x6C6F6767656420696E2053555045522054454C4C45522E,'::1','Mozilla/5.0 (Windows NT 10.0; Win64; x64) AppleWebKit/537.36 (KHTML, like Gecko) Chrome/83.0.4103.61 Safari/537.36','2020-06-09 02:57:58'),(209,6,'FILE_MAINTENANCE_HOLIDAYS',0x486F6C69646179203820686173206265656E20616464656420696E207468652073797374656D2E,'::1','Mozilla/5.0 (Windows NT 10.0; Win64; x64) AppleWebKit/537.36 (KHTML, like Gecko) Chrome/83.0.4103.61 Safari/537.36','2020-06-09 03:22:38'),(210,6,'USERS',0x6C6F67676564206F75742053555045522054454C4C45522E,'::1','Mozilla/5.0 (Windows NT 10.0; Win64; x64) AppleWebKit/537.36 (KHTML, like Gecko) Chrome/83.0.4103.61 Safari/537.36','2020-06-09 03:58:12'),(211,1,'USERS',0x6C6F6767656420696E202E,'::1','Mozilla/5.0 (Windows NT 10.0; Win64; x64) AppleWebKit/537.36 (KHTML, like Gecko) Chrome/83.0.4103.61 Safari/537.36','2020-06-09 03:58:20'),(212,1,'PERMISSIONS',0x75706461746564207065726D697373696F6E206F662053555045525F54454C4C4552,'::1','Mozilla/5.0 (Windows NT 10.0; Win64; x64) AppleWebKit/537.36 (KHTML, like Gecko) Chrome/83.0.4103.61 Safari/537.36','2020-06-09 03:58:39'),(213,1,'PERMISSIONS',0x75706461746564207065726D697373696F6E206F662053555045525F54454C4C4552,'::1','Mozilla/5.0 (Windows NT 10.0; Win64; x64) AppleWebKit/537.36 (KHTML, like Gecko) Chrome/83.0.4103.61 Safari/537.36','2020-06-09 03:59:47'),(214,1,'USERS',0x6C6F67676564206F757420202E,'::1','Mozilla/5.0 (Windows NT 10.0; Win64; x64) AppleWebKit/537.36 (KHTML, like Gecko) Chrome/83.0.4103.61 Safari/537.36','2020-06-09 03:59:52'),(215,6,'USERS',0x6C6F6767656420696E2053555045522054454C4C45522E,'::1','Mozilla/5.0 (Windows NT 10.0; Win64; x64) AppleWebKit/537.36 (KHTML, like Gecko) Chrome/83.0.4103.61 Safari/537.36','2020-06-09 03:59:57'),(216,6,'USERS',0x6C6F6767656420696E2053555045522054454C4C45522E,'::1','Mozilla/5.0 (Windows NT 10.0; Win64; x64) AppleWebKit/537.36 (KHTML, like Gecko) Chrome/83.0.4103.97 Safari/537.36','2020-06-09 14:31:56'),(217,6,'USERS',0x6C6F67676564206F75742053555045522054454C4C45522E,'::1','Mozilla/5.0 (Windows NT 10.0; Win64; x64) AppleWebKit/537.36 (KHTML, like Gecko) Chrome/83.0.4103.97 Safari/537.36','2020-06-09 14:48:21'),(218,6,'USERS',0x6C6F6767656420696E2053555045522054454C4C45522E,'::1','Mozilla/5.0 (Windows NT 10.0; Win64; x64) AppleWebKit/537.36 (KHTML, like Gecko) Chrome/83.0.4103.97 Safari/537.36','2020-06-09 15:19:20'),(219,6,'FILE_MAINTENANCE_BRANCH',0x4272616E6368203120686173206265656E20616464656420696E207468652073797374656D2E,'::1','Mozilla/5.0 (Windows NT 10.0; Win64; x64) AppleWebKit/537.36 (KHTML, like Gecko) Chrome/83.0.4103.97 Safari/537.36','2020-06-09 16:18:08'),(220,6,'FILE_MAINTENANCE_BRANCH',0x4272616E6368203120686173206265656E207570646174656420696E207468652073797374656D2E,'::1','Mozilla/5.0 (Windows NT 10.0; Win64; x64) AppleWebKit/537.36 (KHTML, like Gecko) Chrome/83.0.4103.97 Safari/537.36','2020-06-09 16:29:26'),(221,6,'FILE_MAINTENANCE_BRANCH',0x4272616E6368203220686173206265656E20616464656420696E207468652073797374656D2E,'::1','Mozilla/5.0 (Windows NT 10.0; Win64; x64) AppleWebKit/537.36 (KHTML, like Gecko) Chrome/83.0.4103.97 Safari/537.36','2020-06-09 16:31:23'),(222,6,'FILE_MAINTENANCE_BRANCH',0x3220686173206265656E2064656C6574656420696E207468652073797374656D2E,'::1','Mozilla/5.0 (Windows NT 10.0; Win64; x64) AppleWebKit/537.36 (KHTML, like Gecko) Chrome/83.0.4103.97 Safari/537.36','2020-06-09 16:31:28'),(223,6,'FILE_MAINTENANCE_BRANCH',0x4272616E6368203320686173206265656E20616464656420696E207468652073797374656D2E,'::1','Mozilla/5.0 (Windows NT 10.0; Win64; x64) AppleWebKit/537.36 (KHTML, like Gecko) Chrome/83.0.4103.97 Safari/537.36','2020-06-09 16:37:18'),(224,6,'USERS',0x6C6F6767656420696E2053555045522054454C4C45522E,'::1','Mozilla/5.0 (Windows NT 10.0; Win64; x64) AppleWebKit/537.36 (KHTML, like Gecko) Chrome/83.0.4103.97 Safari/537.36','2020-06-10 04:20:37'),(225,6,'USERS',0x6C6F67676564206F75742053555045522054454C4C45522E,'::1','Mozilla/5.0 (Windows NT 10.0; Win64; x64) AppleWebKit/537.36 (KHTML, like Gecko) Chrome/83.0.4103.97 Safari/537.36','2020-06-10 05:28:32'),(226,6,'USERS',0x6C6F6767656420696E2053555045522054454C4C45522E,'::1','Mozilla/5.0 (Windows NT 10.0; Win64; x64) AppleWebKit/537.36 (KHTML, like Gecko) Chrome/83.0.4103.97 Safari/537.36','2020-06-10 05:53:10'),(227,6,'USERS',0x6C6F67676564206F75742053555045522054454C4C45522E,'::1','Mozilla/5.0 (Windows NT 10.0; Win64; x64) AppleWebKit/537.36 (KHTML, like Gecko) Chrome/83.0.4103.97 Safari/537.36','2020-06-10 06:55:41'),(228,6,'USERS',0x6C6F6767656420696E2053555045522054454C4C45522E,'::1','Mozilla/5.0 (Windows NT 10.0; Win64; x64) AppleWebKit/537.36 (KHTML, like Gecko) Chrome/83.0.4103.97 Safari/537.36','2020-06-10 06:59:48'),(229,6,'FILE_MAINTENANCE_BRANCH',0x4272616E636820313020686173206265656E20616464656420696E207468652073797374656D2E,'::1','Mozilla/5.0 (Windows NT 10.0; Win64; x64) AppleWebKit/537.36 (KHTML, like Gecko) Chrome/83.0.4103.97 Safari/537.36','2020-06-10 07:07:40'),(230,6,'USERS',0x6C6F6767656420696E2053555045522054454C4C45522E,'::1','Mozilla/5.0 (Windows NT 10.0; Win64; x64) AppleWebKit/537.36 (KHTML, like Gecko) Chrome/83.0.4103.97 Safari/537.36','2020-06-10 14:30:23'),(231,6,'USERS',0x6C6F67676564206F75742053555045522054454C4C45522E,'::1','Mozilla/5.0 (Windows NT 10.0; Win64; x64) AppleWebKit/537.36 (KHTML, like Gecko) Chrome/83.0.4103.97 Safari/537.36','2020-06-10 15:23:05'),(232,6,'PERMISSIONS',0x75706461746564207065726D697373696F6E206F662053555045525F54454C4C4552,'::1','Mozilla/5.0 (Windows NT 10.0; Win64; x64) AppleWebKit/537.36 (KHTML, like Gecko) Chrome/83.0.4103.97 Safari/537.36','2020-06-10 15:31:26'),(233,6,'USERS',0x6C6F67676564206F75742053555045522054454C4C45522E,'::1','Mozilla/5.0 (Windows NT 10.0; Win64; x64) AppleWebKit/537.36 (KHTML, like Gecko) Chrome/83.0.4103.97 Safari/537.36','2020-06-10 15:31:32'),(234,6,'USERS',0x6C6F6767656420696E2053555045522054454C4C45522E,'::1','Mozilla/5.0 (Windows NT 10.0; Win64; x64) AppleWebKit/537.36 (KHTML, like Gecko) Chrome/83.0.4103.97 Safari/537.36','2020-06-10 15:31:35'),(235,6,'USERS',0x6C6F6767656420696E2053555045522054454C4C45522E,'::1','Mozilla/5.0 (Windows NT 10.0; Win64; x64) AppleWebKit/537.36 (KHTML, like Gecko) Chrome/83.0.4103.97 Safari/537.36','2020-06-10 16:01:28'),(236,6,'USERS',0x6C6F6767656420696E2053555045522054454C4C45522E,'::1','Mozilla/5.0 (Windows NT 10.0; Win64; x64) AppleWebKit/537.36 (KHTML, like Gecko) Chrome/83.0.4103.97 Safari/537.36','2020-06-10 16:15:20'),(237,6,'USERS',0x6C6F6767656420696E2053555045522054454C4C45522E,'::1','Mozilla/5.0 (Windows NT 10.0; Win64; x64) AppleWebKit/537.36 (KHTML, like Gecko) Chrome/83.0.4103.97 Safari/537.36','2020-06-11 06:12:06'),(238,6,'USERS',0x6C6F67676564206F75742053555045522054454C4C45522E,'::1','Mozilla/5.0 (Windows NT 10.0; Win64; x64) AppleWebKit/537.36 (KHTML, like Gecko) Chrome/83.0.4103.97 Safari/537.36','2020-06-11 06:41:16'),(239,6,'USERS',0x6C6F6767656420696E2053555045522054454C4C45522E,'::1','Mozilla/5.0 (Windows NT 10.0; Win64; x64) AppleWebKit/537.36 (KHTML, like Gecko) Chrome/83.0.4103.97 Safari/537.36','2020-06-11 07:20:21'),(240,6,'USERS',0x6C6F67676564206F75742053555045522054454C4C45522E,'::1','Mozilla/5.0 (Windows NT 10.0; Win64; x64) AppleWebKit/537.36 (KHTML, like Gecko) Chrome/83.0.4103.97 Safari/537.36','2020-06-11 08:05:24'),(241,6,'USERS',0x6C6F6767656420696E2053555045522054454C4C45522E,'::1','Mozilla/5.0 (Windows NT 10.0; Win64; x64) AppleWebKit/537.36 (KHTML, like Gecko) Chrome/83.0.4103.97 Safari/537.36','2020-06-11 08:44:23'),(242,6,'USERS',0x6C6F67676564206F75742053555045522054454C4C45522E,'::1','Mozilla/5.0 (Windows NT 10.0; Win64; x64) AppleWebKit/537.36 (KHTML, like Gecko) Chrome/83.0.4103.97 Safari/537.36','2020-06-11 09:00:23'),(243,6,'USERS',0x6C6F6767656420696E2053555045522054454C4C45522E,'::1','Mozilla/5.0 (Windows NT 10.0; Win64; x64) AppleWebKit/537.36 (KHTML, like Gecko) Chrome/83.0.4103.97 Safari/537.36','2020-06-11 10:37:43'),(244,6,'USERS',0x6C6F67676564206F75742053555045522054454C4C45522E,'::1','Mozilla/5.0 (Windows NT 10.0; Win64; x64) AppleWebKit/537.36 (KHTML, like Gecko) Chrome/83.0.4103.97 Safari/537.36','2020-06-11 10:59:53'),(245,6,'USERS',0x6C6F67676564206F75742053555045522054454C4C45522E,'::1','Mozilla/5.0 (Windows NT 10.0; Win64; x64) AppleWebKit/537.36 (KHTML, like Gecko) Chrome/83.0.4103.97 Safari/537.36','2020-06-11 11:51:02'),(246,6,'USERS',0x6C6F6767656420696E2053555045522054454C4C45522E,'::1','Mozilla/5.0 (Windows NT 10.0; Win64; x64) AppleWebKit/537.36 (KHTML, like Gecko) Chrome/83.0.4103.97 Safari/537.36','2020-06-11 11:56:40'),(247,6,'USERS',0x6C6F6767656420696E2053555045522054454C4C45522E,'::1','Mozilla/5.0 (Windows NT 10.0; Win64; x64) AppleWebKit/537.36 (KHTML, like Gecko) Chrome/83.0.4103.97 Safari/537.36','2020-06-12 03:59:26'),(248,6,'USERS',0x6C6F6767656420696E2053555045522054454C4C45522E,'::1','Mozilla/5.0 (Windows NT 10.0; Win64; x64) AppleWebKit/537.36 (KHTML, like Gecko) Chrome/83.0.4103.97 Safari/537.36','2020-06-12 06:39:01'),(249,6,'USERS',0x6C6F67676564206F75742053555045522054454C4C45522E,'::1','Mozilla/5.0 (Windows NT 10.0; Win64; x64) AppleWebKit/537.36 (KHTML, like Gecko) Chrome/83.0.4103.97 Safari/537.36','2020-06-12 07:22:42'),(250,6,'USERS',0x6C6F6767656420696E2053555045522054454C4C45522E,'::1','Mozilla/5.0 (Windows NT 10.0; Win64; x64) AppleWebKit/537.36 (KHTML, like Gecko) Chrome/83.0.4103.97 Safari/537.36','2020-06-12 07:58:07'),(251,6,'USERS',0x6C6F6767656420696E2053555045522054454C4C45522E,'::1','Mozilla/5.0 (Windows NT 10.0; Win64; x64) AppleWebKit/537.36 (KHTML, like Gecko) Chrome/83.0.4103.97 Safari/537.36','2020-06-12 07:59:24'),(252,6,'USERS',0x6C6F6767656420696E2053555045522054454C4C45522E,'::1','Mozilla/5.0 (Windows NT 10.0; Win64; x64) AppleWebKit/537.36 (KHTML, like Gecko) Chrome/83.0.4103.97 Safari/537.36','2020-06-12 08:19:09'),(253,6,'USERS',0x6C6F67676564206F75742053555045522054454C4C45522E,'::1','Mozilla/5.0 (Windows NT 10.0; Win64; x64) AppleWebKit/537.36 (KHTML, like Gecko) Chrome/83.0.4103.97 Safari/537.36','2020-06-12 08:34:15'),(254,6,'USERS',0x6C6F6767656420696E2053555045522054454C4C45522E,'::1','Mozilla/5.0 (Windows NT 10.0; Win64; x64) AppleWebKit/537.36 (KHTML, like Gecko) Chrome/83.0.4103.97 Safari/537.36','2020-06-12 08:35:10'),(255,6,'USERS',0x6C6F67676564206F75742053555045522054454C4C45522E,'::1','Mozilla/5.0 (Windows NT 10.0; Win64; x64) AppleWebKit/537.36 (KHTML, like Gecko) Chrome/83.0.4103.97 Safari/537.36','2020-06-12 09:24:41'),(256,6,'USERS',0x6C6F6767656420696E2053555045522054454C4C45522E,'::1','Mozilla/5.0 (Windows NT 10.0; Win64; x64) AppleWebKit/537.36 (KHTML, like Gecko) Chrome/83.0.4103.97 Safari/537.36','2020-06-12 09:32:26'),(257,6,'USERS',0x6C6F6767656420696E2053555045522054454C4C45522E,'::1','Mozilla/5.0 (Windows NT 10.0; Win64; x64) AppleWebKit/537.36 (KHTML, like Gecko) Chrome/83.0.4103.97 Safari/537.36','2020-06-13 04:28:39'),(258,6,'USERS',0x637265617465642061206E65772075736572206163636F756E7420282044652056657261204A6F7365706820292E,'::1','Mozilla/5.0 (Windows NT 10.0; Win64; x64) AppleWebKit/537.36 (KHTML, like Gecko) Chrome/83.0.4103.97 Safari/537.36','2020-06-13 04:32:25'),(259,6,'USERS',0x6C6F67676564206F75742053555045522054454C4C45522E,'::1','Mozilla/5.0 (Windows NT 10.0; Win64; x64) AppleWebKit/537.36 (KHTML, like Gecko) Chrome/83.0.4103.97 Safari/537.36','2020-06-13 05:41:57'),(260,0,'USERS',0x6C6F6767656420696E2044652056657261204A6F736570682E,'::1','Mozilla/5.0 (Windows NT 10.0; Win64; x64) AppleWebKit/537.36 (KHTML, like Gecko) Chrome/83.0.4103.97 Safari/537.36','2020-06-13 06:00:55'),(261,7,'USERS',0x6C6F67676564206F75742044652056657261204A6F736570682E,'::1','Mozilla/5.0 (Windows NT 10.0; Win64; x64) AppleWebKit/537.36 (KHTML, like Gecko) Chrome/83.0.4103.97 Safari/537.36','2020-06-13 06:00:59'),(262,7,'USERS',0x6C6F6767656420696E2044652056657261204A6F736570682E,'::1','Mozilla/5.0 (Windows NT 10.0; Win64; x64) AppleWebKit/537.36 (KHTML, like Gecko) Chrome/83.0.4103.97 Safari/537.36','2020-06-13 06:01:00'),(263,7,'USERS',0x61646D696E2E6A6F73657068262333393B732070617373776F726420686173206265656E2075706461746564,'::1','Mozilla/5.0 (Windows NT 10.0; Win64; x64) AppleWebKit/537.36 (KHTML, like Gecko) Chrome/83.0.4103.97 Safari/537.36','2020-06-13 06:01:49'),(264,7,'USERS',0x6C6F67676564206F75742044652056657261204A6F736570682E,'::1','Mozilla/5.0 (Windows NT 10.0; Win64; x64) AppleWebKit/537.36 (KHTML, like Gecko) Chrome/83.0.4103.97 Safari/537.36','2020-06-13 06:02:11'),(265,7,'USERS',0x6C6F67676564206F75742044652056657261204A6F736570682E,'::1','Mozilla/5.0 (Windows NT 10.0; Win64; x64) AppleWebKit/537.36 (KHTML, like Gecko) Chrome/83.0.4103.97 Safari/537.36','2020-06-13 06:02:11'),(266,7,'USERS',0x6C6F6767656420696E2044652056657261204A6F736570682E,'::1','Mozilla/5.0 (Windows NT 10.0; Win64; x64) AppleWebKit/537.36 (KHTML, like Gecko) Chrome/83.0.4103.97 Safari/537.36','2020-06-13 06:02:17'),(267,7,'USERS',0x6C6F67676564206F75742044652056657261204A6F736570682E,'::1','Mozilla/5.0 (Windows NT 10.0; Win64; x64) AppleWebKit/537.36 (KHTML, like Gecko) Chrome/83.0.4103.97 Safari/537.36','2020-06-13 06:32:07'),(268,7,'USERS',0x6C6F6767656420696E2044652056657261204A6F736570682E,'::1','Mozilla/5.0 (Windows NT 10.0; Win64; x64) AppleWebKit/537.36 (KHTML, like Gecko) Chrome/83.0.4103.97 Safari/537.36','2020-06-13 06:32:09'),(269,7,'USERS',0x757064617465642075736572206163636F756E742064657461696C7320282044652056657261204A6F7365706820292E20,'::1','Mozilla/5.0 (Windows NT 10.0; Win64; x64) AppleWebKit/537.36 (KHTML, like Gecko) Chrome/83.0.4103.97 Safari/537.36','2020-06-13 06:32:49'),(270,7,'USERS',0x6C6F67676564206F75742044652056657261204A6F736570682E,'::1','Mozilla/5.0 (Windows NT 10.0; Win64; x64) AppleWebKit/537.36 (KHTML, like Gecko) Chrome/83.0.4103.97 Safari/537.36','2020-06-13 06:33:00'),(271,7,'USERS',0x6C6F6767656420696E2044652056657261204A6F736570682E,'::1','Mozilla/5.0 (Windows NT 10.0; Win64; x64) AppleWebKit/537.36 (KHTML, like Gecko) Chrome/83.0.4103.97 Safari/537.36','2020-06-13 06:33:02'),(272,7,'USERS',0x6C6F67676564206F757420202E,'::1','Mozilla/5.0 (Windows NT 10.0; Win64; x64) AppleWebKit/537.36 (KHTML, like Gecko) Chrome/83.0.4103.97 Safari/537.36','2020-06-13 09:16:53'),(273,7,'USERS',0x6C6F6767656420696E2044652056657261204A6F736570682E,'::1','Mozilla/5.0 (Windows NT 10.0; Win64; x64) AppleWebKit/537.36 (KHTML, like Gecko) Chrome/83.0.4103.97 Safari/537.36','2020-06-13 09:17:17'),(274,7,'USERS',0x64656C6574656420612075736572206163636F756E7420282044652056657261204A6F7365706820292E,'::1','Mozilla/5.0 (Windows NT 10.0; Win64; x64) AppleWebKit/537.36 (KHTML, like Gecko) Chrome/83.0.4103.97 Safari/537.36','2020-06-13 09:17:33'),(275,7,'USERS',0x637265617465642061206E65772075736572206163636F756E7420282044652056657261204A6F7365706820292E,'::1','Mozilla/5.0 (Windows NT 10.0; Win64; x64) AppleWebKit/537.36 (KHTML, like Gecko) Chrome/83.0.4103.97 Safari/537.36','2020-06-13 09:19:56'),(276,7,'USERS',0x637265617465642061206E65772075736572206163636F756E7420282044652056657261204A6F7365706820292E,'::1','Mozilla/5.0 (Windows NT 10.0; Win64; x64) AppleWebKit/537.36 (KHTML, like Gecko) Chrome/83.0.4103.97 Safari/537.36','2020-06-13 09:21:17'),(277,7,'USERS',0x6C6F67676564206F757420202E,'::1','Mozilla/5.0 (Windows NT 10.0; Win64; x64) AppleWebKit/537.36 (KHTML, like Gecko) Chrome/83.0.4103.97 Safari/537.36','2020-06-13 09:21:47'),(278,0,'USERS',0x6C6F6767656420696E2044652056657261204A6F736570682E,'::1','Mozilla/5.0 (Windows NT 10.0; Win64; x64) AppleWebKit/537.36 (KHTML, like Gecko) Chrome/83.0.4103.97 Safari/537.36','2020-06-13 09:21:54'),(279,9,'USERS',0x6C6F67676564206F75742044652056657261204A6F736570682E,'::1','Mozilla/5.0 (Windows NT 10.0; Win64; x64) AppleWebKit/537.36 (KHTML, like Gecko) Chrome/83.0.4103.97 Safari/537.36','2020-06-13 09:21:58'),(280,9,'USERS',0x6C6F6767656420696E2044652056657261204A6F736570682E,'::1','Mozilla/5.0 (Windows NT 10.0; Win64; x64) AppleWebKit/537.36 (KHTML, like Gecko) Chrome/83.0.4103.97 Safari/537.36','2020-06-13 09:21:59'),(281,9,'USERS',0x61646D696E2E6A6F73657068262333393B732070617373776F726420686173206265656E2075706461746564,'::1','Mozilla/5.0 (Windows NT 10.0; Win64; x64) AppleWebKit/537.36 (KHTML, like Gecko) Chrome/83.0.4103.97 Safari/537.36','2020-06-13 09:22:13'),(282,9,'USERS',0x64656C6574656420612075736572206163636F756E74202820207A8C478810CFBF076020292E,'::1','Mozilla/5.0 (Windows NT 10.0; Win64; x64) AppleWebKit/537.36 (KHTML, like Gecko) Chrome/83.0.4103.97 Safari/537.36','2020-06-13 09:40:15'),(283,9,'USERS',0x757064617465642075736572206163636F756E742064657461696C7320282054656C6C657220537570657220292E20,'::1','Mozilla/5.0 (Windows NT 10.0; Win64; x64) AppleWebKit/537.36 (KHTML, like Gecko) Chrome/83.0.4103.97 Safari/537.36','2020-06-13 09:41:32'),(284,9,'USERS',0x757064617465642075736572206163636F756E742064657461696C732028204D616E75656C20426F78617320292E20,'::1','Mozilla/5.0 (Windows NT 10.0; Win64; x64) AppleWebKit/537.36 (KHTML, like Gecko) Chrome/83.0.4103.97 Safari/537.36','2020-06-13 09:44:35'),(285,9,'USERS',0x64656C6574656420612075736572206163636F756E742028202020292E,'::1','Mozilla/5.0 (Windows NT 10.0; Win64; x64) AppleWebKit/537.36 (KHTML, like Gecko) Chrome/83.0.4103.97 Safari/537.36','2020-06-13 09:44:48'),(286,9,'USERS',0x6C6F67676564206F75742044652056657261204A6F736570682E,'::1','Mozilla/5.0 (Windows NT 10.0; Win64; x64) AppleWebKit/537.36 (KHTML, like Gecko) Chrome/83.0.4103.97 Safari/537.36','2020-06-13 09:45:14'),(287,1,'USERS',0x6C6F6767656420696E204D616E75656C20426F7861732E,'::1','Mozilla/5.0 (Windows NT 10.0; Win64; x64) AppleWebKit/537.36 (KHTML, like Gecko) Chrome/83.0.4103.97 Safari/537.36','2020-06-13 09:45:19'),(288,1,'USERS',0x6C6F67676564206F7574204D616E75656C20426F7861732E,'::1','Mozilla/5.0 (Windows NT 10.0; Win64; x64) AppleWebKit/537.36 (KHTML, like Gecko) Chrome/83.0.4103.97 Safari/537.36','2020-06-13 09:45:23'),(289,9,'USERS',0x6C6F6767656420696E2044652056657261204A6F736570682E,'::1','Mozilla/5.0 (Windows NT 10.0; Win64; x64) AppleWebKit/537.36 (KHTML, like Gecko) Chrome/83.0.4103.97 Safari/537.36','2020-06-13 09:45:35'),(290,9,'USERS',0x6C6F67676564206F75742044652056657261204A6F736570682E,'::1','Mozilla/5.0 (Windows NT 10.0; Win64; x64) AppleWebKit/537.36 (KHTML, like Gecko) Chrome/83.0.4103.97 Safari/537.36','2020-06-13 09:45:38'),(291,6,'USERS',0x6C6F6767656420696E2054656C6C65722053757065722E,'::1','Mozilla/5.0 (Windows NT 10.0; Win64; x64) AppleWebKit/537.36 (KHTML, like Gecko) Chrome/83.0.4103.97 Safari/537.36','2020-06-13 09:45:45'),(293,0,'USERS',0x6C6F6767656420696E2044652056657261204A6F736570682E,'::1','Mozilla/5.0 (Windows NT 10.0; Win64; x64) AppleWebKit/537.36 (KHTML, like Gecko) Chrome/83.0.4103.97 Safari/537.36','2020-06-13 09:55:07'),(294,0,'USERS',0x6C6F6767656420696E2044652056657261204A6F736570682E,'::1','Mozilla/5.0 (Windows NT 10.0; Win64; x64) AppleWebKit/537.36 (KHTML, like Gecko) Chrome/83.0.4103.97 Safari/537.36','2020-06-13 09:55:14'),(295,0,'USERS',0x6C6F6767656420696E2044652056657261204A6F736570682E,'::1','Mozilla/5.0 (Windows NT 10.0; Win64; x64) AppleWebKit/537.36 (KHTML, like Gecko) Chrome/83.0.4103.97 Safari/537.36','2020-06-13 09:55:14'),(296,1,'USERS',0x6C6F6767656420696E204D616E75656C20426F7861732E,'::1','Mozilla/5.0 (Windows NT 10.0; Win64; x64) AppleWebKit/537.36 (KHTML, like Gecko) Chrome/83.0.4103.97 Safari/537.36','2020-06-13 09:55:26'),(297,1,'USERS',0x757064617465642075736572206163636F756E742064657461696C7320282044652056657261204A6F7365706820292E20,'::1','Mozilla/5.0 (Windows NT 10.0; Win64; x64) AppleWebKit/537.36 (KHTML, like Gecko) Chrome/83.0.4103.97 Safari/537.36','2020-06-13 09:56:45'),(298,1,'USERS',0x757064617465642075736572206163636F756E742064657461696C7320282054656C6C657220537570657220292E20,'::1','Mozilla/5.0 (Windows NT 10.0; Win64; x64) AppleWebKit/537.36 (KHTML, like Gecko) Chrome/83.0.4103.97 Safari/537.36','2020-06-13 09:57:01'),(299,1,'USERS',0x6C6F67676564206F7574204D616E75656C20426F7861732E,'::1','Mozilla/5.0 (Windows NT 10.0; Win64; x64) AppleWebKit/537.36 (KHTML, like Gecko) Chrome/83.0.4103.97 Safari/537.36','2020-06-13 09:57:04'),(300,0,'USERS',0x6C6F6767656420696E2044652056657261204A6F736570682E,'::1','Mozilla/5.0 (Windows NT 10.0; Win64; x64) AppleWebKit/537.36 (KHTML, like Gecko) Chrome/83.0.4103.97 Safari/537.36','2020-06-13 09:57:11'),(301,3,'USERS',0x6C6F67676564206F75742044652056657261204A6F736570682E,'::1','Mozilla/5.0 (Windows NT 10.0; Win64; x64) AppleWebKit/537.36 (KHTML, like Gecko) Chrome/83.0.4103.97 Safari/537.36','2020-06-13 09:57:15'),(302,0,'USERS',0x6C6F6767656420696E2044652056657261204A6F736570682E,'::1','Mozilla/5.0 (Windows NT 10.0; Win64; x64) AppleWebKit/537.36 (KHTML, like Gecko) Chrome/83.0.4103.97 Safari/537.36','2020-06-13 09:57:15'),(303,3,'USERS',0x6C6F67676564206F75742044652056657261204A6F736570682E,'::1','Mozilla/5.0 (Windows NT 10.0; Win64; x64) AppleWebKit/537.36 (KHTML, like Gecko) Chrome/83.0.4103.97 Safari/537.36','2020-06-13 09:57:18'),(304,0,'USERS',0x6C6F6767656420696E2044652056657261204A6F736570682E,'::1','Mozilla/5.0 (Windows NT 10.0; Win64; x64) AppleWebKit/537.36 (KHTML, like Gecko) Chrome/83.0.4103.97 Safari/537.36','2020-06-13 09:57:18'),(305,0,'USERS',0x6C6F6767656420696E2044652056657261204A6F736570682E,'::1','Mozilla/5.0 (Windows NT 10.0; Win64; x64) AppleWebKit/537.36 (KHTML, like Gecko) Chrome/83.0.4103.97 Safari/537.36','2020-06-13 09:57:27'),(306,3,'USERS',0x6C6F67676564206F75742044652056657261204A6F736570682E,'::1','Mozilla/5.0 (Windows NT 10.0; Win64; x64) AppleWebKit/537.36 (KHTML, like Gecko) Chrome/83.0.4103.97 Safari/537.36','2020-06-13 09:57:31'),(307,0,'USERS',0x6C6F6767656420696E2044652056657261204A6F736570682E,'::1','Mozilla/5.0 (Windows NT 10.0; Win64; x64) AppleWebKit/537.36 (KHTML, like Gecko) Chrome/83.0.4103.97 Safari/537.36','2020-06-13 09:57:31'),(308,3,'USERS',0x6C6F67676564206F75742044652056657261204A6F736570682E,'::1','Mozilla/5.0 (Windows NT 10.0; Win64; x64) AppleWebKit/537.36 (KHTML, like Gecko) Chrome/83.0.4103.97 Safari/537.36','2020-06-13 09:57:35'),(309,0,'USERS',0x6C6F6767656420696E2044652056657261204A6F736570682E,'::1','Mozilla/5.0 (Windows NT 10.0; Win64; x64) AppleWebKit/537.36 (KHTML, like Gecko) Chrome/83.0.4103.97 Safari/537.36','2020-06-13 09:57:35'),(310,1,'USERS',0x6C6F6767656420696E204D616E75656C20426F7861732E,'::1','Mozilla/5.0 (Windows NT 10.0; Win64; x64) AppleWebKit/537.36 (KHTML, like Gecko) Chrome/83.0.4103.97 Safari/537.36','2020-06-13 09:57:41'),(311,1,'USERS',0x6C6F67676564206F7574204D616E75656C20426F7861732E,'::1','Mozilla/5.0 (Windows NT 10.0; Win64; x64) AppleWebKit/537.36 (KHTML, like Gecko) Chrome/83.0.4103.97 Safari/537.36','2020-06-13 09:58:11'),(312,1,'USERS',0x6C6F6767656420696E204D616E75656C20426F7861732E,'::1','Mozilla/5.0 (Windows NT 10.0; Win64; x64) AppleWebKit/537.36 (KHTML, like Gecko) Chrome/83.0.4103.97 Safari/537.36','2020-06-13 09:58:14'),(313,1,'USERS',0x6C6F67676564206F7574204D616E75656C20426F7861732E,'::1','Mozilla/5.0 (Windows NT 10.0; Win64; x64) AppleWebKit/537.36 (KHTML, like Gecko) Chrome/83.0.4103.97 Safari/537.36','2020-06-13 10:00:52'),(314,1,'USERS',0x6C6F6767656420696E204D616E75656C20426F7861732E,'::1','Mozilla/5.0 (Windows NT 10.0; Win64; x64) AppleWebKit/537.36 (KHTML, like Gecko) Chrome/83.0.4103.97 Safari/537.36','2020-06-13 10:01:01'),(315,1,'USERS',0x637265617465642061206E65772075736572206163636F756E742028204D4152494120434C41524120524F58415320292E,'::1','Mozilla/5.0 (Windows NT 10.0; Win64; x64) AppleWebKit/537.36 (KHTML, like Gecko) Chrome/83.0.4103.97 Safari/537.36','2020-06-13 10:04:36'),(316,1,'USERS',0x6C6F67676564206F7574204D616E75656C20426F7861732E,'::1','Mozilla/5.0 (Windows NT 10.0; Win64; x64) AppleWebKit/537.36 (KHTML, like Gecko) Chrome/83.0.4103.97 Safari/537.36','2020-06-13 10:04:48'),(317,0,'USERS',0x6C6F6767656420696E204D4152494120434C41524120524F5841532E,'::1','Mozilla/5.0 (Windows NT 10.0; Win64; x64) AppleWebKit/537.36 (KHTML, like Gecko) Chrome/83.0.4103.97 Safari/537.36','2020-06-13 10:04:51'),(318,10,'USERS',0x6C6F67676564206F7574204D4152494120434C41524120524F5841532E,'::1','Mozilla/5.0 (Windows NT 10.0; Win64; x64) AppleWebKit/537.36 (KHTML, like Gecko) Chrome/83.0.4103.97 Safari/537.36','2020-06-13 10:04:54'),(319,10,'USERS',0x6C6F6767656420696E204D4152494120434C41524120524F5841532E,'::1','Mozilla/5.0 (Windows NT 10.0; Win64; x64) AppleWebKit/537.36 (KHTML, like Gecko) Chrome/83.0.4103.97 Safari/537.36','2020-06-13 10:04:54'),(320,10,'USERS',0x73757065722E74656C6C6572262333393B732070617373776F726420686173206265656E2075706461746564,'::1','Mozilla/5.0 (Windows NT 10.0; Win64; x64) AppleWebKit/537.36 (KHTML, like Gecko) Chrome/83.0.4103.97 Safari/537.36','2020-06-13 10:05:09'),(321,10,'USERS',0x6C6F67676564206F7574204D4152494120434C41524120524F5841532E,'::1','Mozilla/5.0 (Windows NT 10.0; Win64; x64) AppleWebKit/537.36 (KHTML, like Gecko) Chrome/83.0.4103.97 Safari/537.36','2020-06-13 10:20:46'),(322,10,'USERS',0x6C6F6767656420696E204D4152494120434C41524120524F5841532E,'::1','Mozilla/5.0 (Windows NT 10.0; Win64; x64) AppleWebKit/537.36 (KHTML, like Gecko) Chrome/83.0.4103.97 Safari/537.36','2020-06-13 10:42:22'),(323,10,'CBS_CUSTOMER',0x437573746F6D65722020686173206265656E20616464656420696E207468652073797374656D2E,'::1','Mozilla/5.0 (Windows NT 10.0; Win64; x64) AppleWebKit/537.36 (KHTML, like Gecko) Chrome/83.0.4103.97 Safari/537.36','2020-06-13 11:33:32'),(324,10,'CBS_CUSTOMER',0x437573746F6D65722020686173206265656E20616464656420696E207468652073797374656D2E,'::1','Mozilla/5.0 (Windows NT 10.0; Win64; x64) AppleWebKit/537.36 (KHTML, like Gecko) Chrome/83.0.4103.97 Safari/537.36','2020-06-13 11:54:44'),(325,10,'CBS_CUSTOMER',0x437573746F6D65722020686173206265656E20616464656420696E207468652073797374656D2E,'::1','Mozilla/5.0 (Windows NT 10.0; Win64; x64) AppleWebKit/537.36 (KHTML, like Gecko) Chrome/83.0.4103.97 Safari/537.36','2020-06-13 11:55:05'),(326,10,'CBS_CUSTOMER',0x437573746F6D6572203120686173206265656E20616464656420696E207468652073797374656D2E,'::1','Mozilla/5.0 (Windows NT 10.0; Win64; x64) AppleWebKit/537.36 (KHTML, like Gecko) Chrome/83.0.4103.97 Safari/537.36','2020-06-13 12:08:12'),(327,10,'USERS',0x6C6F67676564206F7574204D4152494120434C41524120524F5841532E,'::1','Mozilla/5.0 (Windows NT 10.0; Win64; x64) AppleWebKit/537.36 (KHTML, like Gecko) Chrome/83.0.4103.97 Safari/537.36','2020-06-13 12:30:47'),(328,10,'USERS',0x6C6F6767656420696E204D4152494120434C41524120524F5841532E,'::1','Mozilla/5.0 (Windows NT 10.0; Win64; x64) AppleWebKit/537.36 (KHTML, like Gecko) Chrome/83.0.4103.97 Safari/537.36','2020-06-13 12:30:55'),(329,10,'USERS',0x6C6F67676564206F7574204D4152494120434C41524120524F5841532E,'::1','Mozilla/5.0 (Windows NT 10.0; Win64; x64) AppleWebKit/537.36 (KHTML, like Gecko) Chrome/83.0.4103.97 Safari/537.36','2020-06-13 12:48:58'),(330,10,'USERS',0x6C6F6767656420696E204D4152494120434C41524120524F5841532E,'::1','Mozilla/5.0 (Windows NT 10.0; Win64; x64) AppleWebKit/537.36 (KHTML, like Gecko) Chrome/83.0.4103.97 Safari/537.36','2020-06-14 00:38:54'),(331,10,'USERS',0x6C6F6767656420696E204D4152494120434C41524120524F5841532E,'::1','Mozilla/5.0 (Windows NT 10.0; Win64; x64) AppleWebKit/537.36 (KHTML, like Gecko) Chrome/83.0.4103.97 Safari/537.36','2020-06-14 00:51:36'),(332,10,'USERS',0x6C6F67676564206F7574204D4152494120434C41524120524F5841532E,'::1','Mozilla/5.0 (Windows NT 10.0; Win64; x64) AppleWebKit/537.36 (KHTML, like Gecko) Chrome/83.0.4103.97 Safari/537.36','2020-06-14 01:36:26');
/*!40000 ALTER TABLE `audit_trail` ENABLE KEYS */;
UNLOCK TABLES;

--
-- Table structure for table `audit_trail_detail`
--

DROP TABLE IF EXISTS `audit_trail_detail`;
/*!40101 SET @saved_cs_client     = @@character_set_client */;
/*!40101 SET character_set_client = utf8 */;
CREATE TABLE `audit_trail_detail` (
  `audit_trail_detail_id` int(11) unsigned NOT NULL AUTO_INCREMENT,
  `audit_trail_id` int(11) unsigned NOT NULL,
  `trail_schema` varchar(50) DEFAULT NULL,
  `action` varchar(10) CHARACTER SET latin1 NOT NULL,
  `field` varchar(100) CHARACTER SET latin1 NOT NULL,
  `prev_detail` varbinary(30000) DEFAULT NULL,
  `curr_detail` varbinary(30000) DEFAULT NULL,
  PRIMARY KEY (`audit_trail_detail_id`),
  KEY `audit_trail_id` (`audit_trail_id`),
  CONSTRAINT `audit_trail_detail_ibfk_1` FOREIGN KEY (`audit_trail_id`) REFERENCES `audit_trail` (`audit_trail_id`) ON DELETE CASCADE ON UPDATE CASCADE
) ENGINE=InnoDB AUTO_INCREMENT=3880 DEFAULT CHARSET=utf8;
/*!40101 SET character_set_client = @saved_cs_client */;

--
-- Dumping data for table `audit_trail_detail`
--

LOCK TABLES `audit_trail_detail` WRITE;
/*!40000 ALTER TABLE `audit_trail_detail` DISABLE KEYS */;
INSERT INTO `audit_trail_detail` VALUES (1,4,'DELETE','DELETE','module_action_roles.module_action_id',0x313031,''),(2,4,'DELETE','DELETE','module_action_roles.role_code',0x53555045525F41444D494E,''),(3,4,'INSERT','INSERT','module_action_roles.module_action_id','',0x31),(4,4,'INSERT','INSERT','module_action_roles.role_code','',0x53555045525F41444D494E),(5,4,'INSERT','INSERT','module_action_roles.module_action_id','',0x32),(6,4,'INSERT','INSERT','module_action_roles.role_code','',0x53555045525F41444D494E),(7,4,'INSERT','INSERT','module_action_roles.module_action_id','',0x34),(8,4,'INSERT','INSERT','module_action_roles.role_code','',0x53555045525F41444D494E),(9,4,'INSERT','INSERT','module_action_roles.module_action_id','',0x35),(10,4,'INSERT','INSERT','module_action_roles.role_code','',0x53555045525F41444D494E),(11,4,'INSERT','INSERT','module_action_roles.module_action_id','',0x36),(12,4,'INSERT','INSERT','module_action_roles.role_code','',0x53555045525F41444D494E),(13,4,'INSERT','INSERT','module_action_roles.module_action_id','',0x37),(14,4,'INSERT','INSERT','module_action_roles.role_code','',0x53555045525F41444D494E),(15,4,'INSERT','INSERT','module_action_roles.module_action_id','',0x38),(16,4,'INSERT','INSERT','module_action_roles.role_code','',0x53555045525F41444D494E),(17,4,'INSERT','INSERT','module_action_roles.module_action_id','',0x39),(18,4,'INSERT','INSERT','module_action_roles.role_code','',0x53555045525F41444D494E),(19,4,'INSERT','INSERT','module_action_roles.module_action_id','',0x3130),(20,4,'INSERT','INSERT','module_action_roles.role_code','',0x53555045525F41444D494E),(21,4,'INSERT','INSERT','module_action_roles.module_action_id','',0x3136),(22,4,'INSERT','INSERT','module_action_roles.role_code','',0x53555045525F41444D494E),(23,4,'INSERT','INSERT','module_action_roles.module_action_id','',0x3137),(24,4,'INSERT','INSERT','module_action_roles.role_code','',0x53555045525F41444D494E),(25,4,'INSERT','INSERT','module_action_roles.module_action_id','',0x3138),(26,4,'INSERT','INSERT','module_action_roles.role_code','',0x53555045525F41444D494E),(27,4,'INSERT','INSERT','module_action_roles.module_action_id','',0x3139),(28,4,'INSERT','INSERT','module_action_roles.role_code','',0x53555045525F41444D494E),(29,4,'INSERT','INSERT','module_action_roles.module_action_id','',0x3230),(30,4,'INSERT','INSERT','module_action_roles.role_code','',0x53555045525F41444D494E),(31,4,'INSERT','INSERT','module_action_roles.module_action_id','',0x3231),(32,4,'INSERT','INSERT','module_action_roles.role_code','',0x53555045525F41444D494E),(33,4,'INSERT','INSERT','module_action_roles.module_action_id','',0x3232),(34,4,'INSERT','INSERT','module_action_roles.role_code','',0x53555045525F41444D494E),(35,4,'INSERT','INSERT','module_action_roles.module_action_id','',0x3233),(36,4,'INSERT','INSERT','module_action_roles.role_code','',0x53555045525F41444D494E),(37,4,'INSERT','INSERT','module_action_roles.module_action_id','',0x3235),(38,4,'INSERT','INSERT','module_action_roles.role_code','',0x53555045525F41444D494E),(39,4,'INSERT','INSERT','module_action_roles.module_action_id','',0x3236),(40,4,'INSERT','INSERT','module_action_roles.role_code','',0x53555045525F41444D494E),(41,4,'INSERT','INSERT','module_action_roles.module_action_id','',0x3237),(42,4,'INSERT','INSERT','module_action_roles.role_code','',0x53555045525F41444D494E),(43,4,'INSERT','INSERT','module_action_roles.module_action_id','',0x3238),(44,4,'INSERT','INSERT','module_action_roles.role_code','',0x53555045525F41444D494E),(45,4,'INSERT','INSERT','module_action_roles.module_action_id','',0x3239),(46,4,'INSERT','INSERT','module_action_roles.role_code','',0x53555045525F41444D494E),(47,4,'INSERT','INSERT','module_action_roles.module_action_id','',0x3330),(48,4,'INSERT','INSERT','module_action_roles.role_code','',0x53555045525F41444D494E),(49,4,'INSERT','INSERT','module_action_roles.module_action_id','',0x3331),(50,4,'INSERT','INSERT','module_action_roles.role_code','',0x53555045525F41444D494E),(51,4,'INSERT','INSERT','module_action_roles.module_action_id','',0x3332),(52,4,'INSERT','INSERT','module_action_roles.role_code','',0x53555045525F41444D494E),(53,4,'INSERT','INSERT','module_action_roles.module_action_id','',0x3333),(54,4,'INSERT','INSERT','module_action_roles.role_code','',0x53555045525F41444D494E),(55,4,'INSERT','INSERT','module_action_roles.module_action_id','',0x3334),(56,4,'INSERT','INSERT','module_action_roles.role_code','',0x53555045525F41444D494E),(57,4,'INSERT','INSERT','module_action_roles.module_action_id','',0x3335),(58,4,'INSERT','INSERT','module_action_roles.role_code','',0x53555045525F41444D494E),(59,4,'INSERT','INSERT','module_action_roles.module_action_id','',0x3336),(60,4,'INSERT','INSERT','module_action_roles.role_code','',0x53555045525F41444D494E),(61,4,'INSERT','INSERT','module_action_roles.module_action_id','',0x3337),(62,4,'INSERT','INSERT','module_action_roles.role_code','',0x53555045525F41444D494E),(63,4,'INSERT','INSERT','module_action_roles.module_action_id','',0x3339),(64,4,'INSERT','INSERT','module_action_roles.role_code','',0x53555045525F41444D494E),(65,4,'INSERT','INSERT','module_action_roles.module_action_id','',0x3430),(66,4,'INSERT','INSERT','module_action_roles.role_code','',0x53555045525F41444D494E),(67,4,'INSERT','INSERT','module_action_roles.module_action_id','',0x3431),(68,4,'INSERT','INSERT','module_action_roles.role_code','',0x53555045525F41444D494E),(69,4,'INSERT','INSERT','module_action_roles.module_action_id','',0x3432),(70,4,'INSERT','INSERT','module_action_roles.role_code','',0x53555045525F41444D494E),(71,4,'INSERT','INSERT','module_action_roles.module_action_id','',0x3433),(72,4,'INSERT','INSERT','module_action_roles.role_code','',0x53555045525F41444D494E),(73,4,'INSERT','INSERT','module_action_roles.module_action_id','',0x3434),(74,4,'INSERT','INSERT','module_action_roles.role_code','',0x53555045525F41444D494E),(75,4,'INSERT','INSERT','module_action_roles.module_action_id','',0x3435),(76,4,'INSERT','INSERT','module_action_roles.role_code','',0x53555045525F41444D494E),(77,4,'INSERT','INSERT','module_action_roles.module_action_id','',0x3436),(78,4,'INSERT','INSERT','module_action_roles.role_code','',0x53555045525F41444D494E),(79,4,'INSERT','INSERT','module_action_roles.module_action_id','',0x3437),(80,4,'INSERT','INSERT','module_action_roles.role_code','',0x53555045525F41444D494E),(81,4,'INSERT','INSERT','module_action_roles.module_action_id','',0x3438),(82,4,'INSERT','INSERT','module_action_roles.role_code','',0x53555045525F41444D494E),(83,4,'INSERT','INSERT','module_action_roles.module_action_id','',0x3439),(84,4,'INSERT','INSERT','module_action_roles.role_code','',0x53555045525F41444D494E),(85,4,'INSERT','INSERT','module_action_roles.module_action_id','',0x3530),(86,4,'INSERT','INSERT','module_action_roles.role_code','',0x53555045525F41444D494E),(87,4,'INSERT','INSERT','module_action_roles.module_action_id','',0x3531),(88,4,'INSERT','INSERT','module_action_roles.role_code','',0x53555045525F41444D494E),(89,4,'INSERT','INSERT','module_action_roles.module_action_id','',0x3532),(90,4,'INSERT','INSERT','module_action_roles.role_code','',0x53555045525F41444D494E),(91,4,'INSERT','INSERT','module_action_roles.module_action_id','',0x3533),(92,4,'INSERT','INSERT','module_action_roles.role_code','',0x53555045525F41444D494E),(93,4,'INSERT','INSERT','module_action_roles.module_action_id','',0x3534),(94,4,'INSERT','INSERT','module_action_roles.role_code','',0x53555045525F41444D494E),(95,4,'INSERT','INSERT','module_action_roles.module_action_id','',0x3535),(96,4,'INSERT','INSERT','module_action_roles.role_code','',0x53555045525F41444D494E),(97,4,'INSERT','INSERT','module_action_roles.module_action_id','',0x3536),(98,4,'INSERT','INSERT','module_action_roles.role_code','',0x53555045525F41444D494E),(99,4,'INSERT','INSERT','module_action_roles.module_action_id','',0x3537),(100,4,'INSERT','INSERT','module_action_roles.role_code','',0x53555045525F41444D494E),(101,4,'INSERT','INSERT','module_action_roles.module_action_id','',0x3538),(102,4,'INSERT','INSERT','module_action_roles.role_code','',0x53555045525F41444D494E),(103,4,'INSERT','INSERT','module_action_roles.module_action_id','',0x3736),(104,4,'INSERT','INSERT','module_action_roles.role_code','',0x53555045525F41444D494E),(105,4,'INSERT','INSERT','module_action_roles.module_action_id','',0x3738),(106,4,'INSERT','INSERT','module_action_roles.role_code','',0x53555045525F41444D494E),(107,4,'INSERT','INSERT','module_action_roles.module_action_id','',0x3830),(108,4,'INSERT','INSERT','module_action_roles.role_code','',0x53555045525F41444D494E),(109,4,'INSERT','INSERT','module_action_roles.module_action_id','',0x3831),(110,4,'INSERT','INSERT','module_action_roles.role_code','',0x53555045525F41444D494E),(111,4,'INSERT','INSERT','module_action_roles.module_action_id','',0x3832),(112,4,'INSERT','INSERT','module_action_roles.role_code','',0x53555045525F41444D494E),(113,4,'INSERT','INSERT','module_action_roles.module_action_id','',0x3833),(114,4,'INSERT','INSERT','module_action_roles.role_code','',0x53555045525F41444D494E),(115,4,'INSERT','INSERT','module_action_roles.module_action_id','',0x3834),(116,4,'INSERT','INSERT','module_action_roles.role_code','',0x53555045525F41444D494E),(117,4,'INSERT','INSERT','module_action_roles.module_action_id','',0x3835),(118,4,'INSERT','INSERT','module_action_roles.role_code','',0x53555045525F41444D494E),(119,4,'INSERT','INSERT','module_action_roles.module_action_id','',0x3836),(120,4,'INSERT','INSERT','module_action_roles.role_code','',0x53555045525F41444D494E),(121,4,'INSERT','INSERT','module_action_roles.module_action_id','',0x3837),(122,4,'INSERT','INSERT','module_action_roles.role_code','',0x53555045525F41444D494E),(123,4,'INSERT','INSERT','module_action_roles.module_action_id','',0x3838),(124,4,'INSERT','INSERT','module_action_roles.role_code','',0x53555045525F41444D494E),(125,4,'INSERT','INSERT','module_action_roles.module_action_id','',0x3839),(126,4,'INSERT','INSERT','module_action_roles.role_code','',0x53555045525F41444D494E),(127,4,'INSERT','INSERT','module_action_roles.module_action_id','',0x3930),(128,4,'INSERT','INSERT','module_action_roles.role_code','',0x53555045525F41444D494E),(129,4,'INSERT','INSERT','module_action_roles.module_action_id','',0x3931),(130,4,'INSERT','INSERT','module_action_roles.role_code','',0x53555045525F41444D494E),(131,4,'INSERT','INSERT','module_action_roles.module_action_id','',0x3932),(132,4,'INSERT','INSERT','module_action_roles.role_code','',0x53555045525F41444D494E),(133,4,'INSERT','INSERT','module_action_roles.module_action_id','',0x3933),(134,4,'INSERT','INSERT','module_action_roles.role_code','',0x53555045525F41444D494E),(135,4,'INSERT','INSERT','module_action_roles.module_action_id','',0x3934),(136,4,'INSERT','INSERT','module_action_roles.role_code','',0x53555045525F41444D494E),(137,4,'INSERT','INSERT','module_action_roles.module_action_id','',0x3935),(138,4,'INSERT','INSERT','module_action_roles.role_code','',0x53555045525F41444D494E),(139,4,'INSERT','INSERT','module_action_roles.module_action_id','',0x3936),(140,4,'INSERT','INSERT','module_action_roles.role_code','',0x53555045525F41444D494E),(141,4,'INSERT','INSERT','module_action_roles.module_action_id','',0x3937),(142,4,'INSERT','INSERT','module_action_roles.role_code','',0x53555045525F41444D494E),(143,4,'INSERT','INSERT','module_action_roles.module_action_id','',0x3938),(144,4,'INSERT','INSERT','module_action_roles.role_code','',0x53555045525F41444D494E),(145,4,'INSERT','INSERT','module_action_roles.module_action_id','',0x3939),(146,4,'INSERT','INSERT','module_action_roles.role_code','',0x53555045525F41444D494E),(147,4,'INSERT','INSERT','module_action_roles.module_action_id','',0x313030),(148,4,'INSERT','INSERT','module_action_roles.role_code','',0x53555045525F41444D494E),(149,4,'INSERT','INSERT','module_action_roles.module_action_id','',0x313031),(150,4,'INSERT','INSERT','module_action_roles.role_code','',0x53555045525F41444D494E),(151,9,'DELETE','DELETE','module_action_roles.module_action_id',0x313031,''),(152,9,'DELETE','DELETE','module_action_roles.role_code',0x53555045525F41444D494E,''),(153,9,'INSERT','INSERT','module_action_roles.module_action_id','',0x31),(154,9,'INSERT','INSERT','module_action_roles.role_code','',0x53555045525F41444D494E),(155,9,'INSERT','INSERT','module_action_roles.module_action_id','',0x32),(156,9,'INSERT','INSERT','module_action_roles.role_code','',0x53555045525F41444D494E),(157,9,'INSERT','INSERT','module_action_roles.module_action_id','',0x34),(158,9,'INSERT','INSERT','module_action_roles.role_code','',0x53555045525F41444D494E),(159,9,'INSERT','INSERT','module_action_roles.module_action_id','',0x35),(160,9,'INSERT','INSERT','module_action_roles.role_code','',0x53555045525F41444D494E),(161,9,'INSERT','INSERT','module_action_roles.module_action_id','',0x36),(162,9,'INSERT','INSERT','module_action_roles.role_code','',0x53555045525F41444D494E),(163,9,'INSERT','INSERT','module_action_roles.module_action_id','',0x37),(164,9,'INSERT','INSERT','module_action_roles.role_code','',0x53555045525F41444D494E),(165,9,'INSERT','INSERT','module_action_roles.module_action_id','',0x38),(166,9,'INSERT','INSERT','module_action_roles.role_code','',0x53555045525F41444D494E),(167,9,'INSERT','INSERT','module_action_roles.module_action_id','',0x39),(168,9,'INSERT','INSERT','module_action_roles.role_code','',0x53555045525F41444D494E),(169,9,'INSERT','INSERT','module_action_roles.module_action_id','',0x3130),(170,9,'INSERT','INSERT','module_action_roles.role_code','',0x53555045525F41444D494E),(171,9,'INSERT','INSERT','module_action_roles.module_action_id','',0x3136),(172,9,'INSERT','INSERT','module_action_roles.role_code','',0x53555045525F41444D494E),(173,9,'INSERT','INSERT','module_action_roles.module_action_id','',0x3137),(174,9,'INSERT','INSERT','module_action_roles.role_code','',0x53555045525F41444D494E),(175,9,'INSERT','INSERT','module_action_roles.module_action_id','',0x3138),(176,9,'INSERT','INSERT','module_action_roles.role_code','',0x53555045525F41444D494E),(177,9,'INSERT','INSERT','module_action_roles.module_action_id','',0x3139),(178,9,'INSERT','INSERT','module_action_roles.role_code','',0x53555045525F41444D494E),(179,9,'INSERT','INSERT','module_action_roles.module_action_id','',0x3230),(180,9,'INSERT','INSERT','module_action_roles.role_code','',0x53555045525F41444D494E),(181,9,'INSERT','INSERT','module_action_roles.module_action_id','',0x3231),(182,9,'INSERT','INSERT','module_action_roles.role_code','',0x53555045525F41444D494E),(183,9,'INSERT','INSERT','module_action_roles.module_action_id','',0x3232),(184,9,'INSERT','INSERT','module_action_roles.role_code','',0x53555045525F41444D494E),(185,9,'INSERT','INSERT','module_action_roles.module_action_id','',0x3233),(186,9,'INSERT','INSERT','module_action_roles.role_code','',0x53555045525F41444D494E),(187,9,'INSERT','INSERT','module_action_roles.module_action_id','',0x3235),(188,9,'INSERT','INSERT','module_action_roles.role_code','',0x53555045525F41444D494E),(189,9,'INSERT','INSERT','module_action_roles.module_action_id','',0x3236),(190,9,'INSERT','INSERT','module_action_roles.role_code','',0x53555045525F41444D494E),(191,9,'INSERT','INSERT','module_action_roles.module_action_id','',0x3237),(192,9,'INSERT','INSERT','module_action_roles.role_code','',0x53555045525F41444D494E),(193,9,'INSERT','INSERT','module_action_roles.module_action_id','',0x3238),(194,9,'INSERT','INSERT','module_action_roles.role_code','',0x53555045525F41444D494E),(195,9,'INSERT','INSERT','module_action_roles.module_action_id','',0x3239),(196,9,'INSERT','INSERT','module_action_roles.role_code','',0x53555045525F41444D494E),(197,9,'INSERT','INSERT','module_action_roles.module_action_id','',0x3330),(198,9,'INSERT','INSERT','module_action_roles.role_code','',0x53555045525F41444D494E),(199,9,'INSERT','INSERT','module_action_roles.module_action_id','',0x3331),(200,9,'INSERT','INSERT','module_action_roles.role_code','',0x53555045525F41444D494E),(201,9,'INSERT','INSERT','module_action_roles.module_action_id','',0x3332),(202,9,'INSERT','INSERT','module_action_roles.role_code','',0x53555045525F41444D494E),(203,9,'INSERT','INSERT','module_action_roles.module_action_id','',0x3333),(204,9,'INSERT','INSERT','module_action_roles.role_code','',0x53555045525F41444D494E),(205,9,'INSERT','INSERT','module_action_roles.module_action_id','',0x3334),(206,9,'INSERT','INSERT','module_action_roles.role_code','',0x53555045525F41444D494E),(207,9,'INSERT','INSERT','module_action_roles.module_action_id','',0x3335),(208,9,'INSERT','INSERT','module_action_roles.role_code','',0x53555045525F41444D494E),(209,9,'INSERT','INSERT','module_action_roles.module_action_id','',0x3336),(210,9,'INSERT','INSERT','module_action_roles.role_code','',0x53555045525F41444D494E),(211,9,'INSERT','INSERT','module_action_roles.module_action_id','',0x3337),(212,9,'INSERT','INSERT','module_action_roles.role_code','',0x53555045525F41444D494E),(213,9,'INSERT','INSERT','module_action_roles.module_action_id','',0x3339),(214,9,'INSERT','INSERT','module_action_roles.role_code','',0x53555045525F41444D494E),(215,9,'INSERT','INSERT','module_action_roles.module_action_id','',0x3430),(216,9,'INSERT','INSERT','module_action_roles.role_code','',0x53555045525F41444D494E),(217,9,'INSERT','INSERT','module_action_roles.module_action_id','',0x3431),(218,9,'INSERT','INSERT','module_action_roles.role_code','',0x53555045525F41444D494E),(219,9,'INSERT','INSERT','module_action_roles.module_action_id','',0x3432),(220,9,'INSERT','INSERT','module_action_roles.role_code','',0x53555045525F41444D494E),(221,9,'INSERT','INSERT','module_action_roles.module_action_id','',0x3433),(222,9,'INSERT','INSERT','module_action_roles.role_code','',0x53555045525F41444D494E),(223,9,'INSERT','INSERT','module_action_roles.module_action_id','',0x3434),(224,9,'INSERT','INSERT','module_action_roles.role_code','',0x53555045525F41444D494E),(225,9,'INSERT','INSERT','module_action_roles.module_action_id','',0x3435),(226,9,'INSERT','INSERT','module_action_roles.role_code','',0x53555045525F41444D494E),(227,9,'INSERT','INSERT','module_action_roles.module_action_id','',0x3436),(228,9,'INSERT','INSERT','module_action_roles.role_code','',0x53555045525F41444D494E),(229,9,'INSERT','INSERT','module_action_roles.module_action_id','',0x3437),(230,9,'INSERT','INSERT','module_action_roles.role_code','',0x53555045525F41444D494E),(231,9,'INSERT','INSERT','module_action_roles.module_action_id','',0x3438),(232,9,'INSERT','INSERT','module_action_roles.role_code','',0x53555045525F41444D494E),(233,9,'INSERT','INSERT','module_action_roles.module_action_id','',0x3439),(234,9,'INSERT','INSERT','module_action_roles.role_code','',0x53555045525F41444D494E),(235,9,'INSERT','INSERT','module_action_roles.module_action_id','',0x3530),(236,9,'INSERT','INSERT','module_action_roles.role_code','',0x53555045525F41444D494E),(237,9,'INSERT','INSERT','module_action_roles.module_action_id','',0x3531),(238,9,'INSERT','INSERT','module_action_roles.role_code','',0x53555045525F41444D494E),(239,9,'INSERT','INSERT','module_action_roles.module_action_id','',0x3532),(240,9,'INSERT','INSERT','module_action_roles.role_code','',0x53555045525F41444D494E),(241,9,'INSERT','INSERT','module_action_roles.module_action_id','',0x3533),(242,9,'INSERT','INSERT','module_action_roles.role_code','',0x53555045525F41444D494E),(243,9,'INSERT','INSERT','module_action_roles.module_action_id','',0x3534),(244,9,'INSERT','INSERT','module_action_roles.role_code','',0x53555045525F41444D494E),(245,9,'INSERT','INSERT','module_action_roles.module_action_id','',0x3535),(246,9,'INSERT','INSERT','module_action_roles.role_code','',0x53555045525F41444D494E),(247,9,'INSERT','INSERT','module_action_roles.module_action_id','',0x3536),(248,9,'INSERT','INSERT','module_action_roles.role_code','',0x53555045525F41444D494E),(249,9,'INSERT','INSERT','module_action_roles.module_action_id','',0x3537),(250,9,'INSERT','INSERT','module_action_roles.role_code','',0x53555045525F41444D494E),(251,9,'INSERT','INSERT','module_action_roles.module_action_id','',0x3538),(252,9,'INSERT','INSERT','module_action_roles.role_code','',0x53555045525F41444D494E),(253,9,'INSERT','INSERT','module_action_roles.module_action_id','',0x3736),(254,9,'INSERT','INSERT','module_action_roles.role_code','',0x53555045525F41444D494E),(255,9,'INSERT','INSERT','module_action_roles.module_action_id','',0x3738),(256,9,'INSERT','INSERT','module_action_roles.role_code','',0x53555045525F41444D494E),(257,9,'INSERT','INSERT','module_action_roles.module_action_id','',0x3830),(258,9,'INSERT','INSERT','module_action_roles.role_code','',0x53555045525F41444D494E),(259,9,'INSERT','INSERT','module_action_roles.module_action_id','',0x3831),(260,9,'INSERT','INSERT','module_action_roles.role_code','',0x53555045525F41444D494E),(261,9,'INSERT','INSERT','module_action_roles.module_action_id','',0x3832),(262,9,'INSERT','INSERT','module_action_roles.role_code','',0x53555045525F41444D494E),(263,9,'INSERT','INSERT','module_action_roles.module_action_id','',0x3833),(264,9,'INSERT','INSERT','module_action_roles.role_code','',0x53555045525F41444D494E),(265,9,'INSERT','INSERT','module_action_roles.module_action_id','',0x3834),(266,9,'INSERT','INSERT','module_action_roles.role_code','',0x53555045525F41444D494E),(267,9,'INSERT','INSERT','module_action_roles.module_action_id','',0x3835),(268,9,'INSERT','INSERT','module_action_roles.role_code','',0x53555045525F41444D494E),(269,9,'INSERT','INSERT','module_action_roles.module_action_id','',0x3836),(270,9,'INSERT','INSERT','module_action_roles.role_code','',0x53555045525F41444D494E),(271,9,'INSERT','INSERT','module_action_roles.module_action_id','',0x3837),(272,9,'INSERT','INSERT','module_action_roles.role_code','',0x53555045525F41444D494E),(273,9,'INSERT','INSERT','module_action_roles.module_action_id','',0x3838),(274,9,'INSERT','INSERT','module_action_roles.role_code','',0x53555045525F41444D494E),(275,9,'INSERT','INSERT','module_action_roles.module_action_id','',0x3839),(276,9,'INSERT','INSERT','module_action_roles.role_code','',0x53555045525F41444D494E),(277,9,'INSERT','INSERT','module_action_roles.module_action_id','',0x3930),(278,9,'INSERT','INSERT','module_action_roles.role_code','',0x53555045525F41444D494E),(279,9,'INSERT','INSERT','module_action_roles.module_action_id','',0x3931),(280,9,'INSERT','INSERT','module_action_roles.role_code','',0x53555045525F41444D494E),(281,9,'INSERT','INSERT','module_action_roles.module_action_id','',0x3932),(282,9,'INSERT','INSERT','module_action_roles.role_code','',0x53555045525F41444D494E),(283,9,'INSERT','INSERT','module_action_roles.module_action_id','',0x3933),(284,9,'INSERT','INSERT','module_action_roles.role_code','',0x53555045525F41444D494E),(285,9,'INSERT','INSERT','module_action_roles.module_action_id','',0x3934),(286,9,'INSERT','INSERT','module_action_roles.role_code','',0x53555045525F41444D494E),(287,9,'INSERT','INSERT','module_action_roles.module_action_id','',0x3935),(288,9,'INSERT','INSERT','module_action_roles.role_code','',0x53555045525F41444D494E),(289,9,'INSERT','INSERT','module_action_roles.module_action_id','',0x3936),(290,9,'INSERT','INSERT','module_action_roles.role_code','',0x53555045525F41444D494E),(291,9,'INSERT','INSERT','module_action_roles.module_action_id','',0x3937),(292,9,'INSERT','INSERT','module_action_roles.role_code','',0x53555045525F41444D494E),(293,9,'INSERT','INSERT','module_action_roles.module_action_id','',0x3938),(294,9,'INSERT','INSERT','module_action_roles.role_code','',0x53555045525F41444D494E),(295,9,'INSERT','INSERT','module_action_roles.module_action_id','',0x3939),(296,9,'INSERT','INSERT','module_action_roles.role_code','',0x53555045525F41444D494E),(297,9,'INSERT','INSERT','module_action_roles.module_action_id','',0x313030),(298,9,'INSERT','INSERT','module_action_roles.role_code','',0x53555045525F41444D494E),(299,9,'INSERT','INSERT','module_action_roles.module_action_id','',0x313031),(300,9,'INSERT','INSERT','module_action_roles.role_code','',0x53555045525F41444D494E),(301,15,'DELETE','DELETE','module_action_roles.module_action_id',0x313031,''),(302,15,'DELETE','DELETE','module_action_roles.role_code',0x53555045525F41444D494E,''),(303,15,'INSERT','INSERT','module_action_roles.module_action_id','',0x31),(304,15,'INSERT','INSERT','module_action_roles.role_code','',0x53555045525F41444D494E),(305,15,'INSERT','INSERT','module_action_roles.module_action_id','',0x32),(306,15,'INSERT','INSERT','module_action_roles.role_code','',0x53555045525F41444D494E),(307,15,'INSERT','INSERT','module_action_roles.module_action_id','',0x34),(308,15,'INSERT','INSERT','module_action_roles.role_code','',0x53555045525F41444D494E),(309,15,'INSERT','INSERT','module_action_roles.module_action_id','',0x35),(310,15,'INSERT','INSERT','module_action_roles.role_code','',0x53555045525F41444D494E),(311,15,'INSERT','INSERT','module_action_roles.module_action_id','',0x36),(312,15,'INSERT','INSERT','module_action_roles.role_code','',0x53555045525F41444D494E),(313,15,'INSERT','INSERT','module_action_roles.module_action_id','',0x37),(314,15,'INSERT','INSERT','module_action_roles.role_code','',0x53555045525F41444D494E),(315,15,'INSERT','INSERT','module_action_roles.module_action_id','',0x38),(316,15,'INSERT','INSERT','module_action_roles.role_code','',0x53555045525F41444D494E),(317,15,'INSERT','INSERT','module_action_roles.module_action_id','',0x39),(318,15,'INSERT','INSERT','module_action_roles.role_code','',0x53555045525F41444D494E),(319,15,'INSERT','INSERT','module_action_roles.module_action_id','',0x3130),(320,15,'INSERT','INSERT','module_action_roles.role_code','',0x53555045525F41444D494E),(321,15,'INSERT','INSERT','module_action_roles.module_action_id','',0x3136),(322,15,'INSERT','INSERT','module_action_roles.role_code','',0x53555045525F41444D494E),(323,15,'INSERT','INSERT','module_action_roles.module_action_id','',0x3137),(324,15,'INSERT','INSERT','module_action_roles.role_code','',0x53555045525F41444D494E),(325,15,'INSERT','INSERT','module_action_roles.module_action_id','',0x3138),(326,15,'INSERT','INSERT','module_action_roles.role_code','',0x53555045525F41444D494E),(327,15,'INSERT','INSERT','module_action_roles.module_action_id','',0x3139),(328,15,'INSERT','INSERT','module_action_roles.role_code','',0x53555045525F41444D494E),(329,15,'INSERT','INSERT','module_action_roles.module_action_id','',0x3230),(330,15,'INSERT','INSERT','module_action_roles.role_code','',0x53555045525F41444D494E),(331,15,'INSERT','INSERT','module_action_roles.module_action_id','',0x3231),(332,15,'INSERT','INSERT','module_action_roles.role_code','',0x53555045525F41444D494E),(333,15,'INSERT','INSERT','module_action_roles.module_action_id','',0x3232),(334,15,'INSERT','INSERT','module_action_roles.role_code','',0x53555045525F41444D494E),(335,15,'INSERT','INSERT','module_action_roles.module_action_id','',0x3233),(336,15,'INSERT','INSERT','module_action_roles.role_code','',0x53555045525F41444D494E),(337,15,'INSERT','INSERT','module_action_roles.module_action_id','',0x3235),(338,15,'INSERT','INSERT','module_action_roles.role_code','',0x53555045525F41444D494E),(339,15,'INSERT','INSERT','module_action_roles.module_action_id','',0x3236),(340,15,'INSERT','INSERT','module_action_roles.role_code','',0x53555045525F41444D494E),(341,15,'INSERT','INSERT','module_action_roles.module_action_id','',0x3237),(342,15,'INSERT','INSERT','module_action_roles.role_code','',0x53555045525F41444D494E),(343,15,'INSERT','INSERT','module_action_roles.module_action_id','',0x3238),(344,15,'INSERT','INSERT','module_action_roles.role_code','',0x53555045525F41444D494E),(345,15,'INSERT','INSERT','module_action_roles.module_action_id','',0x3239),(346,15,'INSERT','INSERT','module_action_roles.role_code','',0x53555045525F41444D494E),(347,15,'INSERT','INSERT','module_action_roles.module_action_id','',0x3330),(348,15,'INSERT','INSERT','module_action_roles.role_code','',0x53555045525F41444D494E),(349,15,'INSERT','INSERT','module_action_roles.module_action_id','',0x3331),(350,15,'INSERT','INSERT','module_action_roles.role_code','',0x53555045525F41444D494E),(351,15,'INSERT','INSERT','module_action_roles.module_action_id','',0x3332),(352,15,'INSERT','INSERT','module_action_roles.role_code','',0x53555045525F41444D494E),(353,15,'INSERT','INSERT','module_action_roles.module_action_id','',0x3333),(354,15,'INSERT','INSERT','module_action_roles.role_code','',0x53555045525F41444D494E),(355,15,'INSERT','INSERT','module_action_roles.module_action_id','',0x3334),(356,15,'INSERT','INSERT','module_action_roles.role_code','',0x53555045525F41444D494E),(357,15,'INSERT','INSERT','module_action_roles.module_action_id','',0x3335),(358,15,'INSERT','INSERT','module_action_roles.role_code','',0x53555045525F41444D494E),(359,15,'INSERT','INSERT','module_action_roles.module_action_id','',0x3336),(360,15,'INSERT','INSERT','module_action_roles.role_code','',0x53555045525F41444D494E),(361,15,'INSERT','INSERT','module_action_roles.module_action_id','',0x3337),(362,15,'INSERT','INSERT','module_action_roles.role_code','',0x53555045525F41444D494E),(363,15,'INSERT','INSERT','module_action_roles.module_action_id','',0x3339),(364,15,'INSERT','INSERT','module_action_roles.role_code','',0x53555045525F41444D494E),(365,15,'INSERT','INSERT','module_action_roles.module_action_id','',0x3430),(366,15,'INSERT','INSERT','module_action_roles.role_code','',0x53555045525F41444D494E),(367,15,'INSERT','INSERT','module_action_roles.module_action_id','',0x3431),(368,15,'INSERT','INSERT','module_action_roles.role_code','',0x53555045525F41444D494E),(369,15,'INSERT','INSERT','module_action_roles.module_action_id','',0x3432),(370,15,'INSERT','INSERT','module_action_roles.role_code','',0x53555045525F41444D494E),(371,15,'INSERT','INSERT','module_action_roles.module_action_id','',0x3433),(372,15,'INSERT','INSERT','module_action_roles.role_code','',0x53555045525F41444D494E),(373,15,'INSERT','INSERT','module_action_roles.module_action_id','',0x3434),(374,15,'INSERT','INSERT','module_action_roles.role_code','',0x53555045525F41444D494E),(375,15,'INSERT','INSERT','module_action_roles.module_action_id','',0x3435),(376,15,'INSERT','INSERT','module_action_roles.role_code','',0x53555045525F41444D494E),(377,15,'INSERT','INSERT','module_action_roles.module_action_id','',0x3436),(378,15,'INSERT','INSERT','module_action_roles.role_code','',0x53555045525F41444D494E),(379,15,'INSERT','INSERT','module_action_roles.module_action_id','',0x3437),(380,15,'INSERT','INSERT','module_action_roles.role_code','',0x53555045525F41444D494E),(381,15,'INSERT','INSERT','module_action_roles.module_action_id','',0x3438),(382,15,'INSERT','INSERT','module_action_roles.role_code','',0x53555045525F41444D494E),(383,15,'INSERT','INSERT','module_action_roles.module_action_id','',0x3439),(384,15,'INSERT','INSERT','module_action_roles.role_code','',0x53555045525F41444D494E),(385,15,'INSERT','INSERT','module_action_roles.module_action_id','',0x3530),(386,15,'INSERT','INSERT','module_action_roles.role_code','',0x53555045525F41444D494E),(387,15,'INSERT','INSERT','module_action_roles.module_action_id','',0x3531),(388,15,'INSERT','INSERT','module_action_roles.role_code','',0x53555045525F41444D494E),(389,15,'INSERT','INSERT','module_action_roles.module_action_id','',0x3532),(390,15,'INSERT','INSERT','module_action_roles.role_code','',0x53555045525F41444D494E),(391,15,'INSERT','INSERT','module_action_roles.module_action_id','',0x3533),(392,15,'INSERT','INSERT','module_action_roles.role_code','',0x53555045525F41444D494E),(393,15,'INSERT','INSERT','module_action_roles.module_action_id','',0x3534),(394,15,'INSERT','INSERT','module_action_roles.role_code','',0x53555045525F41444D494E),(395,15,'INSERT','INSERT','module_action_roles.module_action_id','',0x3535),(396,15,'INSERT','INSERT','module_action_roles.role_code','',0x53555045525F41444D494E),(397,15,'INSERT','INSERT','module_action_roles.module_action_id','',0x3536),(398,15,'INSERT','INSERT','module_action_roles.role_code','',0x53555045525F41444D494E),(399,15,'INSERT','INSERT','module_action_roles.module_action_id','',0x3537),(400,15,'INSERT','INSERT','module_action_roles.role_code','',0x53555045525F41444D494E),(401,15,'INSERT','INSERT','module_action_roles.module_action_id','',0x3538),(402,15,'INSERT','INSERT','module_action_roles.role_code','',0x53555045525F41444D494E),(403,15,'INSERT','INSERT','module_action_roles.module_action_id','',0x3736),(404,15,'INSERT','INSERT','module_action_roles.role_code','',0x53555045525F41444D494E),(405,15,'INSERT','INSERT','module_action_roles.module_action_id','',0x3738),(406,15,'INSERT','INSERT','module_action_roles.role_code','',0x53555045525F41444D494E),(407,15,'INSERT','INSERT','module_action_roles.module_action_id','',0x3830),(408,15,'INSERT','INSERT','module_action_roles.role_code','',0x53555045525F41444D494E),(409,15,'INSERT','INSERT','module_action_roles.module_action_id','',0x3831),(410,15,'INSERT','INSERT','module_action_roles.role_code','',0x53555045525F41444D494E),(411,15,'INSERT','INSERT','module_action_roles.module_action_id','',0x3832),(412,15,'INSERT','INSERT','module_action_roles.role_code','',0x53555045525F41444D494E),(413,15,'INSERT','INSERT','module_action_roles.module_action_id','',0x3833),(414,15,'INSERT','INSERT','module_action_roles.role_code','',0x53555045525F41444D494E),(415,15,'INSERT','INSERT','module_action_roles.module_action_id','',0x3834),(416,15,'INSERT','INSERT','module_action_roles.role_code','',0x53555045525F41444D494E),(417,15,'INSERT','INSERT','module_action_roles.module_action_id','',0x3835),(418,15,'INSERT','INSERT','module_action_roles.role_code','',0x53555045525F41444D494E),(419,15,'INSERT','INSERT','module_action_roles.module_action_id','',0x3836),(420,15,'INSERT','INSERT','module_action_roles.role_code','',0x53555045525F41444D494E),(421,15,'INSERT','INSERT','module_action_roles.module_action_id','',0x3837),(422,15,'INSERT','INSERT','module_action_roles.role_code','',0x53555045525F41444D494E),(423,15,'INSERT','INSERT','module_action_roles.module_action_id','',0x3838),(424,15,'INSERT','INSERT','module_action_roles.role_code','',0x53555045525F41444D494E),(425,15,'INSERT','INSERT','module_action_roles.module_action_id','',0x3839),(426,15,'INSERT','INSERT','module_action_roles.role_code','',0x53555045525F41444D494E),(427,15,'INSERT','INSERT','module_action_roles.module_action_id','',0x3930),(428,15,'INSERT','INSERT','module_action_roles.role_code','',0x53555045525F41444D494E),(429,15,'INSERT','INSERT','module_action_roles.module_action_id','',0x3931),(430,15,'INSERT','INSERT','module_action_roles.role_code','',0x53555045525F41444D494E),(431,15,'INSERT','INSERT','module_action_roles.module_action_id','',0x3932),(432,15,'INSERT','INSERT','module_action_roles.role_code','',0x53555045525F41444D494E),(433,15,'INSERT','INSERT','module_action_roles.module_action_id','',0x3933),(434,15,'INSERT','INSERT','module_action_roles.role_code','',0x53555045525F41444D494E),(435,15,'INSERT','INSERT','module_action_roles.module_action_id','',0x3934),(436,15,'INSERT','INSERT','module_action_roles.role_code','',0x53555045525F41444D494E),(437,15,'INSERT','INSERT','module_action_roles.module_action_id','',0x3935),(438,15,'INSERT','INSERT','module_action_roles.role_code','',0x53555045525F41444D494E),(439,15,'INSERT','INSERT','module_action_roles.module_action_id','',0x3936),(440,15,'INSERT','INSERT','module_action_roles.role_code','',0x53555045525F41444D494E),(441,15,'INSERT','INSERT','module_action_roles.module_action_id','',0x3937),(442,15,'INSERT','INSERT','module_action_roles.role_code','',0x53555045525F41444D494E),(443,15,'INSERT','INSERT','module_action_roles.module_action_id','',0x3938),(444,15,'INSERT','INSERT','module_action_roles.role_code','',0x53555045525F41444D494E),(445,15,'INSERT','INSERT','module_action_roles.module_action_id','',0x3939),(446,15,'INSERT','INSERT','module_action_roles.role_code','',0x53555045525F41444D494E),(447,15,'INSERT','INSERT','module_action_roles.module_action_id','',0x313030),(448,15,'INSERT','INSERT','module_action_roles.role_code','',0x53555045525F41444D494E),(449,15,'INSERT','INSERT','module_action_roles.module_action_id','',0x313031),(450,15,'INSERT','INSERT','module_action_roles.role_code','',0x53555045525F41444D494E),(451,18,'DELETE','DELETE','module_action_roles.module_action_id',0x313031,''),(452,18,'DELETE','DELETE','module_action_roles.role_code',0x53555045525F41444D494E,''),(453,18,'INSERT','INSERT','module_action_roles.module_action_id','',0x31),(454,18,'INSERT','INSERT','module_action_roles.role_code','',0x53555045525F41444D494E),(455,18,'INSERT','INSERT','module_action_roles.module_action_id','',0x32),(456,18,'INSERT','INSERT','module_action_roles.role_code','',0x53555045525F41444D494E),(457,18,'INSERT','INSERT','module_action_roles.module_action_id','',0x34),(458,18,'INSERT','INSERT','module_action_roles.role_code','',0x53555045525F41444D494E),(459,18,'INSERT','INSERT','module_action_roles.module_action_id','',0x35),(460,18,'INSERT','INSERT','module_action_roles.role_code','',0x53555045525F41444D494E),(461,18,'INSERT','INSERT','module_action_roles.module_action_id','',0x36),(462,18,'INSERT','INSERT','module_action_roles.role_code','',0x53555045525F41444D494E),(463,18,'INSERT','INSERT','module_action_roles.module_action_id','',0x37),(464,18,'INSERT','INSERT','module_action_roles.role_code','',0x53555045525F41444D494E),(465,18,'INSERT','INSERT','module_action_roles.module_action_id','',0x38),(466,18,'INSERT','INSERT','module_action_roles.role_code','',0x53555045525F41444D494E),(467,18,'INSERT','INSERT','module_action_roles.module_action_id','',0x39),(468,18,'INSERT','INSERT','module_action_roles.role_code','',0x53555045525F41444D494E),(469,18,'INSERT','INSERT','module_action_roles.module_action_id','',0x3130),(470,18,'INSERT','INSERT','module_action_roles.role_code','',0x53555045525F41444D494E),(471,18,'INSERT','INSERT','module_action_roles.module_action_id','',0x3136),(472,18,'INSERT','INSERT','module_action_roles.role_code','',0x53555045525F41444D494E),(473,18,'INSERT','INSERT','module_action_roles.module_action_id','',0x3137),(474,18,'INSERT','INSERT','module_action_roles.role_code','',0x53555045525F41444D494E),(475,18,'INSERT','INSERT','module_action_roles.module_action_id','',0x3138),(476,18,'INSERT','INSERT','module_action_roles.role_code','',0x53555045525F41444D494E),(477,18,'INSERT','INSERT','module_action_roles.module_action_id','',0x3139),(478,18,'INSERT','INSERT','module_action_roles.role_code','',0x53555045525F41444D494E),(479,18,'INSERT','INSERT','module_action_roles.module_action_id','',0x3230),(480,18,'INSERT','INSERT','module_action_roles.role_code','',0x53555045525F41444D494E),(481,18,'INSERT','INSERT','module_action_roles.module_action_id','',0x3231),(482,18,'INSERT','INSERT','module_action_roles.role_code','',0x53555045525F41444D494E),(483,18,'INSERT','INSERT','module_action_roles.module_action_id','',0x3232),(484,18,'INSERT','INSERT','module_action_roles.role_code','',0x53555045525F41444D494E),(485,18,'INSERT','INSERT','module_action_roles.module_action_id','',0x3233),(486,18,'INSERT','INSERT','module_action_roles.role_code','',0x53555045525F41444D494E),(487,18,'INSERT','INSERT','module_action_roles.module_action_id','',0x3235),(488,18,'INSERT','INSERT','module_action_roles.role_code','',0x53555045525F41444D494E),(489,18,'INSERT','INSERT','module_action_roles.module_action_id','',0x3236),(490,18,'INSERT','INSERT','module_action_roles.role_code','',0x53555045525F41444D494E),(491,18,'INSERT','INSERT','module_action_roles.module_action_id','',0x3237),(492,18,'INSERT','INSERT','module_action_roles.role_code','',0x53555045525F41444D494E),(493,18,'INSERT','INSERT','module_action_roles.module_action_id','',0x3238),(494,18,'INSERT','INSERT','module_action_roles.role_code','',0x53555045525F41444D494E),(495,18,'INSERT','INSERT','module_action_roles.module_action_id','',0x3239),(496,18,'INSERT','INSERT','module_action_roles.role_code','',0x53555045525F41444D494E),(497,18,'INSERT','INSERT','module_action_roles.module_action_id','',0x3330),(498,18,'INSERT','INSERT','module_action_roles.role_code','',0x53555045525F41444D494E),(499,18,'INSERT','INSERT','module_action_roles.module_action_id','',0x3331),(500,18,'INSERT','INSERT','module_action_roles.role_code','',0x53555045525F41444D494E),(501,18,'INSERT','INSERT','module_action_roles.module_action_id','',0x3332),(502,18,'INSERT','INSERT','module_action_roles.role_code','',0x53555045525F41444D494E),(503,18,'INSERT','INSERT','module_action_roles.module_action_id','',0x3333),(504,18,'INSERT','INSERT','module_action_roles.role_code','',0x53555045525F41444D494E),(505,18,'INSERT','INSERT','module_action_roles.module_action_id','',0x3334),(506,18,'INSERT','INSERT','module_action_roles.role_code','',0x53555045525F41444D494E),(507,18,'INSERT','INSERT','module_action_roles.module_action_id','',0x3335),(508,18,'INSERT','INSERT','module_action_roles.role_code','',0x53555045525F41444D494E),(509,18,'INSERT','INSERT','module_action_roles.module_action_id','',0x3336),(510,18,'INSERT','INSERT','module_action_roles.role_code','',0x53555045525F41444D494E),(511,18,'INSERT','INSERT','module_action_roles.module_action_id','',0x3337),(512,18,'INSERT','INSERT','module_action_roles.role_code','',0x53555045525F41444D494E),(513,18,'INSERT','INSERT','module_action_roles.module_action_id','',0x3339),(514,18,'INSERT','INSERT','module_action_roles.role_code','',0x53555045525F41444D494E),(515,18,'INSERT','INSERT','module_action_roles.module_action_id','',0x3430),(516,18,'INSERT','INSERT','module_action_roles.role_code','',0x53555045525F41444D494E),(517,18,'INSERT','INSERT','module_action_roles.module_action_id','',0x3431),(518,18,'INSERT','INSERT','module_action_roles.role_code','',0x53555045525F41444D494E),(519,18,'INSERT','INSERT','module_action_roles.module_action_id','',0x3432),(520,18,'INSERT','INSERT','module_action_roles.role_code','',0x53555045525F41444D494E),(521,18,'INSERT','INSERT','module_action_roles.module_action_id','',0x3433),(522,18,'INSERT','INSERT','module_action_roles.role_code','',0x53555045525F41444D494E),(523,18,'INSERT','INSERT','module_action_roles.module_action_id','',0x3434),(524,18,'INSERT','INSERT','module_action_roles.role_code','',0x53555045525F41444D494E),(525,18,'INSERT','INSERT','module_action_roles.module_action_id','',0x3435),(526,18,'INSERT','INSERT','module_action_roles.role_code','',0x53555045525F41444D494E),(527,18,'INSERT','INSERT','module_action_roles.module_action_id','',0x3436),(528,18,'INSERT','INSERT','module_action_roles.role_code','',0x53555045525F41444D494E),(529,18,'INSERT','INSERT','module_action_roles.module_action_id','',0x3437),(530,18,'INSERT','INSERT','module_action_roles.role_code','',0x53555045525F41444D494E),(531,18,'INSERT','INSERT','module_action_roles.module_action_id','',0x3438),(532,18,'INSERT','INSERT','module_action_roles.role_code','',0x53555045525F41444D494E),(533,18,'INSERT','INSERT','module_action_roles.module_action_id','',0x3439),(534,18,'INSERT','INSERT','module_action_roles.role_code','',0x53555045525F41444D494E),(535,18,'INSERT','INSERT','module_action_roles.module_action_id','',0x3530),(536,18,'INSERT','INSERT','module_action_roles.role_code','',0x53555045525F41444D494E),(537,18,'INSERT','INSERT','module_action_roles.module_action_id','',0x3531),(538,18,'INSERT','INSERT','module_action_roles.role_code','',0x53555045525F41444D494E),(539,18,'INSERT','INSERT','module_action_roles.module_action_id','',0x3532),(540,18,'INSERT','INSERT','module_action_roles.role_code','',0x53555045525F41444D494E),(541,18,'INSERT','INSERT','module_action_roles.module_action_id','',0x3533),(542,18,'INSERT','INSERT','module_action_roles.role_code','',0x53555045525F41444D494E),(543,18,'INSERT','INSERT','module_action_roles.module_action_id','',0x3534),(544,18,'INSERT','INSERT','module_action_roles.role_code','',0x53555045525F41444D494E),(545,18,'INSERT','INSERT','module_action_roles.module_action_id','',0x3535),(546,18,'INSERT','INSERT','module_action_roles.role_code','',0x53555045525F41444D494E),(547,18,'INSERT','INSERT','module_action_roles.module_action_id','',0x3536),(548,18,'INSERT','INSERT','module_action_roles.role_code','',0x53555045525F41444D494E),(549,18,'INSERT','INSERT','module_action_roles.module_action_id','',0x3537),(550,18,'INSERT','INSERT','module_action_roles.role_code','',0x53555045525F41444D494E),(551,18,'INSERT','INSERT','module_action_roles.module_action_id','',0x3538),(552,18,'INSERT','INSERT','module_action_roles.role_code','',0x53555045525F41444D494E),(553,18,'INSERT','INSERT','module_action_roles.module_action_id','',0x3736),(554,18,'INSERT','INSERT','module_action_roles.role_code','',0x53555045525F41444D494E),(555,18,'INSERT','INSERT','module_action_roles.module_action_id','',0x3738),(556,18,'INSERT','INSERT','module_action_roles.role_code','',0x53555045525F41444D494E),(557,18,'INSERT','INSERT','module_action_roles.module_action_id','',0x3830),(558,18,'INSERT','INSERT','module_action_roles.role_code','',0x53555045525F41444D494E),(559,18,'INSERT','INSERT','module_action_roles.module_action_id','',0x3831),(560,18,'INSERT','INSERT','module_action_roles.role_code','',0x53555045525F41444D494E),(561,18,'INSERT','INSERT','module_action_roles.module_action_id','',0x3832),(562,18,'INSERT','INSERT','module_action_roles.role_code','',0x53555045525F41444D494E),(563,18,'INSERT','INSERT','module_action_roles.module_action_id','',0x3833),(564,18,'INSERT','INSERT','module_action_roles.role_code','',0x53555045525F41444D494E),(565,18,'INSERT','INSERT','module_action_roles.module_action_id','',0x3834),(566,18,'INSERT','INSERT','module_action_roles.role_code','',0x53555045525F41444D494E),(567,18,'INSERT','INSERT','module_action_roles.module_action_id','',0x3835),(568,18,'INSERT','INSERT','module_action_roles.role_code','',0x53555045525F41444D494E),(569,18,'INSERT','INSERT','module_action_roles.module_action_id','',0x3836),(570,18,'INSERT','INSERT','module_action_roles.role_code','',0x53555045525F41444D494E),(571,18,'INSERT','INSERT','module_action_roles.module_action_id','',0x3837),(572,18,'INSERT','INSERT','module_action_roles.role_code','',0x53555045525F41444D494E),(573,18,'INSERT','INSERT','module_action_roles.module_action_id','',0x3838),(574,18,'INSERT','INSERT','module_action_roles.role_code','',0x53555045525F41444D494E),(575,18,'INSERT','INSERT','module_action_roles.module_action_id','',0x3839),(576,18,'INSERT','INSERT','module_action_roles.role_code','',0x53555045525F41444D494E),(577,18,'INSERT','INSERT','module_action_roles.module_action_id','',0x3930),(578,18,'INSERT','INSERT','module_action_roles.role_code','',0x53555045525F41444D494E),(579,18,'INSERT','INSERT','module_action_roles.module_action_id','',0x3931),(580,18,'INSERT','INSERT','module_action_roles.role_code','',0x53555045525F41444D494E),(581,18,'INSERT','INSERT','module_action_roles.module_action_id','',0x3932),(582,18,'INSERT','INSERT','module_action_roles.role_code','',0x53555045525F41444D494E),(583,18,'INSERT','INSERT','module_action_roles.module_action_id','',0x3933),(584,18,'INSERT','INSERT','module_action_roles.role_code','',0x53555045525F41444D494E),(585,18,'INSERT','INSERT','module_action_roles.module_action_id','',0x3934),(586,18,'INSERT','INSERT','module_action_roles.role_code','',0x53555045525F41444D494E),(587,18,'INSERT','INSERT','module_action_roles.module_action_id','',0x3935),(588,18,'INSERT','INSERT','module_action_roles.role_code','',0x53555045525F41444D494E),(589,18,'INSERT','INSERT','module_action_roles.module_action_id','',0x3936),(590,18,'INSERT','INSERT','module_action_roles.role_code','',0x53555045525F41444D494E),(591,18,'INSERT','INSERT','module_action_roles.module_action_id','',0x3937),(592,18,'INSERT','INSERT','module_action_roles.role_code','',0x53555045525F41444D494E),(593,18,'INSERT','INSERT','module_action_roles.module_action_id','',0x3938),(594,18,'INSERT','INSERT','module_action_roles.role_code','',0x53555045525F41444D494E),(595,18,'INSERT','INSERT','module_action_roles.module_action_id','',0x3939),(596,18,'INSERT','INSERT','module_action_roles.role_code','',0x53555045525F41444D494E),(597,18,'INSERT','INSERT','module_action_roles.module_action_id','',0x313030),(598,18,'INSERT','INSERT','module_action_roles.role_code','',0x53555045525F41444D494E),(599,18,'INSERT','INSERT','module_action_roles.module_action_id','',0x313031),(600,18,'INSERT','INSERT','module_action_roles.role_code','',0x53555045525F41444D494E),(601,18,'INSERT','INSERT','module_action_roles.module_action_id','',0x313032),(602,18,'INSERT','INSERT','module_action_roles.role_code','',0x53555045525F41444D494E),(603,18,'INSERT','INSERT','module_action_roles.module_action_id','',0x313033),(604,18,'INSERT','INSERT','module_action_roles.role_code','',0x53555045525F41444D494E),(605,18,'INSERT','INSERT','module_action_roles.module_action_id','',0x313034),(606,18,'INSERT','INSERT','module_action_roles.role_code','',0x53555045525F41444D494E),(607,24,'DELETE','DELETE','module_action_roles.module_action_id',0x313031,''),(608,24,'DELETE','DELETE','module_action_roles.role_code',0x53555045525F41444D494E,''),(609,24,'DELETE','DELETE','module_action_roles.module_action_id',0x313032,''),(610,24,'DELETE','DELETE','module_action_roles.role_code',0x53555045525F41444D494E,''),(611,24,'DELETE','DELETE','module_action_roles.module_action_id',0x313033,''),(612,24,'DELETE','DELETE','module_action_roles.role_code',0x53555045525F41444D494E,''),(613,24,'DELETE','DELETE','module_action_roles.module_action_id',0x313034,''),(614,24,'DELETE','DELETE','module_action_roles.role_code',0x53555045525F41444D494E,''),(615,24,'INSERT','INSERT','module_action_roles.module_action_id','',0x31),(616,24,'INSERT','INSERT','module_action_roles.role_code','',0x53555045525F41444D494E),(617,24,'INSERT','INSERT','module_action_roles.module_action_id','',0x32),(618,24,'INSERT','INSERT','module_action_roles.role_code','',0x53555045525F41444D494E),(619,24,'INSERT','INSERT','module_action_roles.module_action_id','',0x34),(620,24,'INSERT','INSERT','module_action_roles.role_code','',0x53555045525F41444D494E),(621,24,'INSERT','INSERT','module_action_roles.module_action_id','',0x35),(622,24,'INSERT','INSERT','module_action_roles.role_code','',0x53555045525F41444D494E),(623,24,'INSERT','INSERT','module_action_roles.module_action_id','',0x36),(624,24,'INSERT','INSERT','module_action_roles.role_code','',0x53555045525F41444D494E),(625,24,'INSERT','INSERT','module_action_roles.module_action_id','',0x37),(626,24,'INSERT','INSERT','module_action_roles.role_code','',0x53555045525F41444D494E),(627,24,'INSERT','INSERT','module_action_roles.module_action_id','',0x38),(628,24,'INSERT','INSERT','module_action_roles.role_code','',0x53555045525F41444D494E),(629,24,'INSERT','INSERT','module_action_roles.module_action_id','',0x39),(630,24,'INSERT','INSERT','module_action_roles.role_code','',0x53555045525F41444D494E),(631,24,'INSERT','INSERT','module_action_roles.module_action_id','',0x3130),(632,24,'INSERT','INSERT','module_action_roles.role_code','',0x53555045525F41444D494E),(633,24,'INSERT','INSERT','module_action_roles.module_action_id','',0x3136),(634,24,'INSERT','INSERT','module_action_roles.role_code','',0x53555045525F41444D494E),(635,24,'INSERT','INSERT','module_action_roles.module_action_id','',0x3137),(636,24,'INSERT','INSERT','module_action_roles.role_code','',0x53555045525F41444D494E),(637,24,'INSERT','INSERT','module_action_roles.module_action_id','',0x3138),(638,24,'INSERT','INSERT','module_action_roles.role_code','',0x53555045525F41444D494E),(639,24,'INSERT','INSERT','module_action_roles.module_action_id','',0x3139),(640,24,'INSERT','INSERT','module_action_roles.role_code','',0x53555045525F41444D494E),(641,24,'INSERT','INSERT','module_action_roles.module_action_id','',0x3230),(642,24,'INSERT','INSERT','module_action_roles.role_code','',0x53555045525F41444D494E),(643,24,'INSERT','INSERT','module_action_roles.module_action_id','',0x3231),(644,24,'INSERT','INSERT','module_action_roles.role_code','',0x53555045525F41444D494E),(645,24,'INSERT','INSERT','module_action_roles.module_action_id','',0x3232),(646,24,'INSERT','INSERT','module_action_roles.role_code','',0x53555045525F41444D494E),(647,24,'INSERT','INSERT','module_action_roles.module_action_id','',0x3233),(648,24,'INSERT','INSERT','module_action_roles.role_code','',0x53555045525F41444D494E),(649,24,'INSERT','INSERT','module_action_roles.module_action_id','',0x3235),(650,24,'INSERT','INSERT','module_action_roles.role_code','',0x53555045525F41444D494E),(651,24,'INSERT','INSERT','module_action_roles.module_action_id','',0x3236),(652,24,'INSERT','INSERT','module_action_roles.role_code','',0x53555045525F41444D494E),(653,24,'INSERT','INSERT','module_action_roles.module_action_id','',0x3237),(654,24,'INSERT','INSERT','module_action_roles.role_code','',0x53555045525F41444D494E),(655,24,'INSERT','INSERT','module_action_roles.module_action_id','',0x3238),(656,24,'INSERT','INSERT','module_action_roles.role_code','',0x53555045525F41444D494E),(657,24,'INSERT','INSERT','module_action_roles.module_action_id','',0x3239),(658,24,'INSERT','INSERT','module_action_roles.role_code','',0x53555045525F41444D494E),(659,24,'INSERT','INSERT','module_action_roles.module_action_id','',0x3330),(660,24,'INSERT','INSERT','module_action_roles.role_code','',0x53555045525F41444D494E),(661,24,'INSERT','INSERT','module_action_roles.module_action_id','',0x3331),(662,24,'INSERT','INSERT','module_action_roles.role_code','',0x53555045525F41444D494E),(663,24,'INSERT','INSERT','module_action_roles.module_action_id','',0x3332),(664,24,'INSERT','INSERT','module_action_roles.role_code','',0x53555045525F41444D494E),(665,24,'INSERT','INSERT','module_action_roles.module_action_id','',0x3333),(666,24,'INSERT','INSERT','module_action_roles.role_code','',0x53555045525F41444D494E),(667,24,'INSERT','INSERT','module_action_roles.module_action_id','',0x3334),(668,24,'INSERT','INSERT','module_action_roles.role_code','',0x53555045525F41444D494E),(669,24,'INSERT','INSERT','module_action_roles.module_action_id','',0x3335),(670,24,'INSERT','INSERT','module_action_roles.role_code','',0x53555045525F41444D494E),(671,24,'INSERT','INSERT','module_action_roles.module_action_id','',0x3336),(672,24,'INSERT','INSERT','module_action_roles.role_code','',0x53555045525F41444D494E),(673,24,'INSERT','INSERT','module_action_roles.module_action_id','',0x3337),(674,24,'INSERT','INSERT','module_action_roles.role_code','',0x53555045525F41444D494E),(675,24,'INSERT','INSERT','module_action_roles.module_action_id','',0x3339),(676,24,'INSERT','INSERT','module_action_roles.role_code','',0x53555045525F41444D494E),(677,24,'INSERT','INSERT','module_action_roles.module_action_id','',0x3430),(678,24,'INSERT','INSERT','module_action_roles.role_code','',0x53555045525F41444D494E),(679,24,'INSERT','INSERT','module_action_roles.module_action_id','',0x3431),(680,24,'INSERT','INSERT','module_action_roles.role_code','',0x53555045525F41444D494E),(681,24,'INSERT','INSERT','module_action_roles.module_action_id','',0x3432),(682,24,'INSERT','INSERT','module_action_roles.role_code','',0x53555045525F41444D494E),(683,24,'INSERT','INSERT','module_action_roles.module_action_id','',0x3433),(684,24,'INSERT','INSERT','module_action_roles.role_code','',0x53555045525F41444D494E),(685,24,'INSERT','INSERT','module_action_roles.module_action_id','',0x3434),(686,24,'INSERT','INSERT','module_action_roles.role_code','',0x53555045525F41444D494E),(687,24,'INSERT','INSERT','module_action_roles.module_action_id','',0x3435),(688,24,'INSERT','INSERT','module_action_roles.role_code','',0x53555045525F41444D494E),(689,24,'INSERT','INSERT','module_action_roles.module_action_id','',0x3436),(690,24,'INSERT','INSERT','module_action_roles.role_code','',0x53555045525F41444D494E),(691,24,'INSERT','INSERT','module_action_roles.module_action_id','',0x3437),(692,24,'INSERT','INSERT','module_action_roles.role_code','',0x53555045525F41444D494E),(693,24,'INSERT','INSERT','module_action_roles.module_action_id','',0x3438),(694,24,'INSERT','INSERT','module_action_roles.role_code','',0x53555045525F41444D494E),(695,24,'INSERT','INSERT','module_action_roles.module_action_id','',0x3439),(696,24,'INSERT','INSERT','module_action_roles.role_code','',0x53555045525F41444D494E),(697,24,'INSERT','INSERT','module_action_roles.module_action_id','',0x3530),(698,24,'INSERT','INSERT','module_action_roles.role_code','',0x53555045525F41444D494E),(699,24,'INSERT','INSERT','module_action_roles.module_action_id','',0x3531),(700,24,'INSERT','INSERT','module_action_roles.role_code','',0x53555045525F41444D494E),(701,24,'INSERT','INSERT','module_action_roles.module_action_id','',0x3532),(702,24,'INSERT','INSERT','module_action_roles.role_code','',0x53555045525F41444D494E),(703,24,'INSERT','INSERT','module_action_roles.module_action_id','',0x3533),(704,24,'INSERT','INSERT','module_action_roles.role_code','',0x53555045525F41444D494E),(705,24,'INSERT','INSERT','module_action_roles.module_action_id','',0x3534),(706,24,'INSERT','INSERT','module_action_roles.role_code','',0x53555045525F41444D494E),(707,24,'INSERT','INSERT','module_action_roles.module_action_id','',0x3535),(708,24,'INSERT','INSERT','module_action_roles.role_code','',0x53555045525F41444D494E),(709,24,'INSERT','INSERT','module_action_roles.module_action_id','',0x3536),(710,24,'INSERT','INSERT','module_action_roles.role_code','',0x53555045525F41444D494E),(711,24,'INSERT','INSERT','module_action_roles.module_action_id','',0x3537),(712,24,'INSERT','INSERT','module_action_roles.role_code','',0x53555045525F41444D494E),(713,24,'INSERT','INSERT','module_action_roles.module_action_id','',0x3538),(714,24,'INSERT','INSERT','module_action_roles.role_code','',0x53555045525F41444D494E),(715,24,'INSERT','INSERT','module_action_roles.module_action_id','',0x3736),(716,24,'INSERT','INSERT','module_action_roles.role_code','',0x53555045525F41444D494E),(717,24,'INSERT','INSERT','module_action_roles.module_action_id','',0x3738),(718,24,'INSERT','INSERT','module_action_roles.role_code','',0x53555045525F41444D494E),(719,24,'INSERT','INSERT','module_action_roles.module_action_id','',0x3830),(720,24,'INSERT','INSERT','module_action_roles.role_code','',0x53555045525F41444D494E),(721,24,'INSERT','INSERT','module_action_roles.module_action_id','',0x3831),(722,24,'INSERT','INSERT','module_action_roles.role_code','',0x53555045525F41444D494E),(723,24,'INSERT','INSERT','module_action_roles.module_action_id','',0x3832),(724,24,'INSERT','INSERT','module_action_roles.role_code','',0x53555045525F41444D494E),(725,24,'INSERT','INSERT','module_action_roles.module_action_id','',0x3833),(726,24,'INSERT','INSERT','module_action_roles.role_code','',0x53555045525F41444D494E),(727,24,'INSERT','INSERT','module_action_roles.module_action_id','',0x3834),(728,24,'INSERT','INSERT','module_action_roles.role_code','',0x53555045525F41444D494E),(729,24,'INSERT','INSERT','module_action_roles.module_action_id','',0x3835),(730,24,'INSERT','INSERT','module_action_roles.role_code','',0x53555045525F41444D494E),(731,24,'INSERT','INSERT','module_action_roles.module_action_id','',0x3836),(732,24,'INSERT','INSERT','module_action_roles.role_code','',0x53555045525F41444D494E),(733,24,'INSERT','INSERT','module_action_roles.module_action_id','',0x3837),(734,24,'INSERT','INSERT','module_action_roles.role_code','',0x53555045525F41444D494E),(735,24,'INSERT','INSERT','module_action_roles.module_action_id','',0x3838),(736,24,'INSERT','INSERT','module_action_roles.role_code','',0x53555045525F41444D494E),(737,24,'INSERT','INSERT','module_action_roles.module_action_id','',0x3839),(738,24,'INSERT','INSERT','module_action_roles.role_code','',0x53555045525F41444D494E),(739,24,'INSERT','INSERT','module_action_roles.module_action_id','',0x3930),(740,24,'INSERT','INSERT','module_action_roles.role_code','',0x53555045525F41444D494E),(741,24,'INSERT','INSERT','module_action_roles.module_action_id','',0x3931),(742,24,'INSERT','INSERT','module_action_roles.role_code','',0x53555045525F41444D494E),(743,24,'INSERT','INSERT','module_action_roles.module_action_id','',0x3932),(744,24,'INSERT','INSERT','module_action_roles.role_code','',0x53555045525F41444D494E),(745,24,'INSERT','INSERT','module_action_roles.module_action_id','',0x3933),(746,24,'INSERT','INSERT','module_action_roles.role_code','',0x53555045525F41444D494E),(747,24,'INSERT','INSERT','module_action_roles.module_action_id','',0x3934),(748,24,'INSERT','INSERT','module_action_roles.role_code','',0x53555045525F41444D494E),(749,24,'INSERT','INSERT','module_action_roles.module_action_id','',0x3935),(750,24,'INSERT','INSERT','module_action_roles.role_code','',0x53555045525F41444D494E),(751,24,'INSERT','INSERT','module_action_roles.module_action_id','',0x3936),(752,24,'INSERT','INSERT','module_action_roles.role_code','',0x53555045525F41444D494E),(753,24,'INSERT','INSERT','module_action_roles.module_action_id','',0x3937),(754,24,'INSERT','INSERT','module_action_roles.role_code','',0x53555045525F41444D494E),(755,24,'INSERT','INSERT','module_action_roles.module_action_id','',0x3938),(756,24,'INSERT','INSERT','module_action_roles.role_code','',0x53555045525F41444D494E),(757,24,'INSERT','INSERT','module_action_roles.module_action_id','',0x3939),(758,24,'INSERT','INSERT','module_action_roles.role_code','',0x53555045525F41444D494E),(759,24,'INSERT','INSERT','module_action_roles.module_action_id','',0x313030),(760,24,'INSERT','INSERT','module_action_roles.role_code','',0x53555045525F41444D494E),(761,24,'INSERT','INSERT','module_action_roles.module_action_id','',0x313031),(762,24,'INSERT','INSERT','module_action_roles.role_code','',0x53555045525F41444D494E),(763,24,'INSERT','INSERT','module_action_roles.module_action_id','',0x313032),(764,24,'INSERT','INSERT','module_action_roles.role_code','',0x53555045525F41444D494E),(765,24,'INSERT','INSERT','module_action_roles.module_action_id','',0x313033),(766,24,'INSERT','INSERT','module_action_roles.role_code','',0x53555045525F41444D494E),(767,24,'INSERT','INSERT','module_action_roles.module_action_id','',0x313034),(768,24,'INSERT','INSERT','module_action_roles.role_code','',0x53555045525F41444D494E),(769,24,'INSERT','INSERT','module_action_roles.module_action_id','',0x313035),(770,24,'INSERT','INSERT','module_action_roles.role_code','',0x53555045525F41444D494E),(771,39,'DELETE','DELETE','module_action_roles.module_action_id',0x313031,''),(772,39,'DELETE','DELETE','module_action_roles.role_code',0x53555045525F41444D494E,''),(773,39,'DELETE','DELETE','module_action_roles.module_action_id',0x313032,''),(774,39,'DELETE','DELETE','module_action_roles.role_code',0x53555045525F41444D494E,''),(775,39,'DELETE','DELETE','module_action_roles.module_action_id',0x313033,''),(776,39,'DELETE','DELETE','module_action_roles.role_code',0x53555045525F41444D494E,''),(777,39,'DELETE','DELETE','module_action_roles.module_action_id',0x313034,''),(778,39,'DELETE','DELETE','module_action_roles.role_code',0x53555045525F41444D494E,''),(779,39,'DELETE','DELETE','module_action_roles.module_action_id',0x313035,''),(780,39,'DELETE','DELETE','module_action_roles.role_code',0x53555045525F41444D494E,''),(781,39,'INSERT','INSERT','module_action_roles.module_action_id','',0x31),(782,39,'INSERT','INSERT','module_action_roles.role_code','',0x53555045525F41444D494E),(783,39,'INSERT','INSERT','module_action_roles.module_action_id','',0x32),(784,39,'INSERT','INSERT','module_action_roles.role_code','',0x53555045525F41444D494E),(785,39,'INSERT','INSERT','module_action_roles.module_action_id','',0x34),(786,39,'INSERT','INSERT','module_action_roles.role_code','',0x53555045525F41444D494E),(787,39,'INSERT','INSERT','module_action_roles.module_action_id','',0x35),(788,39,'INSERT','INSERT','module_action_roles.role_code','',0x53555045525F41444D494E),(789,39,'INSERT','INSERT','module_action_roles.module_action_id','',0x36),(790,39,'INSERT','INSERT','module_action_roles.role_code','',0x53555045525F41444D494E),(791,39,'INSERT','INSERT','module_action_roles.module_action_id','',0x37),(792,39,'INSERT','INSERT','module_action_roles.role_code','',0x53555045525F41444D494E),(793,39,'INSERT','INSERT','module_action_roles.module_action_id','',0x38),(794,39,'INSERT','INSERT','module_action_roles.role_code','',0x53555045525F41444D494E),(795,39,'INSERT','INSERT','module_action_roles.module_action_id','',0x39),(796,39,'INSERT','INSERT','module_action_roles.role_code','',0x53555045525F41444D494E),(797,39,'INSERT','INSERT','module_action_roles.module_action_id','',0x3130),(798,39,'INSERT','INSERT','module_action_roles.role_code','',0x53555045525F41444D494E),(799,39,'INSERT','INSERT','module_action_roles.module_action_id','',0x3136),(800,39,'INSERT','INSERT','module_action_roles.role_code','',0x53555045525F41444D494E),(801,39,'INSERT','INSERT','module_action_roles.module_action_id','',0x3137),(802,39,'INSERT','INSERT','module_action_roles.role_code','',0x53555045525F41444D494E),(803,39,'INSERT','INSERT','module_action_roles.module_action_id','',0x3138),(804,39,'INSERT','INSERT','module_action_roles.role_code','',0x53555045525F41444D494E),(805,39,'INSERT','INSERT','module_action_roles.module_action_id','',0x3139),(806,39,'INSERT','INSERT','module_action_roles.role_code','',0x53555045525F41444D494E),(807,39,'INSERT','INSERT','module_action_roles.module_action_id','',0x3230),(808,39,'INSERT','INSERT','module_action_roles.role_code','',0x53555045525F41444D494E),(809,39,'INSERT','INSERT','module_action_roles.module_action_id','',0x3231),(810,39,'INSERT','INSERT','module_action_roles.role_code','',0x53555045525F41444D494E),(811,39,'INSERT','INSERT','module_action_roles.module_action_id','',0x3232),(812,39,'INSERT','INSERT','module_action_roles.role_code','',0x53555045525F41444D494E),(813,39,'INSERT','INSERT','module_action_roles.module_action_id','',0x3233),(814,39,'INSERT','INSERT','module_action_roles.role_code','',0x53555045525F41444D494E),(815,39,'INSERT','INSERT','module_action_roles.module_action_id','',0x3235),(816,39,'INSERT','INSERT','module_action_roles.role_code','',0x53555045525F41444D494E),(817,39,'INSERT','INSERT','module_action_roles.module_action_id','',0x3236),(818,39,'INSERT','INSERT','module_action_roles.role_code','',0x53555045525F41444D494E),(819,39,'INSERT','INSERT','module_action_roles.module_action_id','',0x3237),(820,39,'INSERT','INSERT','module_action_roles.role_code','',0x53555045525F41444D494E),(821,39,'INSERT','INSERT','module_action_roles.module_action_id','',0x3238),(822,39,'INSERT','INSERT','module_action_roles.role_code','',0x53555045525F41444D494E),(823,39,'INSERT','INSERT','module_action_roles.module_action_id','',0x3239),(824,39,'INSERT','INSERT','module_action_roles.role_code','',0x53555045525F41444D494E),(825,39,'INSERT','INSERT','module_action_roles.module_action_id','',0x3330),(826,39,'INSERT','INSERT','module_action_roles.role_code','',0x53555045525F41444D494E),(827,39,'INSERT','INSERT','module_action_roles.module_action_id','',0x3331),(828,39,'INSERT','INSERT','module_action_roles.role_code','',0x53555045525F41444D494E),(829,39,'INSERT','INSERT','module_action_roles.module_action_id','',0x3332),(830,39,'INSERT','INSERT','module_action_roles.role_code','',0x53555045525F41444D494E),(831,39,'INSERT','INSERT','module_action_roles.module_action_id','',0x3333),(832,39,'INSERT','INSERT','module_action_roles.role_code','',0x53555045525F41444D494E),(833,39,'INSERT','INSERT','module_action_roles.module_action_id','',0x3334),(834,39,'INSERT','INSERT','module_action_roles.role_code','',0x53555045525F41444D494E),(835,39,'INSERT','INSERT','module_action_roles.module_action_id','',0x3335),(836,39,'INSERT','INSERT','module_action_roles.role_code','',0x53555045525F41444D494E),(837,39,'INSERT','INSERT','module_action_roles.module_action_id','',0x3336),(838,39,'INSERT','INSERT','module_action_roles.role_code','',0x53555045525F41444D494E),(839,39,'INSERT','INSERT','module_action_roles.module_action_id','',0x3337),(840,39,'INSERT','INSERT','module_action_roles.role_code','',0x53555045525F41444D494E),(841,39,'INSERT','INSERT','module_action_roles.module_action_id','',0x3339),(842,39,'INSERT','INSERT','module_action_roles.role_code','',0x53555045525F41444D494E),(843,39,'INSERT','INSERT','module_action_roles.module_action_id','',0x3430),(844,39,'INSERT','INSERT','module_action_roles.role_code','',0x53555045525F41444D494E),(845,39,'INSERT','INSERT','module_action_roles.module_action_id','',0x3431),(846,39,'INSERT','INSERT','module_action_roles.role_code','',0x53555045525F41444D494E),(847,39,'INSERT','INSERT','module_action_roles.module_action_id','',0x3432),(848,39,'INSERT','INSERT','module_action_roles.role_code','',0x53555045525F41444D494E),(849,39,'INSERT','INSERT','module_action_roles.module_action_id','',0x3433),(850,39,'INSERT','INSERT','module_action_roles.role_code','',0x53555045525F41444D494E),(851,39,'INSERT','INSERT','module_action_roles.module_action_id','',0x3434),(852,39,'INSERT','INSERT','module_action_roles.role_code','',0x53555045525F41444D494E),(853,39,'INSERT','INSERT','module_action_roles.module_action_id','',0x3435),(854,39,'INSERT','INSERT','module_action_roles.role_code','',0x53555045525F41444D494E),(855,39,'INSERT','INSERT','module_action_roles.module_action_id','',0x3436),(856,39,'INSERT','INSERT','module_action_roles.role_code','',0x53555045525F41444D494E),(857,39,'INSERT','INSERT','module_action_roles.module_action_id','',0x3437),(858,39,'INSERT','INSERT','module_action_roles.role_code','',0x53555045525F41444D494E),(859,39,'INSERT','INSERT','module_action_roles.module_action_id','',0x3438),(860,39,'INSERT','INSERT','module_action_roles.role_code','',0x53555045525F41444D494E),(861,39,'INSERT','INSERT','module_action_roles.module_action_id','',0x3439),(862,39,'INSERT','INSERT','module_action_roles.role_code','',0x53555045525F41444D494E),(863,39,'INSERT','INSERT','module_action_roles.module_action_id','',0x3530),(864,39,'INSERT','INSERT','module_action_roles.role_code','',0x53555045525F41444D494E),(865,39,'INSERT','INSERT','module_action_roles.module_action_id','',0x3531),(866,39,'INSERT','INSERT','module_action_roles.role_code','',0x53555045525F41444D494E),(867,39,'INSERT','INSERT','module_action_roles.module_action_id','',0x3532),(868,39,'INSERT','INSERT','module_action_roles.role_code','',0x53555045525F41444D494E),(869,39,'INSERT','INSERT','module_action_roles.module_action_id','',0x3533),(870,39,'INSERT','INSERT','module_action_roles.role_code','',0x53555045525F41444D494E),(871,39,'INSERT','INSERT','module_action_roles.module_action_id','',0x3534),(872,39,'INSERT','INSERT','module_action_roles.role_code','',0x53555045525F41444D494E),(873,39,'INSERT','INSERT','module_action_roles.module_action_id','',0x3535),(874,39,'INSERT','INSERT','module_action_roles.role_code','',0x53555045525F41444D494E),(875,39,'INSERT','INSERT','module_action_roles.module_action_id','',0x3536),(876,39,'INSERT','INSERT','module_action_roles.role_code','',0x53555045525F41444D494E),(877,39,'INSERT','INSERT','module_action_roles.module_action_id','',0x3537),(878,39,'INSERT','INSERT','module_action_roles.role_code','',0x53555045525F41444D494E),(879,39,'INSERT','INSERT','module_action_roles.module_action_id','',0x3538),(880,39,'INSERT','INSERT','module_action_roles.role_code','',0x53555045525F41444D494E),(881,39,'INSERT','INSERT','module_action_roles.module_action_id','',0x3736),(882,39,'INSERT','INSERT','module_action_roles.role_code','',0x53555045525F41444D494E),(883,39,'INSERT','INSERT','module_action_roles.module_action_id','',0x3738),(884,39,'INSERT','INSERT','module_action_roles.role_code','',0x53555045525F41444D494E),(885,39,'INSERT','INSERT','module_action_roles.module_action_id','',0x3830),(886,39,'INSERT','INSERT','module_action_roles.role_code','',0x53555045525F41444D494E),(887,39,'INSERT','INSERT','module_action_roles.module_action_id','',0x3831),(888,39,'INSERT','INSERT','module_action_roles.role_code','',0x53555045525F41444D494E),(889,39,'INSERT','INSERT','module_action_roles.module_action_id','',0x3832),(890,39,'INSERT','INSERT','module_action_roles.role_code','',0x53555045525F41444D494E),(891,39,'INSERT','INSERT','module_action_roles.module_action_id','',0x3833),(892,39,'INSERT','INSERT','module_action_roles.role_code','',0x53555045525F41444D494E),(893,39,'INSERT','INSERT','module_action_roles.module_action_id','',0x3834),(894,39,'INSERT','INSERT','module_action_roles.role_code','',0x53555045525F41444D494E),(895,39,'INSERT','INSERT','module_action_roles.module_action_id','',0x3835),(896,39,'INSERT','INSERT','module_action_roles.role_code','',0x53555045525F41444D494E),(897,39,'INSERT','INSERT','module_action_roles.module_action_id','',0x3836),(898,39,'INSERT','INSERT','module_action_roles.role_code','',0x53555045525F41444D494E),(899,39,'INSERT','INSERT','module_action_roles.module_action_id','',0x3837),(900,39,'INSERT','INSERT','module_action_roles.role_code','',0x53555045525F41444D494E),(901,39,'INSERT','INSERT','module_action_roles.module_action_id','',0x3838),(902,39,'INSERT','INSERT','module_action_roles.role_code','',0x53555045525F41444D494E),(903,39,'INSERT','INSERT','module_action_roles.module_action_id','',0x3839),(904,39,'INSERT','INSERT','module_action_roles.role_code','',0x53555045525F41444D494E),(905,39,'INSERT','INSERT','module_action_roles.module_action_id','',0x3930),(906,39,'INSERT','INSERT','module_action_roles.role_code','',0x53555045525F41444D494E),(907,39,'INSERT','INSERT','module_action_roles.module_action_id','',0x3931),(908,39,'INSERT','INSERT','module_action_roles.role_code','',0x53555045525F41444D494E),(909,39,'INSERT','INSERT','module_action_roles.module_action_id','',0x3932),(910,39,'INSERT','INSERT','module_action_roles.role_code','',0x53555045525F41444D494E),(911,39,'INSERT','INSERT','module_action_roles.module_action_id','',0x3933),(912,39,'INSERT','INSERT','module_action_roles.role_code','',0x53555045525F41444D494E),(913,39,'INSERT','INSERT','module_action_roles.module_action_id','',0x3934),(914,39,'INSERT','INSERT','module_action_roles.role_code','',0x53555045525F41444D494E),(915,39,'INSERT','INSERT','module_action_roles.module_action_id','',0x3935),(916,39,'INSERT','INSERT','module_action_roles.role_code','',0x53555045525F41444D494E),(917,39,'INSERT','INSERT','module_action_roles.module_action_id','',0x3936),(918,39,'INSERT','INSERT','module_action_roles.role_code','',0x53555045525F41444D494E),(919,39,'INSERT','INSERT','module_action_roles.module_action_id','',0x3937),(920,39,'INSERT','INSERT','module_action_roles.role_code','',0x53555045525F41444D494E),(921,39,'INSERT','INSERT','module_action_roles.module_action_id','',0x3938),(922,39,'INSERT','INSERT','module_action_roles.role_code','',0x53555045525F41444D494E),(923,39,'INSERT','INSERT','module_action_roles.module_action_id','',0x3939),(924,39,'INSERT','INSERT','module_action_roles.role_code','',0x53555045525F41444D494E),(925,39,'INSERT','INSERT','module_action_roles.module_action_id','',0x313030),(926,39,'INSERT','INSERT','module_action_roles.role_code','',0x53555045525F41444D494E),(927,39,'INSERT','INSERT','module_action_roles.module_action_id','',0x313031),(928,39,'INSERT','INSERT','module_action_roles.role_code','',0x53555045525F41444D494E),(929,39,'INSERT','INSERT','module_action_roles.module_action_id','',0x313032),(930,39,'INSERT','INSERT','module_action_roles.role_code','',0x53555045525F41444D494E),(931,39,'INSERT','INSERT','module_action_roles.module_action_id','',0x313033),(932,39,'INSERT','INSERT','module_action_roles.role_code','',0x53555045525F41444D494E),(933,39,'INSERT','INSERT','module_action_roles.module_action_id','',0x313034),(934,39,'INSERT','INSERT','module_action_roles.role_code','',0x53555045525F41444D494E),(935,39,'INSERT','INSERT','module_action_roles.module_action_id','',0x313035),(936,39,'INSERT','INSERT','module_action_roles.role_code','',0x53555045525F41444D494E),(937,39,'INSERT','INSERT','module_action_roles.module_action_id','',0x313036),(938,39,'INSERT','INSERT','module_action_roles.role_code','',0x53555045525F41444D494E),(939,39,'INSERT','INSERT','module_action_roles.module_action_id','',0x313037),(940,39,'INSERT','INSERT','module_action_roles.role_code','',0x53555045525F41444D494E),(941,39,'INSERT','INSERT','module_action_roles.module_action_id','',0x313038),(942,39,'INSERT','INSERT','module_action_roles.role_code','',0x53555045525F41444D494E),(943,52,'DELETE','DELETE','module_action_roles.module_action_id',0x313031,''),(944,52,'DELETE','DELETE','module_action_roles.role_code',0x53555045525F41444D494E,''),(945,52,'DELETE','DELETE','module_action_roles.module_action_id',0x313032,''),(946,52,'DELETE','DELETE','module_action_roles.role_code',0x53555045525F41444D494E,''),(947,52,'DELETE','DELETE','module_action_roles.module_action_id',0x313033,''),(948,52,'DELETE','DELETE','module_action_roles.role_code',0x53555045525F41444D494E,''),(949,52,'DELETE','DELETE','module_action_roles.module_action_id',0x313034,''),(950,52,'DELETE','DELETE','module_action_roles.role_code',0x53555045525F41444D494E,''),(951,52,'DELETE','DELETE','module_action_roles.module_action_id',0x313035,''),(952,52,'DELETE','DELETE','module_action_roles.role_code',0x53555045525F41444D494E,''),(953,52,'DELETE','DELETE','module_action_roles.module_action_id',0x313036,''),(954,52,'DELETE','DELETE','module_action_roles.role_code',0x53555045525F41444D494E,''),(955,52,'DELETE','DELETE','module_action_roles.module_action_id',0x313037,''),(956,52,'DELETE','DELETE','module_action_roles.role_code',0x53555045525F41444D494E,''),(957,52,'DELETE','DELETE','module_action_roles.module_action_id',0x313038,''),(958,52,'DELETE','DELETE','module_action_roles.role_code',0x53555045525F41444D494E,''),(959,52,'INSERT','INSERT','module_action_roles.module_action_id','',0x31),(960,52,'INSERT','INSERT','module_action_roles.role_code','',0x53555045525F41444D494E),(961,52,'INSERT','INSERT','module_action_roles.module_action_id','',0x32),(962,52,'INSERT','INSERT','module_action_roles.role_code','',0x53555045525F41444D494E),(963,52,'INSERT','INSERT','module_action_roles.module_action_id','',0x34),(964,52,'INSERT','INSERT','module_action_roles.role_code','',0x53555045525F41444D494E),(965,52,'INSERT','INSERT','module_action_roles.module_action_id','',0x35),(966,52,'INSERT','INSERT','module_action_roles.role_code','',0x53555045525F41444D494E),(967,52,'INSERT','INSERT','module_action_roles.module_action_id','',0x36),(968,52,'INSERT','INSERT','module_action_roles.role_code','',0x53555045525F41444D494E),(969,52,'INSERT','INSERT','module_action_roles.module_action_id','',0x37),(970,52,'INSERT','INSERT','module_action_roles.role_code','',0x53555045525F41444D494E),(971,52,'INSERT','INSERT','module_action_roles.module_action_id','',0x38),(972,52,'INSERT','INSERT','module_action_roles.role_code','',0x53555045525F41444D494E),(973,52,'INSERT','INSERT','module_action_roles.module_action_id','',0x39),(974,52,'INSERT','INSERT','module_action_roles.role_code','',0x53555045525F41444D494E),(975,52,'INSERT','INSERT','module_action_roles.module_action_id','',0x3130),(976,52,'INSERT','INSERT','module_action_roles.role_code','',0x53555045525F41444D494E),(977,52,'INSERT','INSERT','module_action_roles.module_action_id','',0x3136),(978,52,'INSERT','INSERT','module_action_roles.role_code','',0x53555045525F41444D494E),(979,52,'INSERT','INSERT','module_action_roles.module_action_id','',0x3137),(980,52,'INSERT','INSERT','module_action_roles.role_code','',0x53555045525F41444D494E),(981,52,'INSERT','INSERT','module_action_roles.module_action_id','',0x3138),(982,52,'INSERT','INSERT','module_action_roles.role_code','',0x53555045525F41444D494E),(983,52,'INSERT','INSERT','module_action_roles.module_action_id','',0x3139),(984,52,'INSERT','INSERT','module_action_roles.role_code','',0x53555045525F41444D494E),(985,52,'INSERT','INSERT','module_action_roles.module_action_id','',0x3230),(986,52,'INSERT','INSERT','module_action_roles.role_code','',0x53555045525F41444D494E),(987,52,'INSERT','INSERT','module_action_roles.module_action_id','',0x3231),(988,52,'INSERT','INSERT','module_action_roles.role_code','',0x53555045525F41444D494E),(989,52,'INSERT','INSERT','module_action_roles.module_action_id','',0x3232),(990,52,'INSERT','INSERT','module_action_roles.role_code','',0x53555045525F41444D494E),(991,52,'INSERT','INSERT','module_action_roles.module_action_id','',0x3233),(992,52,'INSERT','INSERT','module_action_roles.role_code','',0x53555045525F41444D494E),(993,52,'INSERT','INSERT','module_action_roles.module_action_id','',0x3235),(994,52,'INSERT','INSERT','module_action_roles.role_code','',0x53555045525F41444D494E),(995,52,'INSERT','INSERT','module_action_roles.module_action_id','',0x3236),(996,52,'INSERT','INSERT','module_action_roles.role_code','',0x53555045525F41444D494E),(997,52,'INSERT','INSERT','module_action_roles.module_action_id','',0x3237),(998,52,'INSERT','INSERT','module_action_roles.role_code','',0x53555045525F41444D494E),(999,52,'INSERT','INSERT','module_action_roles.module_action_id','',0x3238),(1000,52,'INSERT','INSERT','module_action_roles.role_code','',0x53555045525F41444D494E),(1001,52,'INSERT','INSERT','module_action_roles.module_action_id','',0x3239),(1002,52,'INSERT','INSERT','module_action_roles.role_code','',0x53555045525F41444D494E),(1003,52,'INSERT','INSERT','module_action_roles.module_action_id','',0x3330),(1004,52,'INSERT','INSERT','module_action_roles.role_code','',0x53555045525F41444D494E),(1005,52,'INSERT','INSERT','module_action_roles.module_action_id','',0x3331),(1006,52,'INSERT','INSERT','module_action_roles.role_code','',0x53555045525F41444D494E),(1007,52,'INSERT','INSERT','module_action_roles.module_action_id','',0x3332),(1008,52,'INSERT','INSERT','module_action_roles.role_code','',0x53555045525F41444D494E),(1009,52,'INSERT','INSERT','module_action_roles.module_action_id','',0x3333),(1010,52,'INSERT','INSERT','module_action_roles.role_code','',0x53555045525F41444D494E),(1011,52,'INSERT','INSERT','module_action_roles.module_action_id','',0x3334),(1012,52,'INSERT','INSERT','module_action_roles.role_code','',0x53555045525F41444D494E),(1013,52,'INSERT','INSERT','module_action_roles.module_action_id','',0x3335),(1014,52,'INSERT','INSERT','module_action_roles.role_code','',0x53555045525F41444D494E),(1015,52,'INSERT','INSERT','module_action_roles.module_action_id','',0x3336),(1016,52,'INSERT','INSERT','module_action_roles.role_code','',0x53555045525F41444D494E),(1017,52,'INSERT','INSERT','module_action_roles.module_action_id','',0x3337),(1018,52,'INSERT','INSERT','module_action_roles.role_code','',0x53555045525F41444D494E),(1019,52,'INSERT','INSERT','module_action_roles.module_action_id','',0x3339),(1020,52,'INSERT','INSERT','module_action_roles.role_code','',0x53555045525F41444D494E),(1021,52,'INSERT','INSERT','module_action_roles.module_action_id','',0x3430),(1022,52,'INSERT','INSERT','module_action_roles.role_code','',0x53555045525F41444D494E),(1023,52,'INSERT','INSERT','module_action_roles.module_action_id','',0x3431),(1024,52,'INSERT','INSERT','module_action_roles.role_code','',0x53555045525F41444D494E),(1025,52,'INSERT','INSERT','module_action_roles.module_action_id','',0x3432),(1026,52,'INSERT','INSERT','module_action_roles.role_code','',0x53555045525F41444D494E),(1027,52,'INSERT','INSERT','module_action_roles.module_action_id','',0x3433),(1028,52,'INSERT','INSERT','module_action_roles.role_code','',0x53555045525F41444D494E),(1029,52,'INSERT','INSERT','module_action_roles.module_action_id','',0x3434),(1030,52,'INSERT','INSERT','module_action_roles.role_code','',0x53555045525F41444D494E),(1031,52,'INSERT','INSERT','module_action_roles.module_action_id','',0x3435),(1032,52,'INSERT','INSERT','module_action_roles.role_code','',0x53555045525F41444D494E),(1033,52,'INSERT','INSERT','module_action_roles.module_action_id','',0x3436),(1034,52,'INSERT','INSERT','module_action_roles.role_code','',0x53555045525F41444D494E),(1035,52,'INSERT','INSERT','module_action_roles.module_action_id','',0x3437),(1036,52,'INSERT','INSERT','module_action_roles.role_code','',0x53555045525F41444D494E),(1037,52,'INSERT','INSERT','module_action_roles.module_action_id','',0x3438),(1038,52,'INSERT','INSERT','module_action_roles.role_code','',0x53555045525F41444D494E),(1039,52,'INSERT','INSERT','module_action_roles.module_action_id','',0x3439),(1040,52,'INSERT','INSERT','module_action_roles.role_code','',0x53555045525F41444D494E),(1041,52,'INSERT','INSERT','module_action_roles.module_action_id','',0x3530),(1042,52,'INSERT','INSERT','module_action_roles.role_code','',0x53555045525F41444D494E),(1043,52,'INSERT','INSERT','module_action_roles.module_action_id','',0x3531),(1044,52,'INSERT','INSERT','module_action_roles.role_code','',0x53555045525F41444D494E),(1045,52,'INSERT','INSERT','module_action_roles.module_action_id','',0x3532),(1046,52,'INSERT','INSERT','module_action_roles.role_code','',0x53555045525F41444D494E),(1047,52,'INSERT','INSERT','module_action_roles.module_action_id','',0x3533),(1048,52,'INSERT','INSERT','module_action_roles.role_code','',0x53555045525F41444D494E),(1049,52,'INSERT','INSERT','module_action_roles.module_action_id','',0x3534),(1050,52,'INSERT','INSERT','module_action_roles.role_code','',0x53555045525F41444D494E),(1051,52,'INSERT','INSERT','module_action_roles.module_action_id','',0x3535),(1052,52,'INSERT','INSERT','module_action_roles.role_code','',0x53555045525F41444D494E),(1053,52,'INSERT','INSERT','module_action_roles.module_action_id','',0x3536),(1054,52,'INSERT','INSERT','module_action_roles.role_code','',0x53555045525F41444D494E),(1055,52,'INSERT','INSERT','module_action_roles.module_action_id','',0x3537),(1056,52,'INSERT','INSERT','module_action_roles.role_code','',0x53555045525F41444D494E),(1057,52,'INSERT','INSERT','module_action_roles.module_action_id','',0x3538),(1058,52,'INSERT','INSERT','module_action_roles.role_code','',0x53555045525F41444D494E),(1059,52,'INSERT','INSERT','module_action_roles.module_action_id','',0x3736),(1060,52,'INSERT','INSERT','module_action_roles.role_code','',0x53555045525F41444D494E),(1061,52,'INSERT','INSERT','module_action_roles.module_action_id','',0x3738),(1062,52,'INSERT','INSERT','module_action_roles.role_code','',0x53555045525F41444D494E),(1063,52,'INSERT','INSERT','module_action_roles.module_action_id','',0x3830),(1064,52,'INSERT','INSERT','module_action_roles.role_code','',0x53555045525F41444D494E),(1065,52,'INSERT','INSERT','module_action_roles.module_action_id','',0x3831),(1066,52,'INSERT','INSERT','module_action_roles.role_code','',0x53555045525F41444D494E),(1067,52,'INSERT','INSERT','module_action_roles.module_action_id','',0x3832),(1068,52,'INSERT','INSERT','module_action_roles.role_code','',0x53555045525F41444D494E),(1069,52,'INSERT','INSERT','module_action_roles.module_action_id','',0x3833),(1070,52,'INSERT','INSERT','module_action_roles.role_code','',0x53555045525F41444D494E),(1071,52,'INSERT','INSERT','module_action_roles.module_action_id','',0x3834),(1072,52,'INSERT','INSERT','module_action_roles.role_code','',0x53555045525F41444D494E),(1073,52,'INSERT','INSERT','module_action_roles.module_action_id','',0x3835),(1074,52,'INSERT','INSERT','module_action_roles.role_code','',0x53555045525F41444D494E),(1075,52,'INSERT','INSERT','module_action_roles.module_action_id','',0x3836),(1076,52,'INSERT','INSERT','module_action_roles.role_code','',0x53555045525F41444D494E),(1077,52,'INSERT','INSERT','module_action_roles.module_action_id','',0x3837),(1078,52,'INSERT','INSERT','module_action_roles.role_code','',0x53555045525F41444D494E),(1079,52,'INSERT','INSERT','module_action_roles.module_action_id','',0x3838),(1080,52,'INSERT','INSERT','module_action_roles.role_code','',0x53555045525F41444D494E),(1081,52,'INSERT','INSERT','module_action_roles.module_action_id','',0x3839),(1082,52,'INSERT','INSERT','module_action_roles.role_code','',0x53555045525F41444D494E),(1083,52,'INSERT','INSERT','module_action_roles.module_action_id','',0x3930),(1084,52,'INSERT','INSERT','module_action_roles.role_code','',0x53555045525F41444D494E),(1085,52,'INSERT','INSERT','module_action_roles.module_action_id','',0x3931),(1086,52,'INSERT','INSERT','module_action_roles.role_code','',0x53555045525F41444D494E),(1087,52,'INSERT','INSERT','module_action_roles.module_action_id','',0x3932),(1088,52,'INSERT','INSERT','module_action_roles.role_code','',0x53555045525F41444D494E),(1089,52,'INSERT','INSERT','module_action_roles.module_action_id','',0x3933),(1090,52,'INSERT','INSERT','module_action_roles.role_code','',0x53555045525F41444D494E),(1091,52,'INSERT','INSERT','module_action_roles.module_action_id','',0x3934),(1092,52,'INSERT','INSERT','module_action_roles.role_code','',0x53555045525F41444D494E),(1093,52,'INSERT','INSERT','module_action_roles.module_action_id','',0x3935),(1094,52,'INSERT','INSERT','module_action_roles.role_code','',0x53555045525F41444D494E),(1095,52,'INSERT','INSERT','module_action_roles.module_action_id','',0x3936),(1096,52,'INSERT','INSERT','module_action_roles.role_code','',0x53555045525F41444D494E),(1097,52,'INSERT','INSERT','module_action_roles.module_action_id','',0x3937),(1098,52,'INSERT','INSERT','module_action_roles.role_code','',0x53555045525F41444D494E),(1099,52,'INSERT','INSERT','module_action_roles.module_action_id','',0x3938),(1100,52,'INSERT','INSERT','module_action_roles.role_code','',0x53555045525F41444D494E),(1101,52,'INSERT','INSERT','module_action_roles.module_action_id','',0x3939),(1102,52,'INSERT','INSERT','module_action_roles.role_code','',0x53555045525F41444D494E),(1103,52,'INSERT','INSERT','module_action_roles.module_action_id','',0x313030),(1104,52,'INSERT','INSERT','module_action_roles.role_code','',0x53555045525F41444D494E),(1105,52,'INSERT','INSERT','module_action_roles.module_action_id','',0x313031),(1106,52,'INSERT','INSERT','module_action_roles.role_code','',0x53555045525F41444D494E),(1107,52,'INSERT','INSERT','module_action_roles.module_action_id','',0x313032),(1108,52,'INSERT','INSERT','module_action_roles.role_code','',0x53555045525F41444D494E),(1109,52,'INSERT','INSERT','module_action_roles.module_action_id','',0x313033),(1110,52,'INSERT','INSERT','module_action_roles.role_code','',0x53555045525F41444D494E),(1111,52,'INSERT','INSERT','module_action_roles.module_action_id','',0x313034),(1112,52,'INSERT','INSERT','module_action_roles.role_code','',0x53555045525F41444D494E),(1113,52,'INSERT','INSERT','module_action_roles.module_action_id','',0x313035),(1114,52,'INSERT','INSERT','module_action_roles.role_code','',0x53555045525F41444D494E),(1115,52,'INSERT','INSERT','module_action_roles.module_action_id','',0x313036),(1116,52,'INSERT','INSERT','module_action_roles.role_code','',0x53555045525F41444D494E),(1117,52,'INSERT','INSERT','module_action_roles.module_action_id','',0x313037),(1118,52,'INSERT','INSERT','module_action_roles.role_code','',0x53555045525F41444D494E),(1119,52,'INSERT','INSERT','module_action_roles.module_action_id','',0x313038),(1120,52,'INSERT','INSERT','module_action_roles.role_code','',0x53555045525F41444D494E),(1121,52,'INSERT','INSERT','module_action_roles.module_action_id','',0x313039),(1122,52,'INSERT','INSERT','module_action_roles.role_code','',0x53555045525F41444D494E),(1123,52,'INSERT','INSERT','module_action_roles.module_action_id','',0x313130),(1124,52,'INSERT','INSERT','module_action_roles.role_code','',0x53555045525F41444D494E),(1125,52,'INSERT','INSERT','module_action_roles.module_action_id','',0x313131),(1126,52,'INSERT','INSERT','module_action_roles.role_code','',0x53555045525F41444D494E),(1127,60,'sos_core','INSERT','roles.role_code','',0x4D45524348414E54),(1128,60,'sos_core','INSERT','roles.role_name','',0x4D45524348414E54),(1129,60,'sos_core','INSERT','roles.maintainer_flag','',0x31),(1130,60,'sos_core','INSERT','roles.default_role_sign_up_flag','',0x4E),(1131,61,'sos_core','INSERT','users.user_id','',0x35),(1132,61,'sos_core','INSERT','users.org_code','',0x414E49),(1133,61,'sos_core','INSERT','users.password','',0x3364383534336135343933323936653039313134366537363930633532656465613334356430643331383363326131653138666133353437663731613937626431393035323131333537356339383437363661386566326536376135653164363435616133343331666332383837383862336439643363333063636465636233),(1134,61,'sos_core','INSERT','users.salt','',0x3764313932376639356133666631663761663230646237653339353561353038646662353336376633343938343136383737626336396164653361386532326634613864373063643264373530636239613166323664616238376338343839346336653736323434346663613235306336303739643863383236356333613032),(1135,61,'sos_core','INSERT','users.gender','',0x47454E4445525F4D414C45),(1136,61,'sos_core','INSERT','users.mail_flag','',0x31),(1137,61,'sos_core','INSERT','users.status','',0x5354415455535F414354495645),(1138,61,'sos_core','INSERT','users.initial_flag','',0x31),(1139,61,'sos_core','INSERT','users.receive_email_flag','',0x59),(1140,61,'sos_core','INSERT','users.receive_sms_flag','',0x59),(1141,61,'sos_core','INSERT','users.fname','',0x4D45524348414E54),(1142,61,'sos_core','INSERT','users.lname','',0x52495A414C),(1143,61,'sos_core','INSERT','users.email','',0x6D65726368616E7440676D61696C2E636F6D),(1144,61,'sos_core','INSERT','users.username','',0x6D65726368616E74),(1145,61,'sos_core','INSERT','users.job_title','',0x4D65726368616E74),(1146,66,'sos_core','UPDATE','users.password',0x3364383534336135343933323936653039313134366537363930633532656465613334356430643331383363326131653138666133353437663731613937626431393035323131333537356339383437363661386566326536376135653164363435616133343331666332383837383862336439643363333063636465636233,0x6665323232646465626465356539373830623361343539343561343936356431356134396561393530366436303165396139623137386634303761303961383130376566336638396535326136623264343062356333343734303661666230633437323838393034346563633566313962356230633038616338386333343065),(1147,66,'sos_core','UPDATE','users.salt',0x3764313932376639356133666631663761663230646237653339353561353038646662353336376633343938343136383737626336396164653361386532326634613864373063643264373530636239613166323664616238376338343839346336653736323434346663613235306336303739643863383236356333613032,0x6437306563303737396566623564643263646632343865313833306236643166313038383235663232666631633530306664653133303563623964316364386264303238633765653630636666623466643332313366633065666462393835616662356365633130383431653833363430616437373639383535633038383961),(1148,66,'sos_core','UPDATE','users.initial_flag',0x31,0x30),(1149,69,'INSERT','INSERT','module_action_roles.module_action_id','',0x313031),(1150,69,'INSERT','INSERT','module_action_roles.role_code','',0x4D45524348414E54),(1151,69,'INSERT','INSERT','module_action_roles.module_action_id','',0x313032),(1152,69,'INSERT','INSERT','module_action_roles.role_code','',0x4D45524348414E54),(1153,69,'INSERT','INSERT','module_action_roles.module_action_id','',0x313036),(1154,69,'INSERT','INSERT','module_action_roles.role_code','',0x4D45524348414E54),(1155,69,'INSERT','INSERT','module_action_roles.module_action_id','',0x313037),(1156,69,'INSERT','INSERT','module_action_roles.role_code','',0x4D45524348414E54),(1157,69,'INSERT','INSERT','module_action_roles.module_action_id','',0x313038),(1158,69,'INSERT','INSERT','module_action_roles.role_code','',0x4D45524348414E54),(1159,69,'INSERT','INSERT','default_module_action_roles.module_action_id','',0x313031),(1160,69,'INSERT','INSERT','default_module_action_roles.role_code','',0x4D45524348414E54),(1161,69,'INSERT','INSERT','default_module_action_roles.module_action_id','',0x313032),(1162,69,'INSERT','INSERT','default_module_action_roles.role_code','',0x4D45524348414E54),(1163,69,'INSERT','INSERT','default_module_action_roles.module_action_id','',0x313036),(1164,69,'INSERT','INSERT','default_module_action_roles.role_code','',0x4D45524348414E54),(1165,69,'INSERT','INSERT','default_module_action_roles.module_action_id','',0x313037),(1166,69,'INSERT','INSERT','default_module_action_roles.role_code','',0x4D45524348414E54),(1167,69,'INSERT','INSERT','default_module_action_roles.module_action_id','',0x313038),(1168,69,'INSERT','INSERT','default_module_action_roles.role_code','',0x4D45524348414E54),(1169,111,'INSERT','INSERT','module_action_roles.module_action_id','',0x31),(1170,111,'INSERT','INSERT','module_action_roles.role_code','',0x53555045525F41444D494E),(1171,111,'INSERT','INSERT','module_action_roles.module_action_id','',0x32),(1172,111,'INSERT','INSERT','module_action_roles.role_code','',0x53555045525F41444D494E),(1173,111,'INSERT','INSERT','module_action_roles.module_action_id','',0x34),(1174,111,'INSERT','INSERT','module_action_roles.role_code','',0x53555045525F41444D494E),(1175,111,'INSERT','INSERT','module_action_roles.module_action_id','',0x35),(1176,111,'INSERT','INSERT','module_action_roles.role_code','',0x53555045525F41444D494E),(1177,111,'INSERT','INSERT','module_action_roles.module_action_id','',0x36),(1178,111,'INSERT','INSERT','module_action_roles.role_code','',0x53555045525F41444D494E),(1179,111,'INSERT','INSERT','module_action_roles.module_action_id','',0x37),(1180,111,'INSERT','INSERT','module_action_roles.role_code','',0x53555045525F41444D494E),(1181,111,'INSERT','INSERT','module_action_roles.module_action_id','',0x38),(1182,111,'INSERT','INSERT','module_action_roles.role_code','',0x53555045525F41444D494E),(1183,111,'INSERT','INSERT','module_action_roles.module_action_id','',0x39),(1184,111,'INSERT','INSERT','module_action_roles.role_code','',0x53555045525F41444D494E),(1185,111,'INSERT','INSERT','module_action_roles.module_action_id','',0x3130),(1186,111,'INSERT','INSERT','module_action_roles.role_code','',0x53555045525F41444D494E),(1187,111,'INSERT','INSERT','module_action_roles.module_action_id','',0x3136),(1188,111,'INSERT','INSERT','module_action_roles.role_code','',0x53555045525F41444D494E),(1189,111,'INSERT','INSERT','module_action_roles.module_action_id','',0x3137),(1190,111,'INSERT','INSERT','module_action_roles.role_code','',0x53555045525F41444D494E),(1191,111,'INSERT','INSERT','module_action_roles.module_action_id','',0x3138),(1192,111,'INSERT','INSERT','module_action_roles.role_code','',0x53555045525F41444D494E),(1193,111,'INSERT','INSERT','module_action_roles.module_action_id','',0x3139),(1194,111,'INSERT','INSERT','module_action_roles.role_code','',0x53555045525F41444D494E),(1195,111,'INSERT','INSERT','module_action_roles.module_action_id','',0x3230),(1196,111,'INSERT','INSERT','module_action_roles.role_code','',0x53555045525F41444D494E),(1197,111,'INSERT','INSERT','module_action_roles.module_action_id','',0x3231),(1198,111,'INSERT','INSERT','module_action_roles.role_code','',0x53555045525F41444D494E),(1199,111,'INSERT','INSERT','module_action_roles.module_action_id','',0x3232),(1200,111,'INSERT','INSERT','module_action_roles.role_code','',0x53555045525F41444D494E),(1201,111,'INSERT','INSERT','module_action_roles.module_action_id','',0x3233),(1202,111,'INSERT','INSERT','module_action_roles.role_code','',0x53555045525F41444D494E),(1203,111,'INSERT','INSERT','module_action_roles.module_action_id','',0x3235),(1204,111,'INSERT','INSERT','module_action_roles.role_code','',0x53555045525F41444D494E),(1205,111,'INSERT','INSERT','module_action_roles.module_action_id','',0x3236),(1206,111,'INSERT','INSERT','module_action_roles.role_code','',0x53555045525F41444D494E),(1207,111,'INSERT','INSERT','module_action_roles.module_action_id','',0x3237),(1208,111,'INSERT','INSERT','module_action_roles.role_code','',0x53555045525F41444D494E),(1209,111,'INSERT','INSERT','module_action_roles.module_action_id','',0x3238),(1210,111,'INSERT','INSERT','module_action_roles.role_code','',0x53555045525F41444D494E),(1211,111,'INSERT','INSERT','module_action_roles.module_action_id','',0x3239),(1212,111,'INSERT','INSERT','module_action_roles.role_code','',0x53555045525F41444D494E),(1213,111,'INSERT','INSERT','module_action_roles.module_action_id','',0x3330),(1214,111,'INSERT','INSERT','module_action_roles.role_code','',0x53555045525F41444D494E),(1215,111,'INSERT','INSERT','module_action_roles.module_action_id','',0x3331),(1216,111,'INSERT','INSERT','module_action_roles.role_code','',0x53555045525F41444D494E),(1217,111,'INSERT','INSERT','module_action_roles.module_action_id','',0x3332),(1218,111,'INSERT','INSERT','module_action_roles.role_code','',0x53555045525F41444D494E),(1219,111,'INSERT','INSERT','module_action_roles.module_action_id','',0x3333),(1220,111,'INSERT','INSERT','module_action_roles.role_code','',0x53555045525F41444D494E),(1221,111,'INSERT','INSERT','module_action_roles.module_action_id','',0x3334),(1222,111,'INSERT','INSERT','module_action_roles.role_code','',0x53555045525F41444D494E),(1223,111,'INSERT','INSERT','module_action_roles.module_action_id','',0x3335),(1224,111,'INSERT','INSERT','module_action_roles.role_code','',0x53555045525F41444D494E),(1225,111,'INSERT','INSERT','module_action_roles.module_action_id','',0x3336),(1226,111,'INSERT','INSERT','module_action_roles.role_code','',0x53555045525F41444D494E),(1227,111,'INSERT','INSERT','module_action_roles.module_action_id','',0x3337),(1228,111,'INSERT','INSERT','module_action_roles.role_code','',0x53555045525F41444D494E),(1229,111,'INSERT','INSERT','module_action_roles.module_action_id','',0x3339),(1230,111,'INSERT','INSERT','module_action_roles.role_code','',0x53555045525F41444D494E),(1231,111,'INSERT','INSERT','module_action_roles.module_action_id','',0x3430),(1232,111,'INSERT','INSERT','module_action_roles.role_code','',0x53555045525F41444D494E),(1233,111,'INSERT','INSERT','module_action_roles.module_action_id','',0x3431),(1234,111,'INSERT','INSERT','module_action_roles.role_code','',0x53555045525F41444D494E),(1235,111,'INSERT','INSERT','module_action_roles.module_action_id','',0x3432),(1236,111,'INSERT','INSERT','module_action_roles.role_code','',0x53555045525F41444D494E),(1237,111,'INSERT','INSERT','module_action_roles.module_action_id','',0x3433),(1238,111,'INSERT','INSERT','module_action_roles.role_code','',0x53555045525F41444D494E),(1239,111,'INSERT','INSERT','module_action_roles.module_action_id','',0x3434),(1240,111,'INSERT','INSERT','module_action_roles.role_code','',0x53555045525F41444D494E),(1241,111,'INSERT','INSERT','module_action_roles.module_action_id','',0x3435),(1242,111,'INSERT','INSERT','module_action_roles.role_code','',0x53555045525F41444D494E),(1243,111,'INSERT','INSERT','module_action_roles.module_action_id','',0x3436),(1244,111,'INSERT','INSERT','module_action_roles.role_code','',0x53555045525F41444D494E),(1245,111,'INSERT','INSERT','module_action_roles.module_action_id','',0x3437),(1246,111,'INSERT','INSERT','module_action_roles.role_code','',0x53555045525F41444D494E),(1247,111,'INSERT','INSERT','module_action_roles.module_action_id','',0x3438),(1248,111,'INSERT','INSERT','module_action_roles.role_code','',0x53555045525F41444D494E),(1249,111,'INSERT','INSERT','module_action_roles.module_action_id','',0x3439),(1250,111,'INSERT','INSERT','module_action_roles.role_code','',0x53555045525F41444D494E),(1251,111,'INSERT','INSERT','module_action_roles.module_action_id','',0x3530),(1252,111,'INSERT','INSERT','module_action_roles.role_code','',0x53555045525F41444D494E),(1253,111,'INSERT','INSERT','module_action_roles.module_action_id','',0x3531),(1254,111,'INSERT','INSERT','module_action_roles.role_code','',0x53555045525F41444D494E),(1255,111,'INSERT','INSERT','module_action_roles.module_action_id','',0x3532),(1256,111,'INSERT','INSERT','module_action_roles.role_code','',0x53555045525F41444D494E),(1257,111,'INSERT','INSERT','module_action_roles.module_action_id','',0x3533),(1258,111,'INSERT','INSERT','module_action_roles.role_code','',0x53555045525F41444D494E),(1259,111,'INSERT','INSERT','module_action_roles.module_action_id','',0x3534),(1260,111,'INSERT','INSERT','module_action_roles.role_code','',0x53555045525F41444D494E),(1261,111,'INSERT','INSERT','module_action_roles.module_action_id','',0x3535),(1262,111,'INSERT','INSERT','module_action_roles.role_code','',0x53555045525F41444D494E),(1263,111,'INSERT','INSERT','module_action_roles.module_action_id','',0x3536),(1264,111,'INSERT','INSERT','module_action_roles.role_code','',0x53555045525F41444D494E),(1265,111,'INSERT','INSERT','module_action_roles.module_action_id','',0x3537),(1266,111,'INSERT','INSERT','module_action_roles.role_code','',0x53555045525F41444D494E),(1267,111,'INSERT','INSERT','module_action_roles.module_action_id','',0x3538),(1268,111,'INSERT','INSERT','module_action_roles.role_code','',0x53555045525F41444D494E),(1269,111,'INSERT','INSERT','module_action_roles.module_action_id','',0x3736),(1270,111,'INSERT','INSERT','module_action_roles.role_code','',0x53555045525F41444D494E),(1271,111,'INSERT','INSERT','module_action_roles.module_action_id','',0x3738),(1272,111,'INSERT','INSERT','module_action_roles.role_code','',0x53555045525F41444D494E),(1273,111,'INSERT','INSERT','module_action_roles.module_action_id','',0x3830),(1274,111,'INSERT','INSERT','module_action_roles.role_code','',0x53555045525F41444D494E),(1275,111,'INSERT','INSERT','module_action_roles.module_action_id','',0x3831),(1276,111,'INSERT','INSERT','module_action_roles.role_code','',0x53555045525F41444D494E),(1277,111,'INSERT','INSERT','module_action_roles.module_action_id','',0x3832),(1278,111,'INSERT','INSERT','module_action_roles.role_code','',0x53555045525F41444D494E),(1279,111,'INSERT','INSERT','module_action_roles.module_action_id','',0x3833),(1280,111,'INSERT','INSERT','module_action_roles.role_code','',0x53555045525F41444D494E),(1281,111,'INSERT','INSERT','module_action_roles.module_action_id','',0x3834),(1282,111,'INSERT','INSERT','module_action_roles.role_code','',0x53555045525F41444D494E),(1283,111,'INSERT','INSERT','module_action_roles.module_action_id','',0x3835),(1284,111,'INSERT','INSERT','module_action_roles.role_code','',0x53555045525F41444D494E),(1285,111,'INSERT','INSERT','module_action_roles.module_action_id','',0x3836),(1286,111,'INSERT','INSERT','module_action_roles.role_code','',0x53555045525F41444D494E),(1287,111,'INSERT','INSERT','module_action_roles.module_action_id','',0x3837),(1288,111,'INSERT','INSERT','module_action_roles.role_code','',0x53555045525F41444D494E),(1289,111,'INSERT','INSERT','module_action_roles.module_action_id','',0x3838),(1290,111,'INSERT','INSERT','module_action_roles.role_code','',0x53555045525F41444D494E),(1291,111,'INSERT','INSERT','module_action_roles.module_action_id','',0x3839),(1292,111,'INSERT','INSERT','module_action_roles.role_code','',0x53555045525F41444D494E),(1293,111,'INSERT','INSERT','module_action_roles.module_action_id','',0x3930),(1294,111,'INSERT','INSERT','module_action_roles.role_code','',0x53555045525F41444D494E),(1295,111,'INSERT','INSERT','module_action_roles.module_action_id','',0x3931),(1296,111,'INSERT','INSERT','module_action_roles.role_code','',0x53555045525F41444D494E),(1297,111,'INSERT','INSERT','module_action_roles.module_action_id','',0x3932),(1298,111,'INSERT','INSERT','module_action_roles.role_code','',0x53555045525F41444D494E),(1299,111,'INSERT','INSERT','module_action_roles.module_action_id','',0x3933),(1300,111,'INSERT','INSERT','module_action_roles.role_code','',0x53555045525F41444D494E),(1301,111,'INSERT','INSERT','module_action_roles.module_action_id','',0x3934),(1302,111,'INSERT','INSERT','module_action_roles.role_code','',0x53555045525F41444D494E),(1303,111,'INSERT','INSERT','module_action_roles.module_action_id','',0x3935),(1304,111,'INSERT','INSERT','module_action_roles.role_code','',0x53555045525F41444D494E),(1305,111,'INSERT','INSERT','module_action_roles.module_action_id','',0x3936),(1306,111,'INSERT','INSERT','module_action_roles.role_code','',0x53555045525F41444D494E),(1307,111,'INSERT','INSERT','module_action_roles.module_action_id','',0x3937),(1308,111,'INSERT','INSERT','module_action_roles.role_code','',0x53555045525F41444D494E),(1309,111,'INSERT','INSERT','module_action_roles.module_action_id','',0x3938),(1310,111,'INSERT','INSERT','module_action_roles.role_code','',0x53555045525F41444D494E),(1311,111,'INSERT','INSERT','module_action_roles.module_action_id','',0x3939),(1312,111,'INSERT','INSERT','module_action_roles.role_code','',0x53555045525F41444D494E),(1313,111,'INSERT','INSERT','module_action_roles.module_action_id','',0x313030),(1314,111,'INSERT','INSERT','module_action_roles.role_code','',0x53555045525F41444D494E),(1315,111,'INSERT','INSERT','module_action_roles.module_action_id','',0x313031),(1316,111,'INSERT','INSERT','module_action_roles.role_code','',0x53555045525F41444D494E),(1317,111,'INSERT','INSERT','module_action_roles.module_action_id','',0x313032),(1318,111,'INSERT','INSERT','module_action_roles.role_code','',0x53555045525F41444D494E),(1319,111,'INSERT','INSERT','module_action_roles.module_action_id','',0x313033),(1320,111,'INSERT','INSERT','module_action_roles.role_code','',0x53555045525F41444D494E),(1321,111,'INSERT','INSERT','module_action_roles.module_action_id','',0x313034),(1322,111,'INSERT','INSERT','module_action_roles.role_code','',0x53555045525F41444D494E),(1323,111,'INSERT','INSERT','module_action_roles.module_action_id','',0x313035),(1324,111,'INSERT','INSERT','module_action_roles.role_code','',0x53555045525F41444D494E),(1325,111,'INSERT','INSERT','module_action_roles.module_action_id','',0x313036),(1326,111,'INSERT','INSERT','module_action_roles.role_code','',0x53555045525F41444D494E),(1327,111,'INSERT','INSERT','module_action_roles.module_action_id','',0x313037),(1328,111,'INSERT','INSERT','module_action_roles.role_code','',0x53555045525F41444D494E),(1329,111,'INSERT','INSERT','module_action_roles.module_action_id','',0x313038),(1330,111,'INSERT','INSERT','module_action_roles.role_code','',0x53555045525F41444D494E),(1331,111,'INSERT','INSERT','module_action_roles.module_action_id','',0x313039),(1332,111,'INSERT','INSERT','module_action_roles.role_code','',0x53555045525F41444D494E),(1333,111,'INSERT','INSERT','module_action_roles.module_action_id','',0x313130),(1334,111,'INSERT','INSERT','module_action_roles.role_code','',0x53555045525F41444D494E),(1335,111,'INSERT','INSERT','module_action_roles.module_action_id','',0x313131),(1336,111,'INSERT','INSERT','module_action_roles.role_code','',0x53555045525F41444D494E),(1337,111,'INSERT','INSERT','module_action_roles.module_action_id','',0x313132),(1338,111,'INSERT','INSERT','module_action_roles.role_code','',0x53555045525F41444D494E),(1339,114,'DELETE','DELETE','module_action_roles.module_action_id',0x313132,''),(1340,114,'DELETE','DELETE','module_action_roles.role_code',0x53555045525F41444D494E,''),(1341,114,'INSERT','INSERT','module_action_roles.module_action_id','',0x31),(1342,114,'INSERT','INSERT','module_action_roles.role_code','',0x53555045525F41444D494E),(1343,114,'INSERT','INSERT','module_action_roles.module_action_id','',0x32),(1344,114,'INSERT','INSERT','module_action_roles.role_code','',0x53555045525F41444D494E),(1345,114,'INSERT','INSERT','module_action_roles.module_action_id','',0x34),(1346,114,'INSERT','INSERT','module_action_roles.role_code','',0x53555045525F41444D494E),(1347,114,'INSERT','INSERT','module_action_roles.module_action_id','',0x35),(1348,114,'INSERT','INSERT','module_action_roles.role_code','',0x53555045525F41444D494E),(1349,114,'INSERT','INSERT','module_action_roles.module_action_id','',0x36),(1350,114,'INSERT','INSERT','module_action_roles.role_code','',0x53555045525F41444D494E),(1351,114,'INSERT','INSERT','module_action_roles.module_action_id','',0x37),(1352,114,'INSERT','INSERT','module_action_roles.role_code','',0x53555045525F41444D494E),(1353,114,'INSERT','INSERT','module_action_roles.module_action_id','',0x38),(1354,114,'INSERT','INSERT','module_action_roles.role_code','',0x53555045525F41444D494E),(1355,114,'INSERT','INSERT','module_action_roles.module_action_id','',0x39),(1356,114,'INSERT','INSERT','module_action_roles.role_code','',0x53555045525F41444D494E),(1357,114,'INSERT','INSERT','module_action_roles.module_action_id','',0x3130),(1358,114,'INSERT','INSERT','module_action_roles.role_code','',0x53555045525F41444D494E),(1359,114,'INSERT','INSERT','module_action_roles.module_action_id','',0x3136),(1360,114,'INSERT','INSERT','module_action_roles.role_code','',0x53555045525F41444D494E),(1361,114,'INSERT','INSERT','module_action_roles.module_action_id','',0x3137),(1362,114,'INSERT','INSERT','module_action_roles.role_code','',0x53555045525F41444D494E),(1363,114,'INSERT','INSERT','module_action_roles.module_action_id','',0x3138),(1364,114,'INSERT','INSERT','module_action_roles.role_code','',0x53555045525F41444D494E),(1365,114,'INSERT','INSERT','module_action_roles.module_action_id','',0x3139),(1366,114,'INSERT','INSERT','module_action_roles.role_code','',0x53555045525F41444D494E),(1367,114,'INSERT','INSERT','module_action_roles.module_action_id','',0x3230),(1368,114,'INSERT','INSERT','module_action_roles.role_code','',0x53555045525F41444D494E),(1369,114,'INSERT','INSERT','module_action_roles.module_action_id','',0x3231),(1370,114,'INSERT','INSERT','module_action_roles.role_code','',0x53555045525F41444D494E),(1371,114,'INSERT','INSERT','module_action_roles.module_action_id','',0x3232),(1372,114,'INSERT','INSERT','module_action_roles.role_code','',0x53555045525F41444D494E),(1373,114,'INSERT','INSERT','module_action_roles.module_action_id','',0x3233),(1374,114,'INSERT','INSERT','module_action_roles.role_code','',0x53555045525F41444D494E),(1375,114,'INSERT','INSERT','module_action_roles.module_action_id','',0x3235),(1376,114,'INSERT','INSERT','module_action_roles.role_code','',0x53555045525F41444D494E),(1377,114,'INSERT','INSERT','module_action_roles.module_action_id','',0x3236),(1378,114,'INSERT','INSERT','module_action_roles.role_code','',0x53555045525F41444D494E),(1379,114,'INSERT','INSERT','module_action_roles.module_action_id','',0x3237),(1380,114,'INSERT','INSERT','module_action_roles.role_code','',0x53555045525F41444D494E),(1381,114,'INSERT','INSERT','module_action_roles.module_action_id','',0x3238),(1382,114,'INSERT','INSERT','module_action_roles.role_code','',0x53555045525F41444D494E),(1383,114,'INSERT','INSERT','module_action_roles.module_action_id','',0x3239),(1384,114,'INSERT','INSERT','module_action_roles.role_code','',0x53555045525F41444D494E),(1385,114,'INSERT','INSERT','module_action_roles.module_action_id','',0x3330),(1386,114,'INSERT','INSERT','module_action_roles.role_code','',0x53555045525F41444D494E),(1387,114,'INSERT','INSERT','module_action_roles.module_action_id','',0x3331),(1388,114,'INSERT','INSERT','module_action_roles.role_code','',0x53555045525F41444D494E),(1389,114,'INSERT','INSERT','module_action_roles.module_action_id','',0x3332),(1390,114,'INSERT','INSERT','module_action_roles.role_code','',0x53555045525F41444D494E),(1391,114,'INSERT','INSERT','module_action_roles.module_action_id','',0x3333),(1392,114,'INSERT','INSERT','module_action_roles.role_code','',0x53555045525F41444D494E),(1393,114,'INSERT','INSERT','module_action_roles.module_action_id','',0x3334),(1394,114,'INSERT','INSERT','module_action_roles.role_code','',0x53555045525F41444D494E),(1395,114,'INSERT','INSERT','module_action_roles.module_action_id','',0x3335),(1396,114,'INSERT','INSERT','module_action_roles.role_code','',0x53555045525F41444D494E),(1397,114,'INSERT','INSERT','module_action_roles.module_action_id','',0x3336),(1398,114,'INSERT','INSERT','module_action_roles.role_code','',0x53555045525F41444D494E),(1399,114,'INSERT','INSERT','module_action_roles.module_action_id','',0x3337),(1400,114,'INSERT','INSERT','module_action_roles.role_code','',0x53555045525F41444D494E),(1401,114,'INSERT','INSERT','module_action_roles.module_action_id','',0x3339),(1402,114,'INSERT','INSERT','module_action_roles.role_code','',0x53555045525F41444D494E),(1403,114,'INSERT','INSERT','module_action_roles.module_action_id','',0x3430),(1404,114,'INSERT','INSERT','module_action_roles.role_code','',0x53555045525F41444D494E),(1405,114,'INSERT','INSERT','module_action_roles.module_action_id','',0x3431),(1406,114,'INSERT','INSERT','module_action_roles.role_code','',0x53555045525F41444D494E),(1407,114,'INSERT','INSERT','module_action_roles.module_action_id','',0x3432),(1408,114,'INSERT','INSERT','module_action_roles.role_code','',0x53555045525F41444D494E),(1409,114,'INSERT','INSERT','module_action_roles.module_action_id','',0x3433),(1410,114,'INSERT','INSERT','module_action_roles.role_code','',0x53555045525F41444D494E),(1411,114,'INSERT','INSERT','module_action_roles.module_action_id','',0x3434),(1412,114,'INSERT','INSERT','module_action_roles.role_code','',0x53555045525F41444D494E),(1413,114,'INSERT','INSERT','module_action_roles.module_action_id','',0x3435),(1414,114,'INSERT','INSERT','module_action_roles.role_code','',0x53555045525F41444D494E),(1415,114,'INSERT','INSERT','module_action_roles.module_action_id','',0x3436),(1416,114,'INSERT','INSERT','module_action_roles.role_code','',0x53555045525F41444D494E),(1417,114,'INSERT','INSERT','module_action_roles.module_action_id','',0x3437),(1418,114,'INSERT','INSERT','module_action_roles.role_code','',0x53555045525F41444D494E),(1419,114,'INSERT','INSERT','module_action_roles.module_action_id','',0x3438),(1420,114,'INSERT','INSERT','module_action_roles.role_code','',0x53555045525F41444D494E),(1421,114,'INSERT','INSERT','module_action_roles.module_action_id','',0x3439),(1422,114,'INSERT','INSERT','module_action_roles.role_code','',0x53555045525F41444D494E),(1423,114,'INSERT','INSERT','module_action_roles.module_action_id','',0x3530),(1424,114,'INSERT','INSERT','module_action_roles.role_code','',0x53555045525F41444D494E),(1425,114,'INSERT','INSERT','module_action_roles.module_action_id','',0x3531),(1426,114,'INSERT','INSERT','module_action_roles.role_code','',0x53555045525F41444D494E),(1427,114,'INSERT','INSERT','module_action_roles.module_action_id','',0x3532),(1428,114,'INSERT','INSERT','module_action_roles.role_code','',0x53555045525F41444D494E),(1429,114,'INSERT','INSERT','module_action_roles.module_action_id','',0x3533),(1430,114,'INSERT','INSERT','module_action_roles.role_code','',0x53555045525F41444D494E),(1431,114,'INSERT','INSERT','module_action_roles.module_action_id','',0x3534),(1432,114,'INSERT','INSERT','module_action_roles.role_code','',0x53555045525F41444D494E),(1433,114,'INSERT','INSERT','module_action_roles.module_action_id','',0x3535),(1434,114,'INSERT','INSERT','module_action_roles.role_code','',0x53555045525F41444D494E),(1435,114,'INSERT','INSERT','module_action_roles.module_action_id','',0x3536),(1436,114,'INSERT','INSERT','module_action_roles.role_code','',0x53555045525F41444D494E),(1437,114,'INSERT','INSERT','module_action_roles.module_action_id','',0x3537),(1438,114,'INSERT','INSERT','module_action_roles.role_code','',0x53555045525F41444D494E),(1439,114,'INSERT','INSERT','module_action_roles.module_action_id','',0x3538),(1440,114,'INSERT','INSERT','module_action_roles.role_code','',0x53555045525F41444D494E),(1441,114,'INSERT','INSERT','module_action_roles.module_action_id','',0x3736),(1442,114,'INSERT','INSERT','module_action_roles.role_code','',0x53555045525F41444D494E),(1443,114,'INSERT','INSERT','module_action_roles.module_action_id','',0x3738),(1444,114,'INSERT','INSERT','module_action_roles.role_code','',0x53555045525F41444D494E),(1445,114,'INSERT','INSERT','module_action_roles.module_action_id','',0x3830),(1446,114,'INSERT','INSERT','module_action_roles.role_code','',0x53555045525F41444D494E),(1447,114,'INSERT','INSERT','module_action_roles.module_action_id','',0x3831),(1448,114,'INSERT','INSERT','module_action_roles.role_code','',0x53555045525F41444D494E),(1449,114,'INSERT','INSERT','module_action_roles.module_action_id','',0x3832),(1450,114,'INSERT','INSERT','module_action_roles.role_code','',0x53555045525F41444D494E),(1451,114,'INSERT','INSERT','module_action_roles.module_action_id','',0x3833),(1452,114,'INSERT','INSERT','module_action_roles.role_code','',0x53555045525F41444D494E),(1453,114,'INSERT','INSERT','module_action_roles.module_action_id','',0x3834),(1454,114,'INSERT','INSERT','module_action_roles.role_code','',0x53555045525F41444D494E),(1455,114,'INSERT','INSERT','module_action_roles.module_action_id','',0x3835),(1456,114,'INSERT','INSERT','module_action_roles.role_code','',0x53555045525F41444D494E),(1457,114,'INSERT','INSERT','module_action_roles.module_action_id','',0x3836),(1458,114,'INSERT','INSERT','module_action_roles.role_code','',0x53555045525F41444D494E),(1459,114,'INSERT','INSERT','module_action_roles.module_action_id','',0x3837),(1460,114,'INSERT','INSERT','module_action_roles.role_code','',0x53555045525F41444D494E),(1461,114,'INSERT','INSERT','module_action_roles.module_action_id','',0x3838),(1462,114,'INSERT','INSERT','module_action_roles.role_code','',0x53555045525F41444D494E),(1463,114,'INSERT','INSERT','module_action_roles.module_action_id','',0x3839),(1464,114,'INSERT','INSERT','module_action_roles.role_code','',0x53555045525F41444D494E),(1465,114,'INSERT','INSERT','module_action_roles.module_action_id','',0x3930),(1466,114,'INSERT','INSERT','module_action_roles.role_code','',0x53555045525F41444D494E),(1467,114,'INSERT','INSERT','module_action_roles.module_action_id','',0x3931),(1468,114,'INSERT','INSERT','module_action_roles.role_code','',0x53555045525F41444D494E),(1469,114,'INSERT','INSERT','module_action_roles.module_action_id','',0x3932),(1470,114,'INSERT','INSERT','module_action_roles.role_code','',0x53555045525F41444D494E),(1471,114,'INSERT','INSERT','module_action_roles.module_action_id','',0x3933),(1472,114,'INSERT','INSERT','module_action_roles.role_code','',0x53555045525F41444D494E),(1473,114,'INSERT','INSERT','module_action_roles.module_action_id','',0x3934),(1474,114,'INSERT','INSERT','module_action_roles.role_code','',0x53555045525F41444D494E),(1475,114,'INSERT','INSERT','module_action_roles.module_action_id','',0x3935),(1476,114,'INSERT','INSERT','module_action_roles.role_code','',0x53555045525F41444D494E),(1477,114,'INSERT','INSERT','module_action_roles.module_action_id','',0x3936),(1478,114,'INSERT','INSERT','module_action_roles.role_code','',0x53555045525F41444D494E),(1479,114,'INSERT','INSERT','module_action_roles.module_action_id','',0x3937),(1480,114,'INSERT','INSERT','module_action_roles.role_code','',0x53555045525F41444D494E),(1481,114,'INSERT','INSERT','module_action_roles.module_action_id','',0x3938),(1482,114,'INSERT','INSERT','module_action_roles.role_code','',0x53555045525F41444D494E),(1483,114,'INSERT','INSERT','module_action_roles.module_action_id','',0x3939),(1484,114,'INSERT','INSERT','module_action_roles.role_code','',0x53555045525F41444D494E),(1485,114,'INSERT','INSERT','module_action_roles.module_action_id','',0x313030),(1486,114,'INSERT','INSERT','module_action_roles.role_code','',0x53555045525F41444D494E),(1487,114,'INSERT','INSERT','module_action_roles.module_action_id','',0x313031),(1488,114,'INSERT','INSERT','module_action_roles.role_code','',0x53555045525F41444D494E),(1489,114,'INSERT','INSERT','module_action_roles.module_action_id','',0x313032),(1490,114,'INSERT','INSERT','module_action_roles.role_code','',0x53555045525F41444D494E),(1491,114,'INSERT','INSERT','module_action_roles.module_action_id','',0x313033),(1492,114,'INSERT','INSERT','module_action_roles.role_code','',0x53555045525F41444D494E),(1493,114,'INSERT','INSERT','module_action_roles.module_action_id','',0x313034),(1494,114,'INSERT','INSERT','module_action_roles.role_code','',0x53555045525F41444D494E),(1495,114,'INSERT','INSERT','module_action_roles.module_action_id','',0x313035),(1496,114,'INSERT','INSERT','module_action_roles.role_code','',0x53555045525F41444D494E),(1497,114,'INSERT','INSERT','module_action_roles.module_action_id','',0x313036),(1498,114,'INSERT','INSERT','module_action_roles.role_code','',0x53555045525F41444D494E),(1499,114,'INSERT','INSERT','module_action_roles.module_action_id','',0x313037),(1500,114,'INSERT','INSERT','module_action_roles.role_code','',0x53555045525F41444D494E),(1501,114,'INSERT','INSERT','module_action_roles.module_action_id','',0x313038),(1502,114,'INSERT','INSERT','module_action_roles.role_code','',0x53555045525F41444D494E),(1503,114,'INSERT','INSERT','module_action_roles.module_action_id','',0x313039),(1504,114,'INSERT','INSERT','module_action_roles.role_code','',0x53555045525F41444D494E),(1505,114,'INSERT','INSERT','module_action_roles.module_action_id','',0x313130),(1506,114,'INSERT','INSERT','module_action_roles.role_code','',0x53555045525F41444D494E),(1507,114,'INSERT','INSERT','module_action_roles.module_action_id','',0x313131),(1508,114,'INSERT','INSERT','module_action_roles.role_code','',0x53555045525F41444D494E),(1509,114,'INSERT','INSERT','module_action_roles.module_action_id','',0x313132),(1510,114,'INSERT','INSERT','module_action_roles.role_code','',0x53555045525F41444D494E),(1511,114,'INSERT','INSERT','module_action_roles.module_action_id','',0x313133),(1512,114,'INSERT','INSERT','module_action_roles.role_code','',0x53555045525F41444D494E),(1513,114,'INSERT','INSERT','module_action_roles.module_action_id','',0x313134),(1514,114,'INSERT','INSERT','module_action_roles.role_code','',0x53555045525F41444D494E),(1515,114,'INSERT','INSERT','module_action_roles.module_action_id','',0x313135),(1516,114,'INSERT','INSERT','module_action_roles.role_code','',0x53555045525F41444D494E),(1517,114,'INSERT','INSERT','module_action_roles.module_action_id','',0x313136),(1518,114,'INSERT','INSERT','module_action_roles.role_code','',0x53555045525F41444D494E),(1519,114,'INSERT','INSERT','module_action_roles.module_action_id','',0x313137),(1520,114,'INSERT','INSERT','module_action_roles.role_code','',0x53555045525F41444D494E),(1521,114,'INSERT','INSERT','module_action_roles.module_action_id','',0x313138),(1522,114,'INSERT','INSERT','module_action_roles.role_code','',0x53555045525F41444D494E),(1523,114,'INSERT','INSERT','module_action_roles.module_action_id','',0x313139),(1524,114,'INSERT','INSERT','module_action_roles.role_code','',0x53555045525F41444D494E),(1525,114,'INSERT','INSERT','module_action_roles.module_action_id','',0x313230),(1526,114,'INSERT','INSERT','module_action_roles.role_code','',0x53555045525F41444D494E),(1527,114,'INSERT','INSERT','module_action_roles.module_action_id','',0x313231),(1528,114,'INSERT','INSERT','module_action_roles.role_code','',0x53555045525F41444D494E),(1529,114,'INSERT','INSERT','module_action_roles.module_action_id','',0x313232),(1530,114,'INSERT','INSERT','module_action_roles.role_code','',0x53555045525F41444D494E),(1531,114,'INSERT','INSERT','module_action_roles.module_action_id','',0x313233),(1532,114,'INSERT','INSERT','module_action_roles.role_code','',0x53555045525F41444D494E),(1533,117,'DELETE','DELETE','module_action_roles.module_action_id',0x313132,''),(1534,117,'DELETE','DELETE','module_action_roles.role_code',0x53555045525F41444D494E,''),(1535,117,'DELETE','DELETE','module_action_roles.module_action_id',0x313133,''),(1536,117,'DELETE','DELETE','module_action_roles.role_code',0x53555045525F41444D494E,''),(1537,117,'DELETE','DELETE','module_action_roles.module_action_id',0x313134,''),(1538,117,'DELETE','DELETE','module_action_roles.role_code',0x53555045525F41444D494E,''),(1539,117,'DELETE','DELETE','module_action_roles.module_action_id',0x313135,''),(1540,117,'DELETE','DELETE','module_action_roles.role_code',0x53555045525F41444D494E,''),(1541,117,'DELETE','DELETE','module_action_roles.module_action_id',0x313136,''),(1542,117,'DELETE','DELETE','module_action_roles.role_code',0x53555045525F41444D494E,''),(1543,117,'DELETE','DELETE','module_action_roles.module_action_id',0x313137,''),(1544,117,'DELETE','DELETE','module_action_roles.role_code',0x53555045525F41444D494E,''),(1545,117,'DELETE','DELETE','module_action_roles.module_action_id',0x313138,''),(1546,117,'DELETE','DELETE','module_action_roles.role_code',0x53555045525F41444D494E,''),(1547,117,'DELETE','DELETE','module_action_roles.module_action_id',0x313139,''),(1548,117,'DELETE','DELETE','module_action_roles.role_code',0x53555045525F41444D494E,''),(1549,117,'DELETE','DELETE','module_action_roles.module_action_id',0x313230,''),(1550,117,'DELETE','DELETE','module_action_roles.role_code',0x53555045525F41444D494E,''),(1551,117,'DELETE','DELETE','module_action_roles.module_action_id',0x313231,''),(1552,117,'DELETE','DELETE','module_action_roles.role_code',0x53555045525F41444D494E,''),(1553,117,'DELETE','DELETE','module_action_roles.module_action_id',0x313232,''),(1554,117,'DELETE','DELETE','module_action_roles.role_code',0x53555045525F41444D494E,''),(1555,117,'DELETE','DELETE','module_action_roles.module_action_id',0x313233,''),(1556,117,'DELETE','DELETE','module_action_roles.role_code',0x53555045525F41444D494E,''),(1557,117,'INSERT','INSERT','module_action_roles.module_action_id','',0x31),(1558,117,'INSERT','INSERT','module_action_roles.role_code','',0x53555045525F41444D494E),(1559,117,'INSERT','INSERT','module_action_roles.module_action_id','',0x32),(1560,117,'INSERT','INSERT','module_action_roles.role_code','',0x53555045525F41444D494E),(1561,117,'INSERT','INSERT','module_action_roles.module_action_id','',0x34),(1562,117,'INSERT','INSERT','module_action_roles.role_code','',0x53555045525F41444D494E),(1563,117,'INSERT','INSERT','module_action_roles.module_action_id','',0x35),(1564,117,'INSERT','INSERT','module_action_roles.role_code','',0x53555045525F41444D494E),(1565,117,'INSERT','INSERT','module_action_roles.module_action_id','',0x36),(1566,117,'INSERT','INSERT','module_action_roles.role_code','',0x53555045525F41444D494E),(1567,117,'INSERT','INSERT','module_action_roles.module_action_id','',0x37),(1568,117,'INSERT','INSERT','module_action_roles.role_code','',0x53555045525F41444D494E),(1569,117,'INSERT','INSERT','module_action_roles.module_action_id','',0x38),(1570,117,'INSERT','INSERT','module_action_roles.role_code','',0x53555045525F41444D494E),(1571,117,'INSERT','INSERT','module_action_roles.module_action_id','',0x39),(1572,117,'INSERT','INSERT','module_action_roles.role_code','',0x53555045525F41444D494E),(1573,117,'INSERT','INSERT','module_action_roles.module_action_id','',0x3130),(1574,117,'INSERT','INSERT','module_action_roles.role_code','',0x53555045525F41444D494E),(1575,117,'INSERT','INSERT','module_action_roles.module_action_id','',0x3136),(1576,117,'INSERT','INSERT','module_action_roles.role_code','',0x53555045525F41444D494E),(1577,117,'INSERT','INSERT','module_action_roles.module_action_id','',0x3137),(1578,117,'INSERT','INSERT','module_action_roles.role_code','',0x53555045525F41444D494E),(1579,117,'INSERT','INSERT','module_action_roles.module_action_id','',0x3138),(1580,117,'INSERT','INSERT','module_action_roles.role_code','',0x53555045525F41444D494E),(1581,117,'INSERT','INSERT','module_action_roles.module_action_id','',0x3139),(1582,117,'INSERT','INSERT','module_action_roles.role_code','',0x53555045525F41444D494E),(1583,117,'INSERT','INSERT','module_action_roles.module_action_id','',0x3230),(1584,117,'INSERT','INSERT','module_action_roles.role_code','',0x53555045525F41444D494E),(1585,117,'INSERT','INSERT','module_action_roles.module_action_id','',0x3231),(1586,117,'INSERT','INSERT','module_action_roles.role_code','',0x53555045525F41444D494E),(1587,117,'INSERT','INSERT','module_action_roles.module_action_id','',0x3232),(1588,117,'INSERT','INSERT','module_action_roles.role_code','',0x53555045525F41444D494E),(1589,117,'INSERT','INSERT','module_action_roles.module_action_id','',0x3233),(1590,117,'INSERT','INSERT','module_action_roles.role_code','',0x53555045525F41444D494E),(1591,117,'INSERT','INSERT','module_action_roles.module_action_id','',0x3235),(1592,117,'INSERT','INSERT','module_action_roles.role_code','',0x53555045525F41444D494E),(1593,117,'INSERT','INSERT','module_action_roles.module_action_id','',0x3236),(1594,117,'INSERT','INSERT','module_action_roles.role_code','',0x53555045525F41444D494E),(1595,117,'INSERT','INSERT','module_action_roles.module_action_id','',0x3237),(1596,117,'INSERT','INSERT','module_action_roles.role_code','',0x53555045525F41444D494E),(1597,117,'INSERT','INSERT','module_action_roles.module_action_id','',0x3238),(1598,117,'INSERT','INSERT','module_action_roles.role_code','',0x53555045525F41444D494E),(1599,117,'INSERT','INSERT','module_action_roles.module_action_id','',0x3239),(1600,117,'INSERT','INSERT','module_action_roles.role_code','',0x53555045525F41444D494E),(1601,117,'INSERT','INSERT','module_action_roles.module_action_id','',0x3330),(1602,117,'INSERT','INSERT','module_action_roles.role_code','',0x53555045525F41444D494E),(1603,117,'INSERT','INSERT','module_action_roles.module_action_id','',0x3331),(1604,117,'INSERT','INSERT','module_action_roles.role_code','',0x53555045525F41444D494E),(1605,117,'INSERT','INSERT','module_action_roles.module_action_id','',0x3332),(1606,117,'INSERT','INSERT','module_action_roles.role_code','',0x53555045525F41444D494E),(1607,117,'INSERT','INSERT','module_action_roles.module_action_id','',0x3333),(1608,117,'INSERT','INSERT','module_action_roles.role_code','',0x53555045525F41444D494E),(1609,117,'INSERT','INSERT','module_action_roles.module_action_id','',0x3334),(1610,117,'INSERT','INSERT','module_action_roles.role_code','',0x53555045525F41444D494E),(1611,117,'INSERT','INSERT','module_action_roles.module_action_id','',0x3335),(1612,117,'INSERT','INSERT','module_action_roles.role_code','',0x53555045525F41444D494E),(1613,117,'INSERT','INSERT','module_action_roles.module_action_id','',0x3336),(1614,117,'INSERT','INSERT','module_action_roles.role_code','',0x53555045525F41444D494E),(1615,117,'INSERT','INSERT','module_action_roles.module_action_id','',0x3337),(1616,117,'INSERT','INSERT','module_action_roles.role_code','',0x53555045525F41444D494E),(1617,117,'INSERT','INSERT','module_action_roles.module_action_id','',0x3339),(1618,117,'INSERT','INSERT','module_action_roles.role_code','',0x53555045525F41444D494E),(1619,117,'INSERT','INSERT','module_action_roles.module_action_id','',0x3430),(1620,117,'INSERT','INSERT','module_action_roles.role_code','',0x53555045525F41444D494E),(1621,117,'INSERT','INSERT','module_action_roles.module_action_id','',0x3431),(1622,117,'INSERT','INSERT','module_action_roles.role_code','',0x53555045525F41444D494E),(1623,117,'INSERT','INSERT','module_action_roles.module_action_id','',0x3432),(1624,117,'INSERT','INSERT','module_action_roles.role_code','',0x53555045525F41444D494E),(1625,117,'INSERT','INSERT','module_action_roles.module_action_id','',0x3433),(1626,117,'INSERT','INSERT','module_action_roles.role_code','',0x53555045525F41444D494E),(1627,117,'INSERT','INSERT','module_action_roles.module_action_id','',0x3434),(1628,117,'INSERT','INSERT','module_action_roles.role_code','',0x53555045525F41444D494E),(1629,117,'INSERT','INSERT','module_action_roles.module_action_id','',0x3435),(1630,117,'INSERT','INSERT','module_action_roles.role_code','',0x53555045525F41444D494E),(1631,117,'INSERT','INSERT','module_action_roles.module_action_id','',0x3436),(1632,117,'INSERT','INSERT','module_action_roles.role_code','',0x53555045525F41444D494E),(1633,117,'INSERT','INSERT','module_action_roles.module_action_id','',0x3437),(1634,117,'INSERT','INSERT','module_action_roles.role_code','',0x53555045525F41444D494E),(1635,117,'INSERT','INSERT','module_action_roles.module_action_id','',0x3438),(1636,117,'INSERT','INSERT','module_action_roles.role_code','',0x53555045525F41444D494E),(1637,117,'INSERT','INSERT','module_action_roles.module_action_id','',0x3439),(1638,117,'INSERT','INSERT','module_action_roles.role_code','',0x53555045525F41444D494E),(1639,117,'INSERT','INSERT','module_action_roles.module_action_id','',0x3530),(1640,117,'INSERT','INSERT','module_action_roles.role_code','',0x53555045525F41444D494E),(1641,117,'INSERT','INSERT','module_action_roles.module_action_id','',0x3531),(1642,117,'INSERT','INSERT','module_action_roles.role_code','',0x53555045525F41444D494E),(1643,117,'INSERT','INSERT','module_action_roles.module_action_id','',0x3532),(1644,117,'INSERT','INSERT','module_action_roles.role_code','',0x53555045525F41444D494E),(1645,117,'INSERT','INSERT','module_action_roles.module_action_id','',0x3533),(1646,117,'INSERT','INSERT','module_action_roles.role_code','',0x53555045525F41444D494E),(1647,117,'INSERT','INSERT','module_action_roles.module_action_id','',0x3534),(1648,117,'INSERT','INSERT','module_action_roles.role_code','',0x53555045525F41444D494E),(1649,117,'INSERT','INSERT','module_action_roles.module_action_id','',0x3535),(1650,117,'INSERT','INSERT','module_action_roles.role_code','',0x53555045525F41444D494E),(1651,117,'INSERT','INSERT','module_action_roles.module_action_id','',0x3536),(1652,117,'INSERT','INSERT','module_action_roles.role_code','',0x53555045525F41444D494E),(1653,117,'INSERT','INSERT','module_action_roles.module_action_id','',0x3537),(1654,117,'INSERT','INSERT','module_action_roles.role_code','',0x53555045525F41444D494E),(1655,117,'INSERT','INSERT','module_action_roles.module_action_id','',0x3538),(1656,117,'INSERT','INSERT','module_action_roles.role_code','',0x53555045525F41444D494E),(1657,117,'INSERT','INSERT','module_action_roles.module_action_id','',0x3736),(1658,117,'INSERT','INSERT','module_action_roles.role_code','',0x53555045525F41444D494E),(1659,117,'INSERT','INSERT','module_action_roles.module_action_id','',0x3738),(1660,117,'INSERT','INSERT','module_action_roles.role_code','',0x53555045525F41444D494E),(1661,117,'INSERT','INSERT','module_action_roles.module_action_id','',0x3830),(1662,117,'INSERT','INSERT','module_action_roles.role_code','',0x53555045525F41444D494E),(1663,117,'INSERT','INSERT','module_action_roles.module_action_id','',0x3831),(1664,117,'INSERT','INSERT','module_action_roles.role_code','',0x53555045525F41444D494E),(1665,117,'INSERT','INSERT','module_action_roles.module_action_id','',0x3832),(1666,117,'INSERT','INSERT','module_action_roles.role_code','',0x53555045525F41444D494E),(1667,117,'INSERT','INSERT','module_action_roles.module_action_id','',0x3833),(1668,117,'INSERT','INSERT','module_action_roles.role_code','',0x53555045525F41444D494E),(1669,117,'INSERT','INSERT','module_action_roles.module_action_id','',0x3834),(1670,117,'INSERT','INSERT','module_action_roles.role_code','',0x53555045525F41444D494E),(1671,117,'INSERT','INSERT','module_action_roles.module_action_id','',0x3835),(1672,117,'INSERT','INSERT','module_action_roles.role_code','',0x53555045525F41444D494E),(1673,117,'INSERT','INSERT','module_action_roles.module_action_id','',0x3836),(1674,117,'INSERT','INSERT','module_action_roles.role_code','',0x53555045525F41444D494E),(1675,117,'INSERT','INSERT','module_action_roles.module_action_id','',0x3837),(1676,117,'INSERT','INSERT','module_action_roles.role_code','',0x53555045525F41444D494E),(1677,117,'INSERT','INSERT','module_action_roles.module_action_id','',0x3838),(1678,117,'INSERT','INSERT','module_action_roles.role_code','',0x53555045525F41444D494E),(1679,117,'INSERT','INSERT','module_action_roles.module_action_id','',0x3839),(1680,117,'INSERT','INSERT','module_action_roles.role_code','',0x53555045525F41444D494E),(1681,117,'INSERT','INSERT','module_action_roles.module_action_id','',0x3930),(1682,117,'INSERT','INSERT','module_action_roles.role_code','',0x53555045525F41444D494E),(1683,117,'INSERT','INSERT','module_action_roles.module_action_id','',0x3931),(1684,117,'INSERT','INSERT','module_action_roles.role_code','',0x53555045525F41444D494E),(1685,117,'INSERT','INSERT','module_action_roles.module_action_id','',0x3932),(1686,117,'INSERT','INSERT','module_action_roles.role_code','',0x53555045525F41444D494E),(1687,117,'INSERT','INSERT','module_action_roles.module_action_id','',0x3933),(1688,117,'INSERT','INSERT','module_action_roles.role_code','',0x53555045525F41444D494E),(1689,117,'INSERT','INSERT','module_action_roles.module_action_id','',0x3934),(1690,117,'INSERT','INSERT','module_action_roles.role_code','',0x53555045525F41444D494E),(1691,117,'INSERT','INSERT','module_action_roles.module_action_id','',0x3935),(1692,117,'INSERT','INSERT','module_action_roles.role_code','',0x53555045525F41444D494E),(1693,117,'INSERT','INSERT','module_action_roles.module_action_id','',0x3936),(1694,117,'INSERT','INSERT','module_action_roles.role_code','',0x53555045525F41444D494E),(1695,117,'INSERT','INSERT','module_action_roles.module_action_id','',0x3937),(1696,117,'INSERT','INSERT','module_action_roles.role_code','',0x53555045525F41444D494E),(1697,117,'INSERT','INSERT','module_action_roles.module_action_id','',0x3938),(1698,117,'INSERT','INSERT','module_action_roles.role_code','',0x53555045525F41444D494E),(1699,117,'INSERT','INSERT','module_action_roles.module_action_id','',0x3939),(1700,117,'INSERT','INSERT','module_action_roles.role_code','',0x53555045525F41444D494E),(1701,117,'INSERT','INSERT','module_action_roles.module_action_id','',0x313030),(1702,117,'INSERT','INSERT','module_action_roles.role_code','',0x53555045525F41444D494E),(1703,117,'INSERT','INSERT','module_action_roles.module_action_id','',0x313031),(1704,117,'INSERT','INSERT','module_action_roles.role_code','',0x53555045525F41444D494E),(1705,117,'INSERT','INSERT','module_action_roles.module_action_id','',0x313032),(1706,117,'INSERT','INSERT','module_action_roles.role_code','',0x53555045525F41444D494E),(1707,117,'INSERT','INSERT','module_action_roles.module_action_id','',0x313033),(1708,117,'INSERT','INSERT','module_action_roles.role_code','',0x53555045525F41444D494E),(1709,117,'INSERT','INSERT','module_action_roles.module_action_id','',0x313034),(1710,117,'INSERT','INSERT','module_action_roles.role_code','',0x53555045525F41444D494E),(1711,117,'INSERT','INSERT','module_action_roles.module_action_id','',0x313035),(1712,117,'INSERT','INSERT','module_action_roles.role_code','',0x53555045525F41444D494E),(1713,117,'INSERT','INSERT','module_action_roles.module_action_id','',0x313036),(1714,117,'INSERT','INSERT','module_action_roles.role_code','',0x53555045525F41444D494E),(1715,117,'INSERT','INSERT','module_action_roles.module_action_id','',0x313037),(1716,117,'INSERT','INSERT','module_action_roles.role_code','',0x53555045525F41444D494E),(1717,117,'INSERT','INSERT','module_action_roles.module_action_id','',0x313038),(1718,117,'INSERT','INSERT','module_action_roles.role_code','',0x53555045525F41444D494E),(1719,117,'INSERT','INSERT','module_action_roles.module_action_id','',0x313039),(1720,117,'INSERT','INSERT','module_action_roles.role_code','',0x53555045525F41444D494E),(1721,117,'INSERT','INSERT','module_action_roles.module_action_id','',0x313130),(1722,117,'INSERT','INSERT','module_action_roles.role_code','',0x53555045525F41444D494E),(1723,117,'INSERT','INSERT','module_action_roles.module_action_id','',0x313131),(1724,117,'INSERT','INSERT','module_action_roles.role_code','',0x53555045525F41444D494E),(1725,117,'INSERT','INSERT','module_action_roles.module_action_id','',0x313132),(1726,117,'INSERT','INSERT','module_action_roles.role_code','',0x53555045525F41444D494E),(1727,117,'INSERT','INSERT','module_action_roles.module_action_id','',0x313133),(1728,117,'INSERT','INSERT','module_action_roles.role_code','',0x53555045525F41444D494E),(1729,117,'INSERT','INSERT','module_action_roles.module_action_id','',0x313134),(1730,117,'INSERT','INSERT','module_action_roles.role_code','',0x53555045525F41444D494E),(1731,117,'INSERT','INSERT','module_action_roles.module_action_id','',0x313135),(1732,117,'INSERT','INSERT','module_action_roles.role_code','',0x53555045525F41444D494E),(1733,117,'INSERT','INSERT','module_action_roles.module_action_id','',0x313136),(1734,117,'INSERT','INSERT','module_action_roles.role_code','',0x53555045525F41444D494E),(1735,117,'INSERT','INSERT','module_action_roles.module_action_id','',0x313137),(1736,117,'INSERT','INSERT','module_action_roles.role_code','',0x53555045525F41444D494E),(1737,117,'INSERT','INSERT','module_action_roles.module_action_id','',0x313139),(1738,117,'INSERT','INSERT','module_action_roles.role_code','',0x53555045525F41444D494E),(1739,117,'INSERT','INSERT','module_action_roles.module_action_id','',0x313232),(1740,117,'INSERT','INSERT','module_action_roles.role_code','',0x53555045525F41444D494E),(1741,120,'DELETE','DELETE','module_action_roles.module_action_id',0x313132,''),(1742,120,'DELETE','DELETE','module_action_roles.role_code',0x53555045525F41444D494E,''),(1743,120,'DELETE','DELETE','module_action_roles.module_action_id',0x313133,''),(1744,120,'DELETE','DELETE','module_action_roles.role_code',0x53555045525F41444D494E,''),(1745,120,'DELETE','DELETE','module_action_roles.module_action_id',0x313134,''),(1746,120,'DELETE','DELETE','module_action_roles.role_code',0x53555045525F41444D494E,''),(1747,120,'DELETE','DELETE','module_action_roles.module_action_id',0x313135,''),(1748,120,'DELETE','DELETE','module_action_roles.role_code',0x53555045525F41444D494E,''),(1749,120,'DELETE','DELETE','module_action_roles.module_action_id',0x313136,''),(1750,120,'DELETE','DELETE','module_action_roles.role_code',0x53555045525F41444D494E,''),(1751,120,'DELETE','DELETE','module_action_roles.module_action_id',0x313137,''),(1752,120,'DELETE','DELETE','module_action_roles.role_code',0x53555045525F41444D494E,''),(1753,120,'DELETE','DELETE','module_action_roles.module_action_id',0x313139,''),(1754,120,'DELETE','DELETE','module_action_roles.role_code',0x53555045525F41444D494E,''),(1755,120,'DELETE','DELETE','module_action_roles.module_action_id',0x313232,''),(1756,120,'DELETE','DELETE','module_action_roles.role_code',0x53555045525F41444D494E,''),(1757,120,'INSERT','INSERT','module_action_roles.module_action_id','',0x31),(1758,120,'INSERT','INSERT','module_action_roles.role_code','',0x53555045525F41444D494E),(1759,120,'INSERT','INSERT','module_action_roles.module_action_id','',0x32),(1760,120,'INSERT','INSERT','module_action_roles.role_code','',0x53555045525F41444D494E),(1761,120,'INSERT','INSERT','module_action_roles.module_action_id','',0x34),(1762,120,'INSERT','INSERT','module_action_roles.role_code','',0x53555045525F41444D494E),(1763,120,'INSERT','INSERT','module_action_roles.module_action_id','',0x35),(1764,120,'INSERT','INSERT','module_action_roles.role_code','',0x53555045525F41444D494E),(1765,120,'INSERT','INSERT','module_action_roles.module_action_id','',0x36),(1766,120,'INSERT','INSERT','module_action_roles.role_code','',0x53555045525F41444D494E),(1767,120,'INSERT','INSERT','module_action_roles.module_action_id','',0x37),(1768,120,'INSERT','INSERT','module_action_roles.role_code','',0x53555045525F41444D494E),(1769,120,'INSERT','INSERT','module_action_roles.module_action_id','',0x38),(1770,120,'INSERT','INSERT','module_action_roles.role_code','',0x53555045525F41444D494E),(1771,120,'INSERT','INSERT','module_action_roles.module_action_id','',0x39),(1772,120,'INSERT','INSERT','module_action_roles.role_code','',0x53555045525F41444D494E),(1773,120,'INSERT','INSERT','module_action_roles.module_action_id','',0x3130),(1774,120,'INSERT','INSERT','module_action_roles.role_code','',0x53555045525F41444D494E),(1775,120,'INSERT','INSERT','module_action_roles.module_action_id','',0x3136),(1776,120,'INSERT','INSERT','module_action_roles.role_code','',0x53555045525F41444D494E),(1777,120,'INSERT','INSERT','module_action_roles.module_action_id','',0x3137),(1778,120,'INSERT','INSERT','module_action_roles.role_code','',0x53555045525F41444D494E),(1779,120,'INSERT','INSERT','module_action_roles.module_action_id','',0x3138),(1780,120,'INSERT','INSERT','module_action_roles.role_code','',0x53555045525F41444D494E),(1781,120,'INSERT','INSERT','module_action_roles.module_action_id','',0x3139),(1782,120,'INSERT','INSERT','module_action_roles.role_code','',0x53555045525F41444D494E),(1783,120,'INSERT','INSERT','module_action_roles.module_action_id','',0x3230),(1784,120,'INSERT','INSERT','module_action_roles.role_code','',0x53555045525F41444D494E),(1785,120,'INSERT','INSERT','module_action_roles.module_action_id','',0x3231),(1786,120,'INSERT','INSERT','module_action_roles.role_code','',0x53555045525F41444D494E),(1787,120,'INSERT','INSERT','module_action_roles.module_action_id','',0x3232),(1788,120,'INSERT','INSERT','module_action_roles.role_code','',0x53555045525F41444D494E),(1789,120,'INSERT','INSERT','module_action_roles.module_action_id','',0x3233),(1790,120,'INSERT','INSERT','module_action_roles.role_code','',0x53555045525F41444D494E),(1791,120,'INSERT','INSERT','module_action_roles.module_action_id','',0x3235),(1792,120,'INSERT','INSERT','module_action_roles.role_code','',0x53555045525F41444D494E),(1793,120,'INSERT','INSERT','module_action_roles.module_action_id','',0x3236),(1794,120,'INSERT','INSERT','module_action_roles.role_code','',0x53555045525F41444D494E),(1795,120,'INSERT','INSERT','module_action_roles.module_action_id','',0x3237),(1796,120,'INSERT','INSERT','module_action_roles.role_code','',0x53555045525F41444D494E),(1797,120,'INSERT','INSERT','module_action_roles.module_action_id','',0x3238),(1798,120,'INSERT','INSERT','module_action_roles.role_code','',0x53555045525F41444D494E),(1799,120,'INSERT','INSERT','module_action_roles.module_action_id','',0x3239),(1800,120,'INSERT','INSERT','module_action_roles.role_code','',0x53555045525F41444D494E),(1801,120,'INSERT','INSERT','module_action_roles.module_action_id','',0x3330),(1802,120,'INSERT','INSERT','module_action_roles.role_code','',0x53555045525F41444D494E),(1803,120,'INSERT','INSERT','module_action_roles.module_action_id','',0x3331),(1804,120,'INSERT','INSERT','module_action_roles.role_code','',0x53555045525F41444D494E),(1805,120,'INSERT','INSERT','module_action_roles.module_action_id','',0x3332),(1806,120,'INSERT','INSERT','module_action_roles.role_code','',0x53555045525F41444D494E),(1807,120,'INSERT','INSERT','module_action_roles.module_action_id','',0x3333),(1808,120,'INSERT','INSERT','module_action_roles.role_code','',0x53555045525F41444D494E),(1809,120,'INSERT','INSERT','module_action_roles.module_action_id','',0x3334),(1810,120,'INSERT','INSERT','module_action_roles.role_code','',0x53555045525F41444D494E),(1811,120,'INSERT','INSERT','module_action_roles.module_action_id','',0x3335),(1812,120,'INSERT','INSERT','module_action_roles.role_code','',0x53555045525F41444D494E),(1813,120,'INSERT','INSERT','module_action_roles.module_action_id','',0x3336),(1814,120,'INSERT','INSERT','module_action_roles.role_code','',0x53555045525F41444D494E),(1815,120,'INSERT','INSERT','module_action_roles.module_action_id','',0x3337),(1816,120,'INSERT','INSERT','module_action_roles.role_code','',0x53555045525F41444D494E),(1817,120,'INSERT','INSERT','module_action_roles.module_action_id','',0x3339),(1818,120,'INSERT','INSERT','module_action_roles.role_code','',0x53555045525F41444D494E),(1819,120,'INSERT','INSERT','module_action_roles.module_action_id','',0x3430),(1820,120,'INSERT','INSERT','module_action_roles.role_code','',0x53555045525F41444D494E),(1821,120,'INSERT','INSERT','module_action_roles.module_action_id','',0x3431),(1822,120,'INSERT','INSERT','module_action_roles.role_code','',0x53555045525F41444D494E),(1823,120,'INSERT','INSERT','module_action_roles.module_action_id','',0x3432),(1824,120,'INSERT','INSERT','module_action_roles.role_code','',0x53555045525F41444D494E),(1825,120,'INSERT','INSERT','module_action_roles.module_action_id','',0x3433),(1826,120,'INSERT','INSERT','module_action_roles.role_code','',0x53555045525F41444D494E),(1827,120,'INSERT','INSERT','module_action_roles.module_action_id','',0x3434),(1828,120,'INSERT','INSERT','module_action_roles.role_code','',0x53555045525F41444D494E),(1829,120,'INSERT','INSERT','module_action_roles.module_action_id','',0x3435),(1830,120,'INSERT','INSERT','module_action_roles.role_code','',0x53555045525F41444D494E),(1831,120,'INSERT','INSERT','module_action_roles.module_action_id','',0x3436),(1832,120,'INSERT','INSERT','module_action_roles.role_code','',0x53555045525F41444D494E),(1833,120,'INSERT','INSERT','module_action_roles.module_action_id','',0x3437),(1834,120,'INSERT','INSERT','module_action_roles.role_code','',0x53555045525F41444D494E),(1835,120,'INSERT','INSERT','module_action_roles.module_action_id','',0x3438),(1836,120,'INSERT','INSERT','module_action_roles.role_code','',0x53555045525F41444D494E),(1837,120,'INSERT','INSERT','module_action_roles.module_action_id','',0x3439),(1838,120,'INSERT','INSERT','module_action_roles.role_code','',0x53555045525F41444D494E),(1839,120,'INSERT','INSERT','module_action_roles.module_action_id','',0x3530),(1840,120,'INSERT','INSERT','module_action_roles.role_code','',0x53555045525F41444D494E),(1841,120,'INSERT','INSERT','module_action_roles.module_action_id','',0x3531),(1842,120,'INSERT','INSERT','module_action_roles.role_code','',0x53555045525F41444D494E),(1843,120,'INSERT','INSERT','module_action_roles.module_action_id','',0x3532),(1844,120,'INSERT','INSERT','module_action_roles.role_code','',0x53555045525F41444D494E),(1845,120,'INSERT','INSERT','module_action_roles.module_action_id','',0x3533),(1846,120,'INSERT','INSERT','module_action_roles.role_code','',0x53555045525F41444D494E),(1847,120,'INSERT','INSERT','module_action_roles.module_action_id','',0x3534),(1848,120,'INSERT','INSERT','module_action_roles.role_code','',0x53555045525F41444D494E),(1849,120,'INSERT','INSERT','module_action_roles.module_action_id','',0x3535),(1850,120,'INSERT','INSERT','module_action_roles.role_code','',0x53555045525F41444D494E),(1851,120,'INSERT','INSERT','module_action_roles.module_action_id','',0x3536),(1852,120,'INSERT','INSERT','module_action_roles.role_code','',0x53555045525F41444D494E),(1853,120,'INSERT','INSERT','module_action_roles.module_action_id','',0x3537),(1854,120,'INSERT','INSERT','module_action_roles.role_code','',0x53555045525F41444D494E),(1855,120,'INSERT','INSERT','module_action_roles.module_action_id','',0x3538),(1856,120,'INSERT','INSERT','module_action_roles.role_code','',0x53555045525F41444D494E),(1857,120,'INSERT','INSERT','module_action_roles.module_action_id','',0x3736),(1858,120,'INSERT','INSERT','module_action_roles.role_code','',0x53555045525F41444D494E),(1859,120,'INSERT','INSERT','module_action_roles.module_action_id','',0x3738),(1860,120,'INSERT','INSERT','module_action_roles.role_code','',0x53555045525F41444D494E),(1861,120,'INSERT','INSERT','module_action_roles.module_action_id','',0x3830),(1862,120,'INSERT','INSERT','module_action_roles.role_code','',0x53555045525F41444D494E),(1863,120,'INSERT','INSERT','module_action_roles.module_action_id','',0x3831),(1864,120,'INSERT','INSERT','module_action_roles.role_code','',0x53555045525F41444D494E),(1865,120,'INSERT','INSERT','module_action_roles.module_action_id','',0x3832),(1866,120,'INSERT','INSERT','module_action_roles.role_code','',0x53555045525F41444D494E),(1867,120,'INSERT','INSERT','module_action_roles.module_action_id','',0x3833),(1868,120,'INSERT','INSERT','module_action_roles.role_code','',0x53555045525F41444D494E),(1869,120,'INSERT','INSERT','module_action_roles.module_action_id','',0x3834),(1870,120,'INSERT','INSERT','module_action_roles.role_code','',0x53555045525F41444D494E),(1871,120,'INSERT','INSERT','module_action_roles.module_action_id','',0x3835),(1872,120,'INSERT','INSERT','module_action_roles.role_code','',0x53555045525F41444D494E),(1873,120,'INSERT','INSERT','module_action_roles.module_action_id','',0x3836),(1874,120,'INSERT','INSERT','module_action_roles.role_code','',0x53555045525F41444D494E),(1875,120,'INSERT','INSERT','module_action_roles.module_action_id','',0x3837),(1876,120,'INSERT','INSERT','module_action_roles.role_code','',0x53555045525F41444D494E),(1877,120,'INSERT','INSERT','module_action_roles.module_action_id','',0x3838),(1878,120,'INSERT','INSERT','module_action_roles.role_code','',0x53555045525F41444D494E),(1879,120,'INSERT','INSERT','module_action_roles.module_action_id','',0x3839),(1880,120,'INSERT','INSERT','module_action_roles.role_code','',0x53555045525F41444D494E),(1881,120,'INSERT','INSERT','module_action_roles.module_action_id','',0x3930),(1882,120,'INSERT','INSERT','module_action_roles.role_code','',0x53555045525F41444D494E),(1883,120,'INSERT','INSERT','module_action_roles.module_action_id','',0x3931),(1884,120,'INSERT','INSERT','module_action_roles.role_code','',0x53555045525F41444D494E),(1885,120,'INSERT','INSERT','module_action_roles.module_action_id','',0x3932),(1886,120,'INSERT','INSERT','module_action_roles.role_code','',0x53555045525F41444D494E),(1887,120,'INSERT','INSERT','module_action_roles.module_action_id','',0x3933),(1888,120,'INSERT','INSERT','module_action_roles.role_code','',0x53555045525F41444D494E),(1889,120,'INSERT','INSERT','module_action_roles.module_action_id','',0x3934),(1890,120,'INSERT','INSERT','module_action_roles.role_code','',0x53555045525F41444D494E),(1891,120,'INSERT','INSERT','module_action_roles.module_action_id','',0x3935),(1892,120,'INSERT','INSERT','module_action_roles.role_code','',0x53555045525F41444D494E),(1893,120,'INSERT','INSERT','module_action_roles.module_action_id','',0x3936),(1894,120,'INSERT','INSERT','module_action_roles.role_code','',0x53555045525F41444D494E),(1895,120,'INSERT','INSERT','module_action_roles.module_action_id','',0x3937),(1896,120,'INSERT','INSERT','module_action_roles.role_code','',0x53555045525F41444D494E),(1897,120,'INSERT','INSERT','module_action_roles.module_action_id','',0x3938),(1898,120,'INSERT','INSERT','module_action_roles.role_code','',0x53555045525F41444D494E),(1899,120,'INSERT','INSERT','module_action_roles.module_action_id','',0x3939),(1900,120,'INSERT','INSERT','module_action_roles.role_code','',0x53555045525F41444D494E),(1901,120,'INSERT','INSERT','module_action_roles.module_action_id','',0x313030),(1902,120,'INSERT','INSERT','module_action_roles.role_code','',0x53555045525F41444D494E),(1903,120,'INSERT','INSERT','module_action_roles.module_action_id','',0x313031),(1904,120,'INSERT','INSERT','module_action_roles.role_code','',0x53555045525F41444D494E),(1905,120,'INSERT','INSERT','module_action_roles.module_action_id','',0x313032),(1906,120,'INSERT','INSERT','module_action_roles.role_code','',0x53555045525F41444D494E),(1907,120,'INSERT','INSERT','module_action_roles.module_action_id','',0x313033),(1908,120,'INSERT','INSERT','module_action_roles.role_code','',0x53555045525F41444D494E),(1909,120,'INSERT','INSERT','module_action_roles.module_action_id','',0x313034),(1910,120,'INSERT','INSERT','module_action_roles.role_code','',0x53555045525F41444D494E),(1911,120,'INSERT','INSERT','module_action_roles.module_action_id','',0x313035),(1912,120,'INSERT','INSERT','module_action_roles.role_code','',0x53555045525F41444D494E),(1913,120,'INSERT','INSERT','module_action_roles.module_action_id','',0x313036),(1914,120,'INSERT','INSERT','module_action_roles.role_code','',0x53555045525F41444D494E),(1915,120,'INSERT','INSERT','module_action_roles.module_action_id','',0x313037),(1916,120,'INSERT','INSERT','module_action_roles.role_code','',0x53555045525F41444D494E),(1917,120,'INSERT','INSERT','module_action_roles.module_action_id','',0x313038),(1918,120,'INSERT','INSERT','module_action_roles.role_code','',0x53555045525F41444D494E),(1919,120,'INSERT','INSERT','module_action_roles.module_action_id','',0x313039),(1920,120,'INSERT','INSERT','module_action_roles.role_code','',0x53555045525F41444D494E),(1921,120,'INSERT','INSERT','module_action_roles.module_action_id','',0x313130),(1922,120,'INSERT','INSERT','module_action_roles.role_code','',0x53555045525F41444D494E),(1923,120,'INSERT','INSERT','module_action_roles.module_action_id','',0x313131),(1924,120,'INSERT','INSERT','module_action_roles.role_code','',0x53555045525F41444D494E),(1925,120,'INSERT','INSERT','module_action_roles.module_action_id','',0x313132),(1926,120,'INSERT','INSERT','module_action_roles.role_code','',0x53555045525F41444D494E),(1927,120,'INSERT','INSERT','module_action_roles.module_action_id','',0x313133),(1928,120,'INSERT','INSERT','module_action_roles.role_code','',0x53555045525F41444D494E),(1929,120,'INSERT','INSERT','module_action_roles.module_action_id','',0x313134),(1930,120,'INSERT','INSERT','module_action_roles.role_code','',0x53555045525F41444D494E),(1931,120,'INSERT','INSERT','module_action_roles.module_action_id','',0x313135),(1932,120,'INSERT','INSERT','module_action_roles.role_code','',0x53555045525F41444D494E),(1933,120,'INSERT','INSERT','module_action_roles.module_action_id','',0x313136),(1934,120,'INSERT','INSERT','module_action_roles.role_code','',0x53555045525F41444D494E),(1935,120,'INSERT','INSERT','module_action_roles.module_action_id','',0x313137),(1936,120,'INSERT','INSERT','module_action_roles.role_code','',0x53555045525F41444D494E),(1937,120,'INSERT','INSERT','module_action_roles.module_action_id','',0x313139),(1938,120,'INSERT','INSERT','module_action_roles.role_code','',0x53555045525F41444D494E),(1939,121,'DELETE','DELETE','module_action_roles.module_action_id',0x313132,''),(1940,121,'DELETE','DELETE','module_action_roles.role_code',0x53555045525F41444D494E,''),(1941,121,'DELETE','DELETE','module_action_roles.module_action_id',0x313133,''),(1942,121,'DELETE','DELETE','module_action_roles.role_code',0x53555045525F41444D494E,''),(1943,121,'DELETE','DELETE','module_action_roles.module_action_id',0x313134,''),(1944,121,'DELETE','DELETE','module_action_roles.role_code',0x53555045525F41444D494E,''),(1945,121,'DELETE','DELETE','module_action_roles.module_action_id',0x313135,''),(1946,121,'DELETE','DELETE','module_action_roles.role_code',0x53555045525F41444D494E,''),(1947,121,'DELETE','DELETE','module_action_roles.module_action_id',0x313136,''),(1948,121,'DELETE','DELETE','module_action_roles.role_code',0x53555045525F41444D494E,''),(1949,121,'DELETE','DELETE','module_action_roles.module_action_id',0x313137,''),(1950,121,'DELETE','DELETE','module_action_roles.role_code',0x53555045525F41444D494E,''),(1951,121,'DELETE','DELETE','module_action_roles.module_action_id',0x313139,''),(1952,121,'DELETE','DELETE','module_action_roles.role_code',0x53555045525F41444D494E,''),(1953,121,'INSERT','INSERT','module_action_roles.module_action_id','',0x31),(1954,121,'INSERT','INSERT','module_action_roles.role_code','',0x53555045525F41444D494E),(1955,121,'INSERT','INSERT','module_action_roles.module_action_id','',0x32),(1956,121,'INSERT','INSERT','module_action_roles.role_code','',0x53555045525F41444D494E),(1957,121,'INSERT','INSERT','module_action_roles.module_action_id','',0x34),(1958,121,'INSERT','INSERT','module_action_roles.role_code','',0x53555045525F41444D494E),(1959,121,'INSERT','INSERT','module_action_roles.module_action_id','',0x35),(1960,121,'INSERT','INSERT','module_action_roles.role_code','',0x53555045525F41444D494E),(1961,121,'INSERT','INSERT','module_action_roles.module_action_id','',0x36),(1962,121,'INSERT','INSERT','module_action_roles.role_code','',0x53555045525F41444D494E),(1963,121,'INSERT','INSERT','module_action_roles.module_action_id','',0x37),(1964,121,'INSERT','INSERT','module_action_roles.role_code','',0x53555045525F41444D494E),(1965,121,'INSERT','INSERT','module_action_roles.module_action_id','',0x38),(1966,121,'INSERT','INSERT','module_action_roles.role_code','',0x53555045525F41444D494E),(1967,121,'INSERT','INSERT','module_action_roles.module_action_id','',0x39),(1968,121,'INSERT','INSERT','module_action_roles.role_code','',0x53555045525F41444D494E),(1969,121,'INSERT','INSERT','module_action_roles.module_action_id','',0x3130),(1970,121,'INSERT','INSERT','module_action_roles.role_code','',0x53555045525F41444D494E),(1971,121,'INSERT','INSERT','module_action_roles.module_action_id','',0x3136),(1972,121,'INSERT','INSERT','module_action_roles.role_code','',0x53555045525F41444D494E),(1973,121,'INSERT','INSERT','module_action_roles.module_action_id','',0x3137),(1974,121,'INSERT','INSERT','module_action_roles.role_code','',0x53555045525F41444D494E),(1975,121,'INSERT','INSERT','module_action_roles.module_action_id','',0x3138),(1976,121,'INSERT','INSERT','module_action_roles.role_code','',0x53555045525F41444D494E),(1977,121,'INSERT','INSERT','module_action_roles.module_action_id','',0x3139),(1978,121,'INSERT','INSERT','module_action_roles.role_code','',0x53555045525F41444D494E),(1979,121,'INSERT','INSERT','module_action_roles.module_action_id','',0x3230),(1980,121,'INSERT','INSERT','module_action_roles.role_code','',0x53555045525F41444D494E),(1981,121,'INSERT','INSERT','module_action_roles.module_action_id','',0x3231),(1982,121,'INSERT','INSERT','module_action_roles.role_code','',0x53555045525F41444D494E),(1983,121,'INSERT','INSERT','module_action_roles.module_action_id','',0x3232),(1984,121,'INSERT','INSERT','module_action_roles.role_code','',0x53555045525F41444D494E),(1985,121,'INSERT','INSERT','module_action_roles.module_action_id','',0x3233),(1986,121,'INSERT','INSERT','module_action_roles.role_code','',0x53555045525F41444D494E),(1987,121,'INSERT','INSERT','module_action_roles.module_action_id','',0x3235),(1988,121,'INSERT','INSERT','module_action_roles.role_code','',0x53555045525F41444D494E),(1989,121,'INSERT','INSERT','module_action_roles.module_action_id','',0x3236),(1990,121,'INSERT','INSERT','module_action_roles.role_code','',0x53555045525F41444D494E),(1991,121,'INSERT','INSERT','module_action_roles.module_action_id','',0x3237),(1992,121,'INSERT','INSERT','module_action_roles.role_code','',0x53555045525F41444D494E),(1993,121,'INSERT','INSERT','module_action_roles.module_action_id','',0x3238),(1994,121,'INSERT','INSERT','module_action_roles.role_code','',0x53555045525F41444D494E),(1995,121,'INSERT','INSERT','module_action_roles.module_action_id','',0x3239),(1996,121,'INSERT','INSERT','module_action_roles.role_code','',0x53555045525F41444D494E),(1997,121,'INSERT','INSERT','module_action_roles.module_action_id','',0x3330),(1998,121,'INSERT','INSERT','module_action_roles.role_code','',0x53555045525F41444D494E),(1999,121,'INSERT','INSERT','module_action_roles.module_action_id','',0x3331),(2000,121,'INSERT','INSERT','module_action_roles.role_code','',0x53555045525F41444D494E),(2001,121,'INSERT','INSERT','module_action_roles.module_action_id','',0x3332),(2002,121,'INSERT','INSERT','module_action_roles.role_code','',0x53555045525F41444D494E),(2003,121,'INSERT','INSERT','module_action_roles.module_action_id','',0x3333),(2004,121,'INSERT','INSERT','module_action_roles.role_code','',0x53555045525F41444D494E),(2005,121,'INSERT','INSERT','module_action_roles.module_action_id','',0x3334),(2006,121,'INSERT','INSERT','module_action_roles.role_code','',0x53555045525F41444D494E),(2007,121,'INSERT','INSERT','module_action_roles.module_action_id','',0x3335),(2008,121,'INSERT','INSERT','module_action_roles.role_code','',0x53555045525F41444D494E),(2009,121,'INSERT','INSERT','module_action_roles.module_action_id','',0x3336),(2010,121,'INSERT','INSERT','module_action_roles.role_code','',0x53555045525F41444D494E),(2011,121,'INSERT','INSERT','module_action_roles.module_action_id','',0x3337),(2012,121,'INSERT','INSERT','module_action_roles.role_code','',0x53555045525F41444D494E),(2013,121,'INSERT','INSERT','module_action_roles.module_action_id','',0x3339),(2014,121,'INSERT','INSERT','module_action_roles.role_code','',0x53555045525F41444D494E),(2015,121,'INSERT','INSERT','module_action_roles.module_action_id','',0x3430),(2016,121,'INSERT','INSERT','module_action_roles.role_code','',0x53555045525F41444D494E),(2017,121,'INSERT','INSERT','module_action_roles.module_action_id','',0x3431),(2018,121,'INSERT','INSERT','module_action_roles.role_code','',0x53555045525F41444D494E),(2019,121,'INSERT','INSERT','module_action_roles.module_action_id','',0x3432),(2020,121,'INSERT','INSERT','module_action_roles.role_code','',0x53555045525F41444D494E),(2021,121,'INSERT','INSERT','module_action_roles.module_action_id','',0x3433),(2022,121,'INSERT','INSERT','module_action_roles.role_code','',0x53555045525F41444D494E),(2023,121,'INSERT','INSERT','module_action_roles.module_action_id','',0x3434),(2024,121,'INSERT','INSERT','module_action_roles.role_code','',0x53555045525F41444D494E),(2025,121,'INSERT','INSERT','module_action_roles.module_action_id','',0x3435),(2026,121,'INSERT','INSERT','module_action_roles.role_code','',0x53555045525F41444D494E),(2027,121,'INSERT','INSERT','module_action_roles.module_action_id','',0x3436),(2028,121,'INSERT','INSERT','module_action_roles.role_code','',0x53555045525F41444D494E),(2029,121,'INSERT','INSERT','module_action_roles.module_action_id','',0x3437),(2030,121,'INSERT','INSERT','module_action_roles.role_code','',0x53555045525F41444D494E),(2031,121,'INSERT','INSERT','module_action_roles.module_action_id','',0x3438),(2032,121,'INSERT','INSERT','module_action_roles.role_code','',0x53555045525F41444D494E),(2033,121,'INSERT','INSERT','module_action_roles.module_action_id','',0x3439),(2034,121,'INSERT','INSERT','module_action_roles.role_code','',0x53555045525F41444D494E),(2035,121,'INSERT','INSERT','module_action_roles.module_action_id','',0x3530),(2036,121,'INSERT','INSERT','module_action_roles.role_code','',0x53555045525F41444D494E),(2037,121,'INSERT','INSERT','module_action_roles.module_action_id','',0x3531),(2038,121,'INSERT','INSERT','module_action_roles.role_code','',0x53555045525F41444D494E),(2039,121,'INSERT','INSERT','module_action_roles.module_action_id','',0x3532),(2040,121,'INSERT','INSERT','module_action_roles.role_code','',0x53555045525F41444D494E),(2041,121,'INSERT','INSERT','module_action_roles.module_action_id','',0x3533),(2042,121,'INSERT','INSERT','module_action_roles.role_code','',0x53555045525F41444D494E),(2043,121,'INSERT','INSERT','module_action_roles.module_action_id','',0x3534),(2044,121,'INSERT','INSERT','module_action_roles.role_code','',0x53555045525F41444D494E),(2045,121,'INSERT','INSERT','module_action_roles.module_action_id','',0x3535),(2046,121,'INSERT','INSERT','module_action_roles.role_code','',0x53555045525F41444D494E),(2047,121,'INSERT','INSERT','module_action_roles.module_action_id','',0x3536),(2048,121,'INSERT','INSERT','module_action_roles.role_code','',0x53555045525F41444D494E),(2049,121,'INSERT','INSERT','module_action_roles.module_action_id','',0x3537),(2050,121,'INSERT','INSERT','module_action_roles.role_code','',0x53555045525F41444D494E),(2051,121,'INSERT','INSERT','module_action_roles.module_action_id','',0x3538),(2052,121,'INSERT','INSERT','module_action_roles.role_code','',0x53555045525F41444D494E),(2053,121,'INSERT','INSERT','module_action_roles.module_action_id','',0x3736),(2054,121,'INSERT','INSERT','module_action_roles.role_code','',0x53555045525F41444D494E),(2055,121,'INSERT','INSERT','module_action_roles.module_action_id','',0x3738),(2056,121,'INSERT','INSERT','module_action_roles.role_code','',0x53555045525F41444D494E),(2057,121,'INSERT','INSERT','module_action_roles.module_action_id','',0x3830),(2058,121,'INSERT','INSERT','module_action_roles.role_code','',0x53555045525F41444D494E),(2059,121,'INSERT','INSERT','module_action_roles.module_action_id','',0x3831),(2060,121,'INSERT','INSERT','module_action_roles.role_code','',0x53555045525F41444D494E),(2061,121,'INSERT','INSERT','module_action_roles.module_action_id','',0x3832),(2062,121,'INSERT','INSERT','module_action_roles.role_code','',0x53555045525F41444D494E),(2063,121,'INSERT','INSERT','module_action_roles.module_action_id','',0x3833),(2064,121,'INSERT','INSERT','module_action_roles.role_code','',0x53555045525F41444D494E),(2065,121,'INSERT','INSERT','module_action_roles.module_action_id','',0x3834),(2066,121,'INSERT','INSERT','module_action_roles.role_code','',0x53555045525F41444D494E),(2067,121,'INSERT','INSERT','module_action_roles.module_action_id','',0x3835),(2068,121,'INSERT','INSERT','module_action_roles.role_code','',0x53555045525F41444D494E),(2069,121,'INSERT','INSERT','module_action_roles.module_action_id','',0x3836),(2070,121,'INSERT','INSERT','module_action_roles.role_code','',0x53555045525F41444D494E),(2071,121,'INSERT','INSERT','module_action_roles.module_action_id','',0x3837),(2072,121,'INSERT','INSERT','module_action_roles.role_code','',0x53555045525F41444D494E),(2073,121,'INSERT','INSERT','module_action_roles.module_action_id','',0x3838),(2074,121,'INSERT','INSERT','module_action_roles.role_code','',0x53555045525F41444D494E),(2075,121,'INSERT','INSERT','module_action_roles.module_action_id','',0x3839),(2076,121,'INSERT','INSERT','module_action_roles.role_code','',0x53555045525F41444D494E),(2077,121,'INSERT','INSERT','module_action_roles.module_action_id','',0x3930),(2078,121,'INSERT','INSERT','module_action_roles.role_code','',0x53555045525F41444D494E),(2079,121,'INSERT','INSERT','module_action_roles.module_action_id','',0x3931),(2080,121,'INSERT','INSERT','module_action_roles.role_code','',0x53555045525F41444D494E),(2081,121,'INSERT','INSERT','module_action_roles.module_action_id','',0x3932),(2082,121,'INSERT','INSERT','module_action_roles.role_code','',0x53555045525F41444D494E),(2083,121,'INSERT','INSERT','module_action_roles.module_action_id','',0x3933),(2084,121,'INSERT','INSERT','module_action_roles.role_code','',0x53555045525F41444D494E),(2085,121,'INSERT','INSERT','module_action_roles.module_action_id','',0x3934),(2086,121,'INSERT','INSERT','module_action_roles.role_code','',0x53555045525F41444D494E),(2087,121,'INSERT','INSERT','module_action_roles.module_action_id','',0x3935),(2088,121,'INSERT','INSERT','module_action_roles.role_code','',0x53555045525F41444D494E),(2089,121,'INSERT','INSERT','module_action_roles.module_action_id','',0x3936),(2090,121,'INSERT','INSERT','module_action_roles.role_code','',0x53555045525F41444D494E),(2091,121,'INSERT','INSERT','module_action_roles.module_action_id','',0x3937),(2092,121,'INSERT','INSERT','module_action_roles.role_code','',0x53555045525F41444D494E),(2093,121,'INSERT','INSERT','module_action_roles.module_action_id','',0x3938),(2094,121,'INSERT','INSERT','module_action_roles.role_code','',0x53555045525F41444D494E),(2095,121,'INSERT','INSERT','module_action_roles.module_action_id','',0x3939),(2096,121,'INSERT','INSERT','module_action_roles.role_code','',0x53555045525F41444D494E),(2097,121,'INSERT','INSERT','module_action_roles.module_action_id','',0x313030),(2098,121,'INSERT','INSERT','module_action_roles.role_code','',0x53555045525F41444D494E),(2099,121,'INSERT','INSERT','module_action_roles.module_action_id','',0x313031),(2100,121,'INSERT','INSERT','module_action_roles.role_code','',0x53555045525F41444D494E),(2101,121,'INSERT','INSERT','module_action_roles.module_action_id','',0x313032),(2102,121,'INSERT','INSERT','module_action_roles.role_code','',0x53555045525F41444D494E),(2103,121,'INSERT','INSERT','module_action_roles.module_action_id','',0x313033),(2104,121,'INSERT','INSERT','module_action_roles.role_code','',0x53555045525F41444D494E),(2105,121,'INSERT','INSERT','module_action_roles.module_action_id','',0x313034),(2106,121,'INSERT','INSERT','module_action_roles.role_code','',0x53555045525F41444D494E),(2107,121,'INSERT','INSERT','module_action_roles.module_action_id','',0x313035),(2108,121,'INSERT','INSERT','module_action_roles.role_code','',0x53555045525F41444D494E),(2109,121,'INSERT','INSERT','module_action_roles.module_action_id','',0x313036),(2110,121,'INSERT','INSERT','module_action_roles.role_code','',0x53555045525F41444D494E),(2111,121,'INSERT','INSERT','module_action_roles.module_action_id','',0x313037),(2112,121,'INSERT','INSERT','module_action_roles.role_code','',0x53555045525F41444D494E),(2113,121,'INSERT','INSERT','module_action_roles.module_action_id','',0x313038),(2114,121,'INSERT','INSERT','module_action_roles.role_code','',0x53555045525F41444D494E),(2115,121,'INSERT','INSERT','module_action_roles.module_action_id','',0x313039),(2116,121,'INSERT','INSERT','module_action_roles.role_code','',0x53555045525F41444D494E),(2117,121,'INSERT','INSERT','module_action_roles.module_action_id','',0x313130),(2118,121,'INSERT','INSERT','module_action_roles.role_code','',0x53555045525F41444D494E),(2119,121,'INSERT','INSERT','module_action_roles.module_action_id','',0x313131),(2120,121,'INSERT','INSERT','module_action_roles.role_code','',0x53555045525F41444D494E),(2121,121,'INSERT','INSERT','module_action_roles.module_action_id','',0x313132),(2122,121,'INSERT','INSERT','module_action_roles.role_code','',0x53555045525F41444D494E),(2123,121,'INSERT','INSERT','module_action_roles.module_action_id','',0x313133),(2124,121,'INSERT','INSERT','module_action_roles.role_code','',0x53555045525F41444D494E),(2125,121,'INSERT','INSERT','module_action_roles.module_action_id','',0x313134),(2126,121,'INSERT','INSERT','module_action_roles.role_code','',0x53555045525F41444D494E),(2127,121,'INSERT','INSERT','module_action_roles.module_action_id','',0x313135),(2128,121,'INSERT','INSERT','module_action_roles.role_code','',0x53555045525F41444D494E),(2129,121,'INSERT','INSERT','module_action_roles.module_action_id','',0x313136),(2130,121,'INSERT','INSERT','module_action_roles.role_code','',0x53555045525F41444D494E),(2131,121,'INSERT','INSERT','module_action_roles.module_action_id','',0x313137),(2132,121,'INSERT','INSERT','module_action_roles.role_code','',0x53555045525F41444D494E),(2133,121,'INSERT','INSERT','module_action_roles.module_action_id','',0x313139),(2134,121,'INSERT','INSERT','module_action_roles.role_code','',0x53555045525F41444D494E),(2135,121,'INSERT','INSERT','module_action_roles.module_action_id','',0x313234),(2136,121,'INSERT','INSERT','module_action_roles.role_code','',0x53555045525F41444D494E),(2137,121,'INSERT','INSERT','module_action_roles.module_action_id','',0x313235),(2138,121,'INSERT','INSERT','module_action_roles.role_code','',0x53555045525F41444D494E),(2139,121,'INSERT','INSERT','module_action_roles.module_action_id','',0x313236),(2140,121,'INSERT','INSERT','module_action_roles.role_code','',0x53555045525F41444D494E),(2141,121,'INSERT','INSERT','module_action_roles.module_action_id','',0x313237),(2142,121,'INSERT','INSERT','module_action_roles.role_code','',0x53555045525F41444D494E),(2143,121,'INSERT','INSERT','module_action_roles.module_action_id','',0x313238),(2144,121,'INSERT','INSERT','module_action_roles.role_code','',0x53555045525F41444D494E),(2145,121,'INSERT','INSERT','module_action_roles.module_action_id','',0x313239),(2146,121,'INSERT','INSERT','module_action_roles.role_code','',0x53555045525F41444D494E),(2147,121,'INSERT','INSERT','module_action_roles.module_action_id','',0x313330),(2148,121,'INSERT','INSERT','module_action_roles.role_code','',0x53555045525F41444D494E),(2149,121,'INSERT','INSERT','module_action_roles.module_action_id','',0x313331),(2150,121,'INSERT','INSERT','module_action_roles.role_code','',0x53555045525F41444D494E),(2151,121,'INSERT','INSERT','module_action_roles.module_action_id','',0x313332),(2152,121,'INSERT','INSERT','module_action_roles.role_code','',0x53555045525F41444D494E),(2153,121,'INSERT','INSERT','module_action_roles.module_action_id','',0x313333),(2154,121,'INSERT','INSERT','module_action_roles.role_code','',0x53555045525F41444D494E),(2155,121,'INSERT','INSERT','module_action_roles.module_action_id','',0x313334),(2156,121,'INSERT','INSERT','module_action_roles.role_code','',0x53555045525F41444D494E),(2157,121,'INSERT','INSERT','module_action_roles.module_action_id','',0x313335),(2158,121,'INSERT','INSERT','module_action_roles.role_code','',0x53555045525F41444D494E),(2159,121,'INSERT','INSERT','module_action_roles.module_action_id','',0x313337),(2160,121,'INSERT','INSERT','module_action_roles.role_code','',0x53555045525F41444D494E),(2161,121,'INSERT','INSERT','module_action_roles.module_action_id','',0x313338),(2162,121,'INSERT','INSERT','module_action_roles.role_code','',0x53555045525F41444D494E),(2163,121,'INSERT','INSERT','module_action_roles.module_action_id','',0x313339),(2164,121,'INSERT','INSERT','module_action_roles.role_code','',0x53555045525F41444D494E),(2165,121,'INSERT','INSERT','module_action_roles.module_action_id','',0x313430),(2166,121,'INSERT','INSERT','module_action_roles.role_code','',0x53555045525F41444D494E),(2167,121,'INSERT','INSERT','module_action_roles.module_action_id','',0x313431),(2168,121,'INSERT','INSERT','module_action_roles.role_code','',0x53555045525F41444D494E),(2169,121,'INSERT','INSERT','module_action_roles.module_action_id','',0x313432),(2170,121,'INSERT','INSERT','module_action_roles.role_code','',0x53555045525F41444D494E),(2171,121,'INSERT','INSERT','module_action_roles.module_action_id','',0x313433),(2172,121,'INSERT','INSERT','module_action_roles.role_code','',0x53555045525F41444D494E),(2173,121,'INSERT','INSERT','module_action_roles.module_action_id','',0x313434),(2174,121,'INSERT','INSERT','module_action_roles.role_code','',0x53555045525F41444D494E),(2175,133,'ocbs_core','DELETE','users.user_id',0x32,''),(2176,133,'ocbs_core','DELETE','users.location_code',NULL,''),(2177,133,'ocbs_core','DELETE','users.org_code',0x414E49,''),(2178,133,'ocbs_core','DELETE','users.password',0x3434313763656633343263333161316538653866663034343761326365376364326438313866653238316434363761666430666637376664326231323166653334343439363839313762393534616637306163333763323435376234613930663463383639326663336563363637616537333331666337326365383131663731,''),(2179,133,'ocbs_core','DELETE','users.salt',0x6139346362376439343863613430393733626564303063633034316137356665666135323861396664666439643161356665386138383033626437363862363732326566623265313339663366353033306430653166363937306638366539376565666166636537366564353137326163666664613936656530383965646137,''),(2180,133,'ocbs_core','DELETE','users.reset_salt','',''),(2181,133,'ocbs_core','DELETE','users.gender',0x47454E4445525F4D414C45,''),(2182,133,'ocbs_core','DELETE','users.photo',NULL,''),(2183,133,'ocbs_core','DELETE','users.logged_in_flag',0x30,''),(2184,133,'ocbs_core','DELETE','users.mail_flag',0x30,''),(2185,133,'ocbs_core','DELETE','users.contact_flag',0x30,''),(2186,133,'ocbs_core','DELETE','users.status',0x5354415455535F414354495645,''),(2187,133,'ocbs_core','DELETE','users.reason',NULL,''),(2188,133,'ocbs_core','DELETE','users.attempts',0x30,''),(2189,133,'ocbs_core','DELETE','users.initial_flag',0x30,''),(2190,133,'ocbs_core','DELETE','users.pw_email_flag',0x30,''),(2191,133,'ocbs_core','DELETE','users.last_logged_in_date',NULL,''),(2192,133,'ocbs_core','DELETE','users.built_in_flag',0x30,''),(2193,133,'ocbs_core','DELETE','users.receive_email_flag',0x59,''),(2194,133,'ocbs_core','DELETE','users.receive_sms_flag',0x59,''),(2195,133,'ocbs_core','DELETE','users.fname',NULL,''),(2196,133,'ocbs_core','DELETE','users.lname',NULL,''),(2197,133,'ocbs_core','DELETE','users.email',NULL,''),(2198,133,'ocbs_core','DELETE','users.mname',NULL,''),(2199,133,'ocbs_core','DELETE','users.ext_name',NULL,''),(2200,133,'ocbs_core','DELETE','users.username',NULL,''),(2201,133,'ocbs_core','DELETE','users.nickname',NULL,''),(2202,133,'ocbs_core','DELETE','users.job_title',NULL,''),(2203,133,'ocbs_core','DELETE','users.contact_no',NULL,''),(2204,133,'ocbs_core','DELETE','users.mobile_no',NULL,''),(2205,134,'ocbs_core','DELETE','users.user_id',0x33,''),(2206,134,'ocbs_core','DELETE','users.location_code',NULL,''),(2207,134,'ocbs_core','DELETE','users.org_code',0x414E49,''),(2208,134,'ocbs_core','DELETE','users.password',0x3136363364373039653862366635353863373034333965613364376139383739316638313565663837316539373665646233633533663938646436393163663736636462383065633236383233363231336566366231613364613631323036656263623935383264616231643933636362373564626362666563333232633731,''),(2209,134,'ocbs_core','DELETE','users.salt',0x3434623537353461393636323861623633373031646462343038363133633236643839373832353963613539643838376565376236333264396134316230366534323333613934616330623939336632343534623531356565383232646236313435326430653033656530323138613537633861633733393964633062363438,''),(2210,134,'ocbs_core','DELETE','users.reset_salt',NULL,''),(2211,134,'ocbs_core','DELETE','users.gender',0x47454E4445525F4D414C45,''),(2212,134,'ocbs_core','DELETE','users.photo',NULL,''),(2213,134,'ocbs_core','DELETE','users.logged_in_flag',0x30,''),(2214,134,'ocbs_core','DELETE','users.mail_flag',0x31,''),(2215,134,'ocbs_core','DELETE','users.contact_flag',0x30,''),(2216,134,'ocbs_core','DELETE','users.status',0x5354415455535F414354495645,''),(2217,134,'ocbs_core','DELETE','users.reason',NULL,''),(2218,134,'ocbs_core','DELETE','users.attempts',0x30,''),(2219,134,'ocbs_core','DELETE','users.initial_flag',0x31,''),(2220,134,'ocbs_core','DELETE','users.pw_email_flag',0x30,''),(2221,134,'ocbs_core','DELETE','users.last_logged_in_date',NULL,''),(2222,134,'ocbs_core','DELETE','users.built_in_flag',0x30,''),(2223,134,'ocbs_core','DELETE','users.receive_email_flag',0x59,''),(2224,134,'ocbs_core','DELETE','users.receive_sms_flag',0x59,''),(2225,134,'ocbs_core','DELETE','users.fname',NULL,''),(2226,134,'ocbs_core','DELETE','users.lname',NULL,''),(2227,134,'ocbs_core','DELETE','users.email',NULL,''),(2228,134,'ocbs_core','DELETE','users.mname',NULL,''),(2229,134,'ocbs_core','DELETE','users.ext_name',NULL,''),(2230,134,'ocbs_core','DELETE','users.username',NULL,''),(2231,134,'ocbs_core','DELETE','users.nickname',NULL,''),(2232,134,'ocbs_core','DELETE','users.job_title',NULL,''),(2233,134,'ocbs_core','DELETE','users.contact_no',NULL,''),(2234,134,'ocbs_core','DELETE','users.mobile_no',NULL,''),(2235,135,'ocbs_core','DELETE','users.user_id',0x34,''),(2236,135,'ocbs_core','DELETE','users.location_code',NULL,''),(2237,135,'ocbs_core','DELETE','users.org_code',0x414E49,''),(2238,135,'ocbs_core','DELETE','users.password',0x6534303461633634333338363866306538616263373230356663653930633465623231626566376234393338646462353234313037626336653131613733383933643864633936333033643537646132326539363361653331613265316361353361373965393034343833386235396266646136653734363564633633333265,''),(2239,135,'ocbs_core','DELETE','users.salt',0x6165396565646535313934656634313764336638653637303733303766653766663430363162646130383963643939336336396635386232653130323730363965626234383566383566346430613339396564386137366433666636333337643463313234666635326136356232323966366666383361306130313566643437,''),(2240,135,'ocbs_core','DELETE','users.reset_salt',NULL,''),(2241,135,'ocbs_core','DELETE','users.gender',0x47454E4445525F46454D414C45,''),(2242,135,'ocbs_core','DELETE','users.photo',NULL,''),(2243,135,'ocbs_core','DELETE','users.logged_in_flag',0x30,''),(2244,135,'ocbs_core','DELETE','users.mail_flag',0x31,''),(2245,135,'ocbs_core','DELETE','users.contact_flag',0x30,''),(2246,135,'ocbs_core','DELETE','users.status',0x5354415455535F414354495645,''),(2247,135,'ocbs_core','DELETE','users.reason',NULL,''),(2248,135,'ocbs_core','DELETE','users.attempts',0x30,''),(2249,135,'ocbs_core','DELETE','users.initial_flag',0x31,''),(2250,135,'ocbs_core','DELETE','users.pw_email_flag',0x30,''),(2251,135,'ocbs_core','DELETE','users.last_logged_in_date',NULL,''),(2252,135,'ocbs_core','DELETE','users.built_in_flag',0x30,''),(2253,135,'ocbs_core','DELETE','users.receive_email_flag',0x59,''),(2254,135,'ocbs_core','DELETE','users.receive_sms_flag',0x59,''),(2255,135,'ocbs_core','DELETE','users.fname',NULL,''),(2256,135,'ocbs_core','DELETE','users.lname',NULL,''),(2257,135,'ocbs_core','DELETE','users.email',NULL,''),(2258,135,'ocbs_core','DELETE','users.mname',NULL,''),(2259,135,'ocbs_core','DELETE','users.ext_name',NULL,''),(2260,135,'ocbs_core','DELETE','users.username',NULL,''),(2261,135,'ocbs_core','DELETE','users.nickname',NULL,''),(2262,135,'ocbs_core','DELETE','users.job_title',NULL,''),(2263,135,'ocbs_core','DELETE','users.contact_no',NULL,''),(2264,135,'ocbs_core','DELETE','users.mobile_no',NULL,''),(2265,136,'ocbs_core','DELETE','roles.role_code',0x425247595F5354414646,''),(2266,136,'ocbs_core','DELETE','roles.role_name',0x426172616E676179205374616666,''),(2267,136,'ocbs_core','DELETE','roles.default_system',0x504C5547494E53,''),(2268,136,'ocbs_core','DELETE','roles.maintainer_flag',0x30,''),(2269,136,'ocbs_core','DELETE','roles.default_role_sign_up_flag',0x4E,''),(2270,137,'ocbs_core','DELETE','roles.role_code',0x544553544552,''),(2271,137,'ocbs_core','DELETE','roles.role_name',0x546573746572,''),(2272,137,'ocbs_core','DELETE','roles.default_system',0x5359534144,''),(2273,137,'ocbs_core','DELETE','roles.maintainer_flag',0x30,''),(2274,137,'ocbs_core','DELETE','roles.default_role_sign_up_flag',0x4E,''),(2275,138,'ocbs_core','INSERT','roles.role_code','',0x53555045525F54454C4C4552),(2276,138,'ocbs_core','INSERT','roles.role_name','',0x73757065722E74656C6C6572),(2277,138,'ocbs_core','INSERT','roles.default_role_sign_up_flag','',0x4E),(2278,140,'ocbs_core','UPDATE','roles.role_name',0x73757065722E74656C6C6572,0x53555045522054454C4C4552),(2279,142,'INSERT','INSERT','module_action_roles.module_action_id','',0x313132),(2280,142,'INSERT','INSERT','module_action_roles.role_code','',0x53555045525F54454C4C4552),(2281,142,'INSERT','INSERT','module_action_roles.module_action_id','',0x313133),(2282,142,'INSERT','INSERT','module_action_roles.role_code','',0x53555045525F54454C4C4552),(2283,142,'INSERT','INSERT','module_action_roles.module_action_id','',0x313134),(2284,142,'INSERT','INSERT','module_action_roles.role_code','',0x53555045525F54454C4C4552),(2285,142,'INSERT','INSERT','module_action_roles.module_action_id','',0x313135),(2286,142,'INSERT','INSERT','module_action_roles.role_code','',0x53555045525F54454C4C4552),(2287,142,'INSERT','INSERT','module_action_roles.module_action_id','',0x313136),(2288,142,'INSERT','INSERT','module_action_roles.role_code','',0x53555045525F54454C4C4552),(2289,142,'INSERT','INSERT','module_action_roles.module_action_id','',0x313139),(2290,142,'INSERT','INSERT','module_action_roles.role_code','',0x53555045525F54454C4C4552),(2291,142,'INSERT','INSERT','module_action_roles.module_action_id','',0x313234),(2292,142,'INSERT','INSERT','module_action_roles.role_code','',0x53555045525F54454C4C4552),(2293,142,'INSERT','INSERT','module_action_roles.module_action_id','',0x313235),(2294,142,'INSERT','INSERT','module_action_roles.role_code','',0x53555045525F54454C4C4552),(2295,142,'INSERT','INSERT','module_action_roles.module_action_id','',0x313236),(2296,142,'INSERT','INSERT','module_action_roles.role_code','',0x53555045525F54454C4C4552),(2297,142,'INSERT','INSERT','module_action_roles.module_action_id','',0x313237),(2298,142,'INSERT','INSERT','module_action_roles.role_code','',0x53555045525F54454C4C4552),(2299,142,'INSERT','INSERT','module_action_roles.module_action_id','',0x313238),(2300,142,'INSERT','INSERT','module_action_roles.role_code','',0x53555045525F54454C4C4552),(2301,142,'INSERT','INSERT','module_action_roles.module_action_id','',0x313239),(2302,142,'INSERT','INSERT','module_action_roles.role_code','',0x53555045525F54454C4C4552),(2303,142,'INSERT','INSERT','module_action_roles.module_action_id','',0x313330),(2304,142,'INSERT','INSERT','module_action_roles.role_code','',0x53555045525F54454C4C4552),(2305,142,'INSERT','INSERT','module_action_roles.module_action_id','',0x313331),(2306,142,'INSERT','INSERT','module_action_roles.role_code','',0x53555045525F54454C4C4552),(2307,142,'INSERT','INSERT','module_action_roles.module_action_id','',0x313332),(2308,142,'INSERT','INSERT','module_action_roles.role_code','',0x53555045525F54454C4C4552),(2309,142,'INSERT','INSERT','module_action_roles.module_action_id','',0x313333),(2310,142,'INSERT','INSERT','module_action_roles.role_code','',0x53555045525F54454C4C4552),(2311,142,'INSERT','INSERT','module_action_roles.module_action_id','',0x313334),(2312,142,'INSERT','INSERT','module_action_roles.role_code','',0x53555045525F54454C4C4552),(2313,142,'INSERT','INSERT','module_action_roles.module_action_id','',0x313335),(2314,142,'INSERT','INSERT','module_action_roles.role_code','',0x53555045525F54454C4C4552),(2315,142,'INSERT','INSERT','module_action_roles.module_action_id','',0x313337),(2316,142,'INSERT','INSERT','module_action_roles.role_code','',0x53555045525F54454C4C4552),(2317,142,'INSERT','INSERT','module_action_roles.module_action_id','',0x313338),(2318,142,'INSERT','INSERT','module_action_roles.role_code','',0x53555045525F54454C4C4552),(2319,142,'INSERT','INSERT','module_action_roles.module_action_id','',0x313339),(2320,142,'INSERT','INSERT','module_action_roles.role_code','',0x53555045525F54454C4C4552),(2321,142,'INSERT','INSERT','module_action_roles.module_action_id','',0x313430),(2322,142,'INSERT','INSERT','module_action_roles.role_code','',0x53555045525F54454C4C4552),(2323,142,'INSERT','INSERT','module_action_roles.module_action_id','',0x313431),(2324,142,'INSERT','INSERT','module_action_roles.role_code','',0x53555045525F54454C4C4552),(2325,142,'INSERT','INSERT','module_action_roles.module_action_id','',0x313432),(2326,142,'INSERT','INSERT','module_action_roles.role_code','',0x53555045525F54454C4C4552),(2327,142,'INSERT','INSERT','module_action_roles.module_action_id','',0x313433),(2328,142,'INSERT','INSERT','module_action_roles.role_code','',0x53555045525F54454C4C4552),(2329,142,'INSERT','INSERT','module_action_roles.module_action_id','',0x313434),(2330,142,'INSERT','INSERT','module_action_roles.role_code','',0x53555045525F54454C4C4552),(2331,145,'ocbs_core','INSERT','users.user_id','',0x36),(2332,145,'ocbs_core','INSERT','users.org_code','',0x414E49),(2333,145,'ocbs_core','INSERT','users.password','',0x3165343636616661623530353434316133313230333039376362656633366665633133646362636136343137363364303236616562346138656139376136396238353862306235306261343465653335373261636532653332373734333466623964373433356137363935333933316531613463303563366536626635663661),(2334,145,'ocbs_core','INSERT','users.salt','',0x6335366565613539393166376361306632343433383430396362323034303030633832623333383739396230623237653765663964663665663664373838633930363031373363663066646130366262343730306537386665306164373664323765633065316332363833343564373137626636363363663764313734366464),(2335,145,'ocbs_core','INSERT','users.gender','',0x47454E4445525F4D414C45),(2336,145,'ocbs_core','INSERT','users.mail_flag','',0x31),(2337,145,'ocbs_core','INSERT','users.status','',0x5354415455535F414354495645),(2338,145,'ocbs_core','INSERT','users.initial_flag','',0x31),(2339,145,'ocbs_core','INSERT','users.receive_email_flag','',0x59),(2340,145,'ocbs_core','INSERT','users.receive_sms_flag','',0x59),(2341,145,'ocbs_core','INSERT','users.fname','',0x5355504552),(2342,145,'ocbs_core','INSERT','users.lname','',0x54454C4C4552),(2343,145,'ocbs_core','INSERT','users.email','',0x74656C6C657240676D61696C2E636F6D),(2344,145,'ocbs_core','INSERT','users.username','',0x73757065722E74656C6C6572),(2345,150,'ocbs_core','UPDATE','users.password',0x3165343636616661623530353434316133313230333039376362656633366665633133646362636136343137363364303236616562346138656139376136396238353862306235306261343465653335373261636532653332373734333466623964373433356137363935333933316531613463303563366536626635663661,0x3364343162313764383663643732383630613939636639396438616361646266636563353738353238613637386635613538303461623735333239353232363066636630373930343436306636393739363539353630386566633936303165316462656636613232323239326262623432356135386138363031333330323738),(2346,150,'ocbs_core','UPDATE','users.salt',0x6335366565613539393166376361306632343433383430396362323034303030633832623333383739396230623237653765663964663665663664373838633930363031373363663066646130366262343730306537386665306164373664323765633065316332363833343564373137626636363363663764313734366464,0x3666646230333435366664656438393338633735386630623531653935633133653333393363393337306434376464333763366133313038313135666633386164393266643738356636343130306434323034363538303439666537643765666238396439323733326635393563313537386539316131353535326535316636),(2347,150,'ocbs_core','UPDATE','users.initial_flag',0x31,0x30),(2348,151,'ocbs','INSERT','gl_types.type_code','',0x31),(2349,151,'ocbs','INSERT','gl_types.type_name','',0x31),(2350,151,'ocbs','INSERT','gl_types.position','',0x43),(2351,151,'ocbs','INSERT','gl_types.active_flag','',0x4E),(2352,152,'ocbs','INSERT','gl_types.type_code','',0x323232),(2353,152,'ocbs','INSERT','gl_types.type_name','',0x323232),(2354,152,'ocbs','INSERT','gl_types.position','',0x43),(2355,152,'ocbs','INSERT','gl_types.active_flag','',0x59),(2356,153,'ocbs','INSERT','gl_types.type_code','',0x303031),(2357,153,'ocbs','INSERT','gl_types.type_name','',0x31),(2358,153,'ocbs','INSERT','gl_types.position','',0x44),(2359,153,'ocbs','INSERT','gl_types.active_flag','',0x59),(2360,154,'ocbs','INSERT','gl_types.type_code','',0x303031),(2361,154,'ocbs','INSERT','gl_types.type_name','',0x31),(2362,154,'ocbs','INSERT','gl_types.position','',0x44),(2363,154,'ocbs','INSERT','gl_types.active_flag','',0x59),(2364,164,'ocbs','INSERT','gl_types.type_code','',0x323232),(2365,164,'ocbs','INSERT','gl_types.type_name','',0x323232),(2366,164,'ocbs','INSERT','gl_types.position','',0x44),(2367,164,'ocbs','INSERT','gl_types.active_flag','',0x59),(2368,167,'DELETE','DELETE','module_action_roles.module_action_id',0x313132,''),(2369,167,'DELETE','DELETE','module_action_roles.role_code',0x53555045525F54454C4C4552,''),(2370,167,'DELETE','DELETE','module_action_roles.module_action_id',0x313133,''),(2371,167,'DELETE','DELETE','module_action_roles.role_code',0x53555045525F54454C4C4552,''),(2372,167,'DELETE','DELETE','module_action_roles.module_action_id',0x313134,''),(2373,167,'DELETE','DELETE','module_action_roles.role_code',0x53555045525F54454C4C4552,''),(2374,167,'DELETE','DELETE','module_action_roles.module_action_id',0x313135,''),(2375,167,'DELETE','DELETE','module_action_roles.role_code',0x53555045525F54454C4C4552,''),(2376,167,'DELETE','DELETE','module_action_roles.module_action_id',0x313136,''),(2377,167,'DELETE','DELETE','module_action_roles.role_code',0x53555045525F54454C4C4552,''),(2378,167,'DELETE','DELETE','module_action_roles.module_action_id',0x313139,''),(2379,167,'DELETE','DELETE','module_action_roles.role_code',0x53555045525F54454C4C4552,''),(2380,167,'DELETE','DELETE','module_action_roles.module_action_id',0x313234,''),(2381,167,'DELETE','DELETE','module_action_roles.role_code',0x53555045525F54454C4C4552,''),(2382,167,'DELETE','DELETE','module_action_roles.module_action_id',0x313235,''),(2383,167,'DELETE','DELETE','module_action_roles.role_code',0x53555045525F54454C4C4552,''),(2384,167,'DELETE','DELETE','module_action_roles.module_action_id',0x313236,''),(2385,167,'DELETE','DELETE','module_action_roles.role_code',0x53555045525F54454C4C4552,''),(2386,167,'DELETE','DELETE','module_action_roles.module_action_id',0x313237,''),(2387,167,'DELETE','DELETE','module_action_roles.role_code',0x53555045525F54454C4C4552,''),(2388,167,'DELETE','DELETE','module_action_roles.module_action_id',0x313238,''),(2389,167,'DELETE','DELETE','module_action_roles.role_code',0x53555045525F54454C4C4552,''),(2390,167,'DELETE','DELETE','module_action_roles.module_action_id',0x313239,''),(2391,167,'DELETE','DELETE','module_action_roles.role_code',0x53555045525F54454C4C4552,''),(2392,167,'DELETE','DELETE','module_action_roles.module_action_id',0x313330,''),(2393,167,'DELETE','DELETE','module_action_roles.role_code',0x53555045525F54454C4C4552,''),(2394,167,'DELETE','DELETE','module_action_roles.module_action_id',0x313331,''),(2395,167,'DELETE','DELETE','module_action_roles.role_code',0x53555045525F54454C4C4552,''),(2396,167,'DELETE','DELETE','module_action_roles.module_action_id',0x313332,''),(2397,167,'DELETE','DELETE','module_action_roles.role_code',0x53555045525F54454C4C4552,''),(2398,167,'DELETE','DELETE','module_action_roles.module_action_id',0x313333,''),(2399,167,'DELETE','DELETE','module_action_roles.role_code',0x53555045525F54454C4C4552,''),(2400,167,'DELETE','DELETE','module_action_roles.module_action_id',0x313334,''),(2401,167,'DELETE','DELETE','module_action_roles.role_code',0x53555045525F54454C4C4552,''),(2402,167,'DELETE','DELETE','module_action_roles.module_action_id',0x313335,''),(2403,167,'DELETE','DELETE','module_action_roles.role_code',0x53555045525F54454C4C4552,''),(2404,167,'DELETE','DELETE','module_action_roles.module_action_id',0x313337,''),(2405,167,'DELETE','DELETE','module_action_roles.role_code',0x53555045525F54454C4C4552,''),(2406,167,'DELETE','DELETE','module_action_roles.module_action_id',0x313338,''),(2407,167,'DELETE','DELETE','module_action_roles.role_code',0x53555045525F54454C4C4552,''),(2408,167,'DELETE','DELETE','module_action_roles.module_action_id',0x313339,''),(2409,167,'DELETE','DELETE','module_action_roles.role_code',0x53555045525F54454C4C4552,''),(2410,167,'DELETE','DELETE','module_action_roles.module_action_id',0x313430,''),(2411,167,'DELETE','DELETE','module_action_roles.role_code',0x53555045525F54454C4C4552,''),(2412,167,'DELETE','DELETE','module_action_roles.module_action_id',0x313431,''),(2413,167,'DELETE','DELETE','module_action_roles.role_code',0x53555045525F54454C4C4552,''),(2414,167,'DELETE','DELETE','module_action_roles.module_action_id',0x313432,''),(2415,167,'DELETE','DELETE','module_action_roles.role_code',0x53555045525F54454C4C4552,''),(2416,167,'DELETE','DELETE','module_action_roles.module_action_id',0x313433,''),(2417,167,'DELETE','DELETE','module_action_roles.role_code',0x53555045525F54454C4C4552,''),(2418,167,'DELETE','DELETE','module_action_roles.module_action_id',0x313434,''),(2419,167,'DELETE','DELETE','module_action_roles.role_code',0x53555045525F54454C4C4552,''),(2420,167,'INSERT','INSERT','module_action_roles.module_action_id','',0x313132),(2421,167,'INSERT','INSERT','module_action_roles.role_code','',0x53555045525F54454C4C4552),(2422,167,'INSERT','INSERT','module_action_roles.module_action_id','',0x313133),(2423,167,'INSERT','INSERT','module_action_roles.role_code','',0x53555045525F54454C4C4552),(2424,167,'INSERT','INSERT','module_action_roles.module_action_id','',0x313134),(2425,167,'INSERT','INSERT','module_action_roles.role_code','',0x53555045525F54454C4C4552),(2426,167,'INSERT','INSERT','module_action_roles.module_action_id','',0x313135),(2427,167,'INSERT','INSERT','module_action_roles.role_code','',0x53555045525F54454C4C4552),(2428,167,'INSERT','INSERT','module_action_roles.module_action_id','',0x313136),(2429,167,'INSERT','INSERT','module_action_roles.role_code','',0x53555045525F54454C4C4552),(2430,167,'INSERT','INSERT','module_action_roles.module_action_id','',0x313137),(2431,167,'INSERT','INSERT','module_action_roles.role_code','',0x53555045525F54454C4C4552),(2432,167,'INSERT','INSERT','module_action_roles.module_action_id','',0x313138),(2433,167,'INSERT','INSERT','module_action_roles.role_code','',0x53555045525F54454C4C4552),(2434,167,'INSERT','INSERT','module_action_roles.module_action_id','',0x313139),(2435,167,'INSERT','INSERT','module_action_roles.role_code','',0x53555045525F54454C4C4552),(2436,167,'INSERT','INSERT','module_action_roles.module_action_id','',0x313230),(2437,167,'INSERT','INSERT','module_action_roles.role_code','',0x53555045525F54454C4C4552),(2438,167,'INSERT','INSERT','module_action_roles.module_action_id','',0x313231),(2439,167,'INSERT','INSERT','module_action_roles.role_code','',0x53555045525F54454C4C4552),(2440,167,'INSERT','INSERT','module_action_roles.module_action_id','',0x313232),(2441,167,'INSERT','INSERT','module_action_roles.role_code','',0x53555045525F54454C4C4552),(2442,167,'INSERT','INSERT','module_action_roles.module_action_id','',0x313233),(2443,167,'INSERT','INSERT','module_action_roles.role_code','',0x53555045525F54454C4C4552),(2444,167,'INSERT','INSERT','module_action_roles.module_action_id','',0x313234),(2445,167,'INSERT','INSERT','module_action_roles.role_code','',0x53555045525F54454C4C4552),(2446,167,'INSERT','INSERT','module_action_roles.module_action_id','',0x313235),(2447,167,'INSERT','INSERT','module_action_roles.role_code','',0x53555045525F54454C4C4552),(2448,167,'INSERT','INSERT','module_action_roles.module_action_id','',0x313236),(2449,167,'INSERT','INSERT','module_action_roles.role_code','',0x53555045525F54454C4C4552),(2450,167,'INSERT','INSERT','module_action_roles.module_action_id','',0x313237),(2451,167,'INSERT','INSERT','module_action_roles.role_code','',0x53555045525F54454C4C4552),(2452,167,'INSERT','INSERT','module_action_roles.module_action_id','',0x313238),(2453,167,'INSERT','INSERT','module_action_roles.role_code','',0x53555045525F54454C4C4552),(2454,167,'INSERT','INSERT','module_action_roles.module_action_id','',0x313239),(2455,167,'INSERT','INSERT','module_action_roles.role_code','',0x53555045525F54454C4C4552),(2456,167,'INSERT','INSERT','module_action_roles.module_action_id','',0x313330),(2457,167,'INSERT','INSERT','module_action_roles.role_code','',0x53555045525F54454C4C4552),(2458,167,'INSERT','INSERT','module_action_roles.module_action_id','',0x313331),(2459,167,'INSERT','INSERT','module_action_roles.role_code','',0x53555045525F54454C4C4552),(2460,167,'INSERT','INSERT','module_action_roles.module_action_id','',0x313332),(2461,167,'INSERT','INSERT','module_action_roles.role_code','',0x53555045525F54454C4C4552),(2462,167,'INSERT','INSERT','module_action_roles.module_action_id','',0x313333),(2463,167,'INSERT','INSERT','module_action_roles.role_code','',0x53555045525F54454C4C4552),(2464,167,'INSERT','INSERT','module_action_roles.module_action_id','',0x313334),(2465,167,'INSERT','INSERT','module_action_roles.role_code','',0x53555045525F54454C4C4552),(2466,167,'INSERT','INSERT','module_action_roles.module_action_id','',0x313335),(2467,167,'INSERT','INSERT','module_action_roles.role_code','',0x53555045525F54454C4C4552),(2468,167,'INSERT','INSERT','module_action_roles.module_action_id','',0x313337),(2469,167,'INSERT','INSERT','module_action_roles.role_code','',0x53555045525F54454C4C4552),(2470,167,'INSERT','INSERT','module_action_roles.module_action_id','',0x313338),(2471,167,'INSERT','INSERT','module_action_roles.role_code','',0x53555045525F54454C4C4552),(2472,167,'INSERT','INSERT','module_action_roles.module_action_id','',0x313339),(2473,167,'INSERT','INSERT','module_action_roles.role_code','',0x53555045525F54454C4C4552),(2474,167,'INSERT','INSERT','module_action_roles.module_action_id','',0x313430),(2475,167,'INSERT','INSERT','module_action_roles.role_code','',0x53555045525F54454C4C4552),(2476,167,'INSERT','INSERT','module_action_roles.module_action_id','',0x313431),(2477,167,'INSERT','INSERT','module_action_roles.role_code','',0x53555045525F54454C4C4552),(2478,167,'INSERT','INSERT','module_action_roles.module_action_id','',0x313432),(2479,167,'INSERT','INSERT','module_action_roles.role_code','',0x53555045525F54454C4C4552),(2480,167,'INSERT','INSERT','module_action_roles.module_action_id','',0x313433),(2481,167,'INSERT','INSERT','module_action_roles.role_code','',0x53555045525F54454C4C4552),(2482,167,'INSERT','INSERT','module_action_roles.module_action_id','',0x313434),(2483,167,'INSERT','INSERT','module_action_roles.role_code','',0x53555045525F54454C4C4552),(2484,168,'DELETE','DELETE','module_action_roles.module_action_id',0x313132,''),(2485,168,'DELETE','DELETE','module_action_roles.role_code',0x53555045525F41444D494E,''),(2486,168,'DELETE','DELETE','module_action_roles.module_action_id',0x313133,''),(2487,168,'DELETE','DELETE','module_action_roles.role_code',0x53555045525F41444D494E,''),(2488,168,'DELETE','DELETE','module_action_roles.module_action_id',0x313134,''),(2489,168,'DELETE','DELETE','module_action_roles.role_code',0x53555045525F41444D494E,''),(2490,168,'DELETE','DELETE','module_action_roles.module_action_id',0x313135,''),(2491,168,'DELETE','DELETE','module_action_roles.role_code',0x53555045525F41444D494E,''),(2492,168,'DELETE','DELETE','module_action_roles.module_action_id',0x313136,''),(2493,168,'DELETE','DELETE','module_action_roles.role_code',0x53555045525F41444D494E,''),(2494,168,'DELETE','DELETE','module_action_roles.module_action_id',0x313137,''),(2495,168,'DELETE','DELETE','module_action_roles.role_code',0x53555045525F41444D494E,''),(2496,168,'DELETE','DELETE','module_action_roles.module_action_id',0x313139,''),(2497,168,'DELETE','DELETE','module_action_roles.role_code',0x53555045525F41444D494E,''),(2498,168,'DELETE','DELETE','module_action_roles.module_action_id',0x313234,''),(2499,168,'DELETE','DELETE','module_action_roles.role_code',0x53555045525F41444D494E,''),(2500,168,'DELETE','DELETE','module_action_roles.module_action_id',0x313235,''),(2501,168,'DELETE','DELETE','module_action_roles.role_code',0x53555045525F41444D494E,''),(2502,168,'DELETE','DELETE','module_action_roles.module_action_id',0x313236,''),(2503,168,'DELETE','DELETE','module_action_roles.role_code',0x53555045525F41444D494E,''),(2504,168,'DELETE','DELETE','module_action_roles.module_action_id',0x313237,''),(2505,168,'DELETE','DELETE','module_action_roles.role_code',0x53555045525F41444D494E,''),(2506,168,'DELETE','DELETE','module_action_roles.module_action_id',0x313238,''),(2507,168,'DELETE','DELETE','module_action_roles.role_code',0x53555045525F41444D494E,''),(2508,168,'DELETE','DELETE','module_action_roles.module_action_id',0x313239,''),(2509,168,'DELETE','DELETE','module_action_roles.role_code',0x53555045525F41444D494E,''),(2510,168,'DELETE','DELETE','module_action_roles.module_action_id',0x313330,''),(2511,168,'DELETE','DELETE','module_action_roles.role_code',0x53555045525F41444D494E,''),(2512,168,'DELETE','DELETE','module_action_roles.module_action_id',0x313331,''),(2513,168,'DELETE','DELETE','module_action_roles.role_code',0x53555045525F41444D494E,''),(2514,168,'DELETE','DELETE','module_action_roles.module_action_id',0x313332,''),(2515,168,'DELETE','DELETE','module_action_roles.role_code',0x53555045525F41444D494E,''),(2516,168,'DELETE','DELETE','module_action_roles.module_action_id',0x313333,''),(2517,168,'DELETE','DELETE','module_action_roles.role_code',0x53555045525F41444D494E,''),(2518,168,'DELETE','DELETE','module_action_roles.module_action_id',0x313334,''),(2519,168,'DELETE','DELETE','module_action_roles.role_code',0x53555045525F41444D494E,''),(2520,168,'DELETE','DELETE','module_action_roles.module_action_id',0x313335,''),(2521,168,'DELETE','DELETE','module_action_roles.role_code',0x53555045525F41444D494E,''),(2522,168,'DELETE','DELETE','module_action_roles.module_action_id',0x313337,''),(2523,168,'DELETE','DELETE','module_action_roles.role_code',0x53555045525F41444D494E,''),(2524,168,'DELETE','DELETE','module_action_roles.module_action_id',0x313338,''),(2525,168,'DELETE','DELETE','module_action_roles.role_code',0x53555045525F41444D494E,''),(2526,168,'DELETE','DELETE','module_action_roles.module_action_id',0x313339,''),(2527,168,'DELETE','DELETE','module_action_roles.role_code',0x53555045525F41444D494E,''),(2528,168,'DELETE','DELETE','module_action_roles.module_action_id',0x313430,''),(2529,168,'DELETE','DELETE','module_action_roles.role_code',0x53555045525F41444D494E,''),(2530,168,'DELETE','DELETE','module_action_roles.module_action_id',0x313431,''),(2531,168,'DELETE','DELETE','module_action_roles.role_code',0x53555045525F41444D494E,''),(2532,168,'DELETE','DELETE','module_action_roles.module_action_id',0x313432,''),(2533,168,'DELETE','DELETE','module_action_roles.role_code',0x53555045525F41444D494E,''),(2534,168,'DELETE','DELETE','module_action_roles.module_action_id',0x313433,''),(2535,168,'DELETE','DELETE','module_action_roles.role_code',0x53555045525F41444D494E,''),(2536,168,'DELETE','DELETE','module_action_roles.module_action_id',0x313434,''),(2537,168,'DELETE','DELETE','module_action_roles.role_code',0x53555045525F41444D494E,''),(2538,168,'INSERT','INSERT','module_action_roles.module_action_id','',0x31),(2539,168,'INSERT','INSERT','module_action_roles.role_code','',0x53555045525F41444D494E),(2540,168,'INSERT','INSERT','module_action_roles.module_action_id','',0x32),(2541,168,'INSERT','INSERT','module_action_roles.role_code','',0x53555045525F41444D494E),(2542,168,'INSERT','INSERT','module_action_roles.module_action_id','',0x34),(2543,168,'INSERT','INSERT','module_action_roles.role_code','',0x53555045525F41444D494E),(2544,168,'INSERT','INSERT','module_action_roles.module_action_id','',0x35),(2545,168,'INSERT','INSERT','module_action_roles.role_code','',0x53555045525F41444D494E),(2546,168,'INSERT','INSERT','module_action_roles.module_action_id','',0x36),(2547,168,'INSERT','INSERT','module_action_roles.role_code','',0x53555045525F41444D494E),(2548,168,'INSERT','INSERT','module_action_roles.module_action_id','',0x37),(2549,168,'INSERT','INSERT','module_action_roles.role_code','',0x53555045525F41444D494E),(2550,168,'INSERT','INSERT','module_action_roles.module_action_id','',0x38),(2551,168,'INSERT','INSERT','module_action_roles.role_code','',0x53555045525F41444D494E),(2552,168,'INSERT','INSERT','module_action_roles.module_action_id','',0x39),(2553,168,'INSERT','INSERT','module_action_roles.role_code','',0x53555045525F41444D494E),(2554,168,'INSERT','INSERT','module_action_roles.module_action_id','',0x3130),(2555,168,'INSERT','INSERT','module_action_roles.role_code','',0x53555045525F41444D494E),(2556,168,'INSERT','INSERT','module_action_roles.module_action_id','',0x3136),(2557,168,'INSERT','INSERT','module_action_roles.role_code','',0x53555045525F41444D494E),(2558,168,'INSERT','INSERT','module_action_roles.module_action_id','',0x3137),(2559,168,'INSERT','INSERT','module_action_roles.role_code','',0x53555045525F41444D494E),(2560,168,'INSERT','INSERT','module_action_roles.module_action_id','',0x3138),(2561,168,'INSERT','INSERT','module_action_roles.role_code','',0x53555045525F41444D494E),(2562,168,'INSERT','INSERT','module_action_roles.module_action_id','',0x3139),(2563,168,'INSERT','INSERT','module_action_roles.role_code','',0x53555045525F41444D494E),(2564,168,'INSERT','INSERT','module_action_roles.module_action_id','',0x3230),(2565,168,'INSERT','INSERT','module_action_roles.role_code','',0x53555045525F41444D494E),(2566,168,'INSERT','INSERT','module_action_roles.module_action_id','',0x3231),(2567,168,'INSERT','INSERT','module_action_roles.role_code','',0x53555045525F41444D494E),(2568,168,'INSERT','INSERT','module_action_roles.module_action_id','',0x3232),(2569,168,'INSERT','INSERT','module_action_roles.role_code','',0x53555045525F41444D494E),(2570,168,'INSERT','INSERT','module_action_roles.module_action_id','',0x3233),(2571,168,'INSERT','INSERT','module_action_roles.role_code','',0x53555045525F41444D494E),(2572,168,'INSERT','INSERT','module_action_roles.module_action_id','',0x3235),(2573,168,'INSERT','INSERT','module_action_roles.role_code','',0x53555045525F41444D494E),(2574,168,'INSERT','INSERT','module_action_roles.module_action_id','',0x3236),(2575,168,'INSERT','INSERT','module_action_roles.role_code','',0x53555045525F41444D494E),(2576,168,'INSERT','INSERT','module_action_roles.module_action_id','',0x3237),(2577,168,'INSERT','INSERT','module_action_roles.role_code','',0x53555045525F41444D494E),(2578,168,'INSERT','INSERT','module_action_roles.module_action_id','',0x3238),(2579,168,'INSERT','INSERT','module_action_roles.role_code','',0x53555045525F41444D494E),(2580,168,'INSERT','INSERT','module_action_roles.module_action_id','',0x3239),(2581,168,'INSERT','INSERT','module_action_roles.role_code','',0x53555045525F41444D494E),(2582,168,'INSERT','INSERT','module_action_roles.module_action_id','',0x3330),(2583,168,'INSERT','INSERT','module_action_roles.role_code','',0x53555045525F41444D494E),(2584,168,'INSERT','INSERT','module_action_roles.module_action_id','',0x3331),(2585,168,'INSERT','INSERT','module_action_roles.role_code','',0x53555045525F41444D494E),(2586,168,'INSERT','INSERT','module_action_roles.module_action_id','',0x3332),(2587,168,'INSERT','INSERT','module_action_roles.role_code','',0x53555045525F41444D494E),(2588,168,'INSERT','INSERT','module_action_roles.module_action_id','',0x3333),(2589,168,'INSERT','INSERT','module_action_roles.role_code','',0x53555045525F41444D494E),(2590,168,'INSERT','INSERT','module_action_roles.module_action_id','',0x3334),(2591,168,'INSERT','INSERT','module_action_roles.role_code','',0x53555045525F41444D494E),(2592,168,'INSERT','INSERT','module_action_roles.module_action_id','',0x3335),(2593,168,'INSERT','INSERT','module_action_roles.role_code','',0x53555045525F41444D494E),(2594,168,'INSERT','INSERT','module_action_roles.module_action_id','',0x3336),(2595,168,'INSERT','INSERT','module_action_roles.role_code','',0x53555045525F41444D494E),(2596,168,'INSERT','INSERT','module_action_roles.module_action_id','',0x3337),(2597,168,'INSERT','INSERT','module_action_roles.role_code','',0x53555045525F41444D494E),(2598,168,'INSERT','INSERT','module_action_roles.module_action_id','',0x3339),(2599,168,'INSERT','INSERT','module_action_roles.role_code','',0x53555045525F41444D494E),(2600,168,'INSERT','INSERT','module_action_roles.module_action_id','',0x3430),(2601,168,'INSERT','INSERT','module_action_roles.role_code','',0x53555045525F41444D494E),(2602,168,'INSERT','INSERT','module_action_roles.module_action_id','',0x3431),(2603,168,'INSERT','INSERT','module_action_roles.role_code','',0x53555045525F41444D494E),(2604,168,'INSERT','INSERT','module_action_roles.module_action_id','',0x3432),(2605,168,'INSERT','INSERT','module_action_roles.role_code','',0x53555045525F41444D494E),(2606,168,'INSERT','INSERT','module_action_roles.module_action_id','',0x3433),(2607,168,'INSERT','INSERT','module_action_roles.role_code','',0x53555045525F41444D494E),(2608,168,'INSERT','INSERT','module_action_roles.module_action_id','',0x3434),(2609,168,'INSERT','INSERT','module_action_roles.role_code','',0x53555045525F41444D494E),(2610,168,'INSERT','INSERT','module_action_roles.module_action_id','',0x3435),(2611,168,'INSERT','INSERT','module_action_roles.role_code','',0x53555045525F41444D494E),(2612,168,'INSERT','INSERT','module_action_roles.module_action_id','',0x3436),(2613,168,'INSERT','INSERT','module_action_roles.role_code','',0x53555045525F41444D494E),(2614,168,'INSERT','INSERT','module_action_roles.module_action_id','',0x3437),(2615,168,'INSERT','INSERT','module_action_roles.role_code','',0x53555045525F41444D494E),(2616,168,'INSERT','INSERT','module_action_roles.module_action_id','',0x3438),(2617,168,'INSERT','INSERT','module_action_roles.role_code','',0x53555045525F41444D494E),(2618,168,'INSERT','INSERT','module_action_roles.module_action_id','',0x3439),(2619,168,'INSERT','INSERT','module_action_roles.role_code','',0x53555045525F41444D494E),(2620,168,'INSERT','INSERT','module_action_roles.module_action_id','',0x3530),(2621,168,'INSERT','INSERT','module_action_roles.role_code','',0x53555045525F41444D494E),(2622,168,'INSERT','INSERT','module_action_roles.module_action_id','',0x3531),(2623,168,'INSERT','INSERT','module_action_roles.role_code','',0x53555045525F41444D494E),(2624,168,'INSERT','INSERT','module_action_roles.module_action_id','',0x3532),(2625,168,'INSERT','INSERT','module_action_roles.role_code','',0x53555045525F41444D494E),(2626,168,'INSERT','INSERT','module_action_roles.module_action_id','',0x3533),(2627,168,'INSERT','INSERT','module_action_roles.role_code','',0x53555045525F41444D494E),(2628,168,'INSERT','INSERT','module_action_roles.module_action_id','',0x3534),(2629,168,'INSERT','INSERT','module_action_roles.role_code','',0x53555045525F41444D494E),(2630,168,'INSERT','INSERT','module_action_roles.module_action_id','',0x3535),(2631,168,'INSERT','INSERT','module_action_roles.role_code','',0x53555045525F41444D494E),(2632,168,'INSERT','INSERT','module_action_roles.module_action_id','',0x3536),(2633,168,'INSERT','INSERT','module_action_roles.role_code','',0x53555045525F41444D494E),(2634,168,'INSERT','INSERT','module_action_roles.module_action_id','',0x3537),(2635,168,'INSERT','INSERT','module_action_roles.role_code','',0x53555045525F41444D494E),(2636,168,'INSERT','INSERT','module_action_roles.module_action_id','',0x3538),(2637,168,'INSERT','INSERT','module_action_roles.role_code','',0x53555045525F41444D494E),(2638,168,'INSERT','INSERT','module_action_roles.module_action_id','',0x3736),(2639,168,'INSERT','INSERT','module_action_roles.role_code','',0x53555045525F41444D494E),(2640,168,'INSERT','INSERT','module_action_roles.module_action_id','',0x3738),(2641,168,'INSERT','INSERT','module_action_roles.role_code','',0x53555045525F41444D494E),(2642,168,'INSERT','INSERT','module_action_roles.module_action_id','',0x3830),(2643,168,'INSERT','INSERT','module_action_roles.role_code','',0x53555045525F41444D494E),(2644,168,'INSERT','INSERT','module_action_roles.module_action_id','',0x3831),(2645,168,'INSERT','INSERT','module_action_roles.role_code','',0x53555045525F41444D494E),(2646,168,'INSERT','INSERT','module_action_roles.module_action_id','',0x3832),(2647,168,'INSERT','INSERT','module_action_roles.role_code','',0x53555045525F41444D494E),(2648,168,'INSERT','INSERT','module_action_roles.module_action_id','',0x3833),(2649,168,'INSERT','INSERT','module_action_roles.role_code','',0x53555045525F41444D494E),(2650,168,'INSERT','INSERT','module_action_roles.module_action_id','',0x3834),(2651,168,'INSERT','INSERT','module_action_roles.role_code','',0x53555045525F41444D494E),(2652,168,'INSERT','INSERT','module_action_roles.module_action_id','',0x3835),(2653,168,'INSERT','INSERT','module_action_roles.role_code','',0x53555045525F41444D494E),(2654,168,'INSERT','INSERT','module_action_roles.module_action_id','',0x3836),(2655,168,'INSERT','INSERT','module_action_roles.role_code','',0x53555045525F41444D494E),(2656,168,'INSERT','INSERT','module_action_roles.module_action_id','',0x3837),(2657,168,'INSERT','INSERT','module_action_roles.role_code','',0x53555045525F41444D494E),(2658,168,'INSERT','INSERT','module_action_roles.module_action_id','',0x3838),(2659,168,'INSERT','INSERT','module_action_roles.role_code','',0x53555045525F41444D494E),(2660,168,'INSERT','INSERT','module_action_roles.module_action_id','',0x3839),(2661,168,'INSERT','INSERT','module_action_roles.role_code','',0x53555045525F41444D494E),(2662,168,'INSERT','INSERT','module_action_roles.module_action_id','',0x3930),(2663,168,'INSERT','INSERT','module_action_roles.role_code','',0x53555045525F41444D494E),(2664,168,'INSERT','INSERT','module_action_roles.module_action_id','',0x3931),(2665,168,'INSERT','INSERT','module_action_roles.role_code','',0x53555045525F41444D494E),(2666,168,'INSERT','INSERT','module_action_roles.module_action_id','',0x3932),(2667,168,'INSERT','INSERT','module_action_roles.role_code','',0x53555045525F41444D494E),(2668,168,'INSERT','INSERT','module_action_roles.module_action_id','',0x3933),(2669,168,'INSERT','INSERT','module_action_roles.role_code','',0x53555045525F41444D494E),(2670,168,'INSERT','INSERT','module_action_roles.module_action_id','',0x3934),(2671,168,'INSERT','INSERT','module_action_roles.role_code','',0x53555045525F41444D494E),(2672,168,'INSERT','INSERT','module_action_roles.module_action_id','',0x3935),(2673,168,'INSERT','INSERT','module_action_roles.role_code','',0x53555045525F41444D494E),(2674,168,'INSERT','INSERT','module_action_roles.module_action_id','',0x3936),(2675,168,'INSERT','INSERT','module_action_roles.role_code','',0x53555045525F41444D494E),(2676,168,'INSERT','INSERT','module_action_roles.module_action_id','',0x3937),(2677,168,'INSERT','INSERT','module_action_roles.role_code','',0x53555045525F41444D494E),(2678,168,'INSERT','INSERT','module_action_roles.module_action_id','',0x3938),(2679,168,'INSERT','INSERT','module_action_roles.role_code','',0x53555045525F41444D494E),(2680,168,'INSERT','INSERT','module_action_roles.module_action_id','',0x3939),(2681,168,'INSERT','INSERT','module_action_roles.role_code','',0x53555045525F41444D494E),(2682,168,'INSERT','INSERT','module_action_roles.module_action_id','',0x313030),(2683,168,'INSERT','INSERT','module_action_roles.role_code','',0x53555045525F41444D494E),(2684,168,'INSERT','INSERT','module_action_roles.module_action_id','',0x313031),(2685,168,'INSERT','INSERT','module_action_roles.role_code','',0x53555045525F41444D494E),(2686,168,'INSERT','INSERT','module_action_roles.module_action_id','',0x313032),(2687,168,'INSERT','INSERT','module_action_roles.role_code','',0x53555045525F41444D494E),(2688,168,'INSERT','INSERT','module_action_roles.module_action_id','',0x313033),(2689,168,'INSERT','INSERT','module_action_roles.role_code','',0x53555045525F41444D494E),(2690,168,'INSERT','INSERT','module_action_roles.module_action_id','',0x313034),(2691,168,'INSERT','INSERT','module_action_roles.role_code','',0x53555045525F41444D494E),(2692,168,'INSERT','INSERT','module_action_roles.module_action_id','',0x313035),(2693,168,'INSERT','INSERT','module_action_roles.role_code','',0x53555045525F41444D494E),(2694,168,'INSERT','INSERT','module_action_roles.module_action_id','',0x313036),(2695,168,'INSERT','INSERT','module_action_roles.role_code','',0x53555045525F41444D494E),(2696,168,'INSERT','INSERT','module_action_roles.module_action_id','',0x313037),(2697,168,'INSERT','INSERT','module_action_roles.role_code','',0x53555045525F41444D494E),(2698,168,'INSERT','INSERT','module_action_roles.module_action_id','',0x313038),(2699,168,'INSERT','INSERT','module_action_roles.role_code','',0x53555045525F41444D494E),(2700,168,'INSERT','INSERT','module_action_roles.module_action_id','',0x313039),(2701,168,'INSERT','INSERT','module_action_roles.role_code','',0x53555045525F41444D494E),(2702,168,'INSERT','INSERT','module_action_roles.module_action_id','',0x313130),(2703,168,'INSERT','INSERT','module_action_roles.role_code','',0x53555045525F41444D494E),(2704,168,'INSERT','INSERT','module_action_roles.module_action_id','',0x313131),(2705,168,'INSERT','INSERT','module_action_roles.role_code','',0x53555045525F41444D494E),(2706,168,'INSERT','INSERT','module_action_roles.module_action_id','',0x313132),(2707,168,'INSERT','INSERT','module_action_roles.role_code','',0x53555045525F41444D494E),(2708,168,'INSERT','INSERT','module_action_roles.module_action_id','',0x313133),(2709,168,'INSERT','INSERT','module_action_roles.role_code','',0x53555045525F41444D494E),(2710,168,'INSERT','INSERT','module_action_roles.module_action_id','',0x313134),(2711,168,'INSERT','INSERT','module_action_roles.role_code','',0x53555045525F41444D494E),(2712,168,'INSERT','INSERT','module_action_roles.module_action_id','',0x313135),(2713,168,'INSERT','INSERT','module_action_roles.role_code','',0x53555045525F41444D494E),(2714,168,'INSERT','INSERT','module_action_roles.module_action_id','',0x313136),(2715,168,'INSERT','INSERT','module_action_roles.role_code','',0x53555045525F41444D494E),(2716,168,'INSERT','INSERT','module_action_roles.module_action_id','',0x313137),(2717,168,'INSERT','INSERT','module_action_roles.role_code','',0x53555045525F41444D494E),(2718,168,'INSERT','INSERT','module_action_roles.module_action_id','',0x313138),(2719,168,'INSERT','INSERT','module_action_roles.role_code','',0x53555045525F41444D494E),(2720,168,'INSERT','INSERT','module_action_roles.module_action_id','',0x313139),(2721,168,'INSERT','INSERT','module_action_roles.role_code','',0x53555045525F41444D494E),(2722,168,'INSERT','INSERT','module_action_roles.module_action_id','',0x313230),(2723,168,'INSERT','INSERT','module_action_roles.role_code','',0x53555045525F41444D494E),(2724,168,'INSERT','INSERT','module_action_roles.module_action_id','',0x313231),(2725,168,'INSERT','INSERT','module_action_roles.role_code','',0x53555045525F41444D494E),(2726,168,'INSERT','INSERT','module_action_roles.module_action_id','',0x313232),(2727,168,'INSERT','INSERT','module_action_roles.role_code','',0x53555045525F41444D494E),(2728,168,'INSERT','INSERT','module_action_roles.module_action_id','',0x313233),(2729,168,'INSERT','INSERT','module_action_roles.role_code','',0x53555045525F41444D494E),(2730,168,'INSERT','INSERT','module_action_roles.module_action_id','',0x313234),(2731,168,'INSERT','INSERT','module_action_roles.role_code','',0x53555045525F41444D494E),(2732,168,'INSERT','INSERT','module_action_roles.module_action_id','',0x313235),(2733,168,'INSERT','INSERT','module_action_roles.role_code','',0x53555045525F41444D494E),(2734,168,'INSERT','INSERT','module_action_roles.module_action_id','',0x313236),(2735,168,'INSERT','INSERT','module_action_roles.role_code','',0x53555045525F41444D494E),(2736,168,'INSERT','INSERT','module_action_roles.module_action_id','',0x313237),(2737,168,'INSERT','INSERT','module_action_roles.role_code','',0x53555045525F41444D494E),(2738,168,'INSERT','INSERT','module_action_roles.module_action_id','',0x313238),(2739,168,'INSERT','INSERT','module_action_roles.role_code','',0x53555045525F41444D494E),(2740,168,'INSERT','INSERT','module_action_roles.module_action_id','',0x313239),(2741,168,'INSERT','INSERT','module_action_roles.role_code','',0x53555045525F41444D494E),(2742,168,'INSERT','INSERT','module_action_roles.module_action_id','',0x313330),(2743,168,'INSERT','INSERT','module_action_roles.role_code','',0x53555045525F41444D494E),(2744,168,'INSERT','INSERT','module_action_roles.module_action_id','',0x313331),(2745,168,'INSERT','INSERT','module_action_roles.role_code','',0x53555045525F41444D494E),(2746,168,'INSERT','INSERT','module_action_roles.module_action_id','',0x313332),(2747,168,'INSERT','INSERT','module_action_roles.role_code','',0x53555045525F41444D494E),(2748,168,'INSERT','INSERT','module_action_roles.module_action_id','',0x313333),(2749,168,'INSERT','INSERT','module_action_roles.role_code','',0x53555045525F41444D494E),(2750,168,'INSERT','INSERT','module_action_roles.module_action_id','',0x313334),(2751,168,'INSERT','INSERT','module_action_roles.role_code','',0x53555045525F41444D494E),(2752,168,'INSERT','INSERT','module_action_roles.module_action_id','',0x313335),(2753,168,'INSERT','INSERT','module_action_roles.role_code','',0x53555045525F41444D494E),(2754,168,'INSERT','INSERT','module_action_roles.module_action_id','',0x313337),(2755,168,'INSERT','INSERT','module_action_roles.role_code','',0x53555045525F41444D494E),(2756,168,'INSERT','INSERT','module_action_roles.module_action_id','',0x313338),(2757,168,'INSERT','INSERT','module_action_roles.role_code','',0x53555045525F41444D494E),(2758,168,'INSERT','INSERT','module_action_roles.module_action_id','',0x313339),(2759,168,'INSERT','INSERT','module_action_roles.role_code','',0x53555045525F41444D494E),(2760,168,'INSERT','INSERT','module_action_roles.module_action_id','',0x313430),(2761,168,'INSERT','INSERT','module_action_roles.role_code','',0x53555045525F41444D494E),(2762,168,'INSERT','INSERT','module_action_roles.module_action_id','',0x313431),(2763,168,'INSERT','INSERT','module_action_roles.role_code','',0x53555045525F41444D494E),(2764,168,'INSERT','INSERT','module_action_roles.module_action_id','',0x313432),(2765,168,'INSERT','INSERT','module_action_roles.role_code','',0x53555045525F41444D494E),(2766,168,'INSERT','INSERT','module_action_roles.module_action_id','',0x313433),(2767,168,'INSERT','INSERT','module_action_roles.role_code','',0x53555045525F41444D494E),(2768,168,'INSERT','INSERT','module_action_roles.module_action_id','',0x313434),(2769,168,'INSERT','INSERT','module_action_roles.role_code','',0x53555045525F41444D494E),(2770,171,'DELETE','DELETE','module_action_roles.module_action_id',0x313132,''),(2771,171,'DELETE','DELETE','module_action_roles.role_code',0x53555045525F54454C4C4552,''),(2772,171,'DELETE','DELETE','module_action_roles.module_action_id',0x313133,''),(2773,171,'DELETE','DELETE','module_action_roles.role_code',0x53555045525F54454C4C4552,''),(2774,171,'DELETE','DELETE','module_action_roles.module_action_id',0x313134,''),(2775,171,'DELETE','DELETE','module_action_roles.role_code',0x53555045525F54454C4C4552,''),(2776,171,'DELETE','DELETE','module_action_roles.module_action_id',0x313135,''),(2777,171,'DELETE','DELETE','module_action_roles.role_code',0x53555045525F54454C4C4552,''),(2778,171,'DELETE','DELETE','module_action_roles.module_action_id',0x313136,''),(2779,171,'DELETE','DELETE','module_action_roles.role_code',0x53555045525F54454C4C4552,''),(2780,171,'DELETE','DELETE','module_action_roles.module_action_id',0x313137,''),(2781,171,'DELETE','DELETE','module_action_roles.role_code',0x53555045525F54454C4C4552,''),(2782,171,'DELETE','DELETE','module_action_roles.module_action_id',0x313138,''),(2783,171,'DELETE','DELETE','module_action_roles.role_code',0x53555045525F54454C4C4552,''),(2784,171,'DELETE','DELETE','module_action_roles.module_action_id',0x313139,''),(2785,171,'DELETE','DELETE','module_action_roles.role_code',0x53555045525F54454C4C4552,''),(2786,171,'DELETE','DELETE','module_action_roles.module_action_id',0x313230,''),(2787,171,'DELETE','DELETE','module_action_roles.role_code',0x53555045525F54454C4C4552,''),(2788,171,'DELETE','DELETE','module_action_roles.module_action_id',0x313231,''),(2789,171,'DELETE','DELETE','module_action_roles.role_code',0x53555045525F54454C4C4552,''),(2790,171,'DELETE','DELETE','module_action_roles.module_action_id',0x313232,''),(2791,171,'DELETE','DELETE','module_action_roles.role_code',0x53555045525F54454C4C4552,''),(2792,171,'DELETE','DELETE','module_action_roles.module_action_id',0x313233,''),(2793,171,'DELETE','DELETE','module_action_roles.role_code',0x53555045525F54454C4C4552,''),(2794,171,'DELETE','DELETE','module_action_roles.module_action_id',0x313234,''),(2795,171,'DELETE','DELETE','module_action_roles.role_code',0x53555045525F54454C4C4552,''),(2796,171,'DELETE','DELETE','module_action_roles.module_action_id',0x313235,''),(2797,171,'DELETE','DELETE','module_action_roles.role_code',0x53555045525F54454C4C4552,''),(2798,171,'DELETE','DELETE','module_action_roles.module_action_id',0x313236,''),(2799,171,'DELETE','DELETE','module_action_roles.role_code',0x53555045525F54454C4C4552,''),(2800,171,'DELETE','DELETE','module_action_roles.module_action_id',0x313237,''),(2801,171,'DELETE','DELETE','module_action_roles.role_code',0x53555045525F54454C4C4552,''),(2802,171,'DELETE','DELETE','module_action_roles.module_action_id',0x313238,''),(2803,171,'DELETE','DELETE','module_action_roles.role_code',0x53555045525F54454C4C4552,''),(2804,171,'DELETE','DELETE','module_action_roles.module_action_id',0x313239,''),(2805,171,'DELETE','DELETE','module_action_roles.role_code',0x53555045525F54454C4C4552,''),(2806,171,'DELETE','DELETE','module_action_roles.module_action_id',0x313330,''),(2807,171,'DELETE','DELETE','module_action_roles.role_code',0x53555045525F54454C4C4552,''),(2808,171,'DELETE','DELETE','module_action_roles.module_action_id',0x313331,''),(2809,171,'DELETE','DELETE','module_action_roles.role_code',0x53555045525F54454C4C4552,''),(2810,171,'DELETE','DELETE','module_action_roles.module_action_id',0x313332,''),(2811,171,'DELETE','DELETE','module_action_roles.role_code',0x53555045525F54454C4C4552,''),(2812,171,'DELETE','DELETE','module_action_roles.module_action_id',0x313333,''),(2813,171,'DELETE','DELETE','module_action_roles.role_code',0x53555045525F54454C4C4552,''),(2814,171,'DELETE','DELETE','module_action_roles.module_action_id',0x313334,''),(2815,171,'DELETE','DELETE','module_action_roles.role_code',0x53555045525F54454C4C4552,''),(2816,171,'DELETE','DELETE','module_action_roles.module_action_id',0x313335,''),(2817,171,'DELETE','DELETE','module_action_roles.role_code',0x53555045525F54454C4C4552,''),(2818,171,'DELETE','DELETE','module_action_roles.module_action_id',0x313337,''),(2819,171,'DELETE','DELETE','module_action_roles.role_code',0x53555045525F54454C4C4552,''),(2820,171,'DELETE','DELETE','module_action_roles.module_action_id',0x313338,''),(2821,171,'DELETE','DELETE','module_action_roles.role_code',0x53555045525F54454C4C4552,''),(2822,171,'DELETE','DELETE','module_action_roles.module_action_id',0x313339,''),(2823,171,'DELETE','DELETE','module_action_roles.role_code',0x53555045525F54454C4C4552,''),(2824,171,'DELETE','DELETE','module_action_roles.module_action_id',0x313430,''),(2825,171,'DELETE','DELETE','module_action_roles.role_code',0x53555045525F54454C4C4552,''),(2826,171,'DELETE','DELETE','module_action_roles.module_action_id',0x313431,''),(2827,171,'DELETE','DELETE','module_action_roles.role_code',0x53555045525F54454C4C4552,''),(2828,171,'DELETE','DELETE','module_action_roles.module_action_id',0x313432,''),(2829,171,'DELETE','DELETE','module_action_roles.role_code',0x53555045525F54454C4C4552,''),(2830,171,'DELETE','DELETE','module_action_roles.module_action_id',0x313433,''),(2831,171,'DELETE','DELETE','module_action_roles.role_code',0x53555045525F54454C4C4552,''),(2832,171,'DELETE','DELETE','module_action_roles.module_action_id',0x313434,''),(2833,171,'DELETE','DELETE','module_action_roles.role_code',0x53555045525F54454C4C4552,''),(2834,171,'INSERT','INSERT','module_action_roles.module_action_id','',0x313132),(2835,171,'INSERT','INSERT','module_action_roles.role_code','',0x53555045525F54454C4C4552),(2836,171,'INSERT','INSERT','module_action_roles.module_action_id','',0x313133),(2837,171,'INSERT','INSERT','module_action_roles.role_code','',0x53555045525F54454C4C4552),(2838,171,'INSERT','INSERT','module_action_roles.module_action_id','',0x313134),(2839,171,'INSERT','INSERT','module_action_roles.role_code','',0x53555045525F54454C4C4552),(2840,171,'INSERT','INSERT','module_action_roles.module_action_id','',0x313135),(2841,171,'INSERT','INSERT','module_action_roles.role_code','',0x53555045525F54454C4C4552),(2842,171,'INSERT','INSERT','module_action_roles.module_action_id','',0x313136),(2843,171,'INSERT','INSERT','module_action_roles.role_code','',0x53555045525F54454C4C4552),(2844,171,'INSERT','INSERT','module_action_roles.module_action_id','',0x313137),(2845,171,'INSERT','INSERT','module_action_roles.role_code','',0x53555045525F54454C4C4552),(2846,171,'INSERT','INSERT','module_action_roles.module_action_id','',0x313138),(2847,171,'INSERT','INSERT','module_action_roles.role_code','',0x53555045525F54454C4C4552),(2848,171,'INSERT','INSERT','module_action_roles.module_action_id','',0x313139),(2849,171,'INSERT','INSERT','module_action_roles.role_code','',0x53555045525F54454C4C4552),(2850,171,'INSERT','INSERT','module_action_roles.module_action_id','',0x313234),(2851,171,'INSERT','INSERT','module_action_roles.role_code','',0x53555045525F54454C4C4552),(2852,171,'INSERT','INSERT','module_action_roles.module_action_id','',0x313235),(2853,171,'INSERT','INSERT','module_action_roles.role_code','',0x53555045525F54454C4C4552),(2854,171,'INSERT','INSERT','module_action_roles.module_action_id','',0x313236),(2855,171,'INSERT','INSERT','module_action_roles.role_code','',0x53555045525F54454C4C4552),(2856,171,'INSERT','INSERT','module_action_roles.module_action_id','',0x313237),(2857,171,'INSERT','INSERT','module_action_roles.role_code','',0x53555045525F54454C4C4552),(2858,171,'INSERT','INSERT','module_action_roles.module_action_id','',0x313238),(2859,171,'INSERT','INSERT','module_action_roles.role_code','',0x53555045525F54454C4C4552),(2860,171,'INSERT','INSERT','module_action_roles.module_action_id','',0x313239),(2861,171,'INSERT','INSERT','module_action_roles.role_code','',0x53555045525F54454C4C4552),(2862,171,'INSERT','INSERT','module_action_roles.module_action_id','',0x313330),(2863,171,'INSERT','INSERT','module_action_roles.role_code','',0x53555045525F54454C4C4552),(2864,171,'INSERT','INSERT','module_action_roles.module_action_id','',0x313331),(2865,171,'INSERT','INSERT','module_action_roles.role_code','',0x53555045525F54454C4C4552),(2866,171,'INSERT','INSERT','module_action_roles.module_action_id','',0x313332),(2867,171,'INSERT','INSERT','module_action_roles.role_code','',0x53555045525F54454C4C4552),(2868,171,'INSERT','INSERT','module_action_roles.module_action_id','',0x313333),(2869,171,'INSERT','INSERT','module_action_roles.role_code','',0x53555045525F54454C4C4552),(2870,171,'INSERT','INSERT','module_action_roles.module_action_id','',0x313334),(2871,171,'INSERT','INSERT','module_action_roles.role_code','',0x53555045525F54454C4C4552),(2872,171,'INSERT','INSERT','module_action_roles.module_action_id','',0x313335),(2873,171,'INSERT','INSERT','module_action_roles.role_code','',0x53555045525F54454C4C4552),(2874,171,'INSERT','INSERT','module_action_roles.module_action_id','',0x313337),(2875,171,'INSERT','INSERT','module_action_roles.role_code','',0x53555045525F54454C4C4552),(2876,171,'INSERT','INSERT','module_action_roles.module_action_id','',0x313338),(2877,171,'INSERT','INSERT','module_action_roles.role_code','',0x53555045525F54454C4C4552),(2878,171,'INSERT','INSERT','module_action_roles.module_action_id','',0x313339),(2879,171,'INSERT','INSERT','module_action_roles.role_code','',0x53555045525F54454C4C4552),(2880,171,'INSERT','INSERT','module_action_roles.module_action_id','',0x313430),(2881,171,'INSERT','INSERT','module_action_roles.role_code','',0x53555045525F54454C4C4552),(2882,171,'INSERT','INSERT','module_action_roles.module_action_id','',0x313431),(2883,171,'INSERT','INSERT','module_action_roles.role_code','',0x53555045525F54454C4C4552),(2884,171,'INSERT','INSERT','module_action_roles.module_action_id','',0x313432),(2885,171,'INSERT','INSERT','module_action_roles.role_code','',0x53555045525F54454C4C4552),(2886,171,'INSERT','INSERT','module_action_roles.module_action_id','',0x313433),(2887,171,'INSERT','INSERT','module_action_roles.role_code','',0x53555045525F54454C4C4552),(2888,171,'INSERT','INSERT','module_action_roles.module_action_id','',0x313434),(2889,171,'INSERT','INSERT','module_action_roles.role_code','',0x53555045525F54454C4C4552),(2890,178,'DELETE','DELETE','module_action_roles.module_action_id',0x313132,''),(2891,178,'DELETE','DELETE','module_action_roles.role_code',0x53555045525F54454C4C4552,''),(2892,178,'DELETE','DELETE','module_action_roles.module_action_id',0x313133,''),(2893,178,'DELETE','DELETE','module_action_roles.role_code',0x53555045525F54454C4C4552,''),(2894,178,'DELETE','DELETE','module_action_roles.module_action_id',0x313134,''),(2895,178,'DELETE','DELETE','module_action_roles.role_code',0x53555045525F54454C4C4552,''),(2896,178,'DELETE','DELETE','module_action_roles.module_action_id',0x313135,''),(2897,178,'DELETE','DELETE','module_action_roles.role_code',0x53555045525F54454C4C4552,''),(2898,178,'DELETE','DELETE','module_action_roles.module_action_id',0x313136,''),(2899,178,'DELETE','DELETE','module_action_roles.role_code',0x53555045525F54454C4C4552,''),(2900,178,'DELETE','DELETE','module_action_roles.module_action_id',0x313137,''),(2901,178,'DELETE','DELETE','module_action_roles.role_code',0x53555045525F54454C4C4552,''),(2902,178,'DELETE','DELETE','module_action_roles.module_action_id',0x313138,''),(2903,178,'DELETE','DELETE','module_action_roles.role_code',0x53555045525F54454C4C4552,''),(2904,178,'DELETE','DELETE','module_action_roles.module_action_id',0x313139,''),(2905,178,'DELETE','DELETE','module_action_roles.role_code',0x53555045525F54454C4C4552,''),(2906,178,'DELETE','DELETE','module_action_roles.module_action_id',0x313234,''),(2907,178,'DELETE','DELETE','module_action_roles.role_code',0x53555045525F54454C4C4552,''),(2908,178,'DELETE','DELETE','module_action_roles.module_action_id',0x313235,''),(2909,178,'DELETE','DELETE','module_action_roles.role_code',0x53555045525F54454C4C4552,''),(2910,178,'DELETE','DELETE','module_action_roles.module_action_id',0x313236,''),(2911,178,'DELETE','DELETE','module_action_roles.role_code',0x53555045525F54454C4C4552,''),(2912,178,'DELETE','DELETE','module_action_roles.module_action_id',0x313237,''),(2913,178,'DELETE','DELETE','module_action_roles.role_code',0x53555045525F54454C4C4552,''),(2914,178,'DELETE','DELETE','module_action_roles.module_action_id',0x313337,''),(2915,178,'DELETE','DELETE','module_action_roles.role_code',0x53555045525F54454C4C4552,''),(2916,178,'DELETE','DELETE','module_action_roles.module_action_id',0x313338,''),(2917,178,'DELETE','DELETE','module_action_roles.role_code',0x53555045525F54454C4C4552,''),(2918,178,'DELETE','DELETE','module_action_roles.module_action_id',0x313339,''),(2919,178,'DELETE','DELETE','module_action_roles.role_code',0x53555045525F54454C4C4552,''),(2920,178,'DELETE','DELETE','module_action_roles.module_action_id',0x313430,''),(2921,178,'DELETE','DELETE','module_action_roles.role_code',0x53555045525F54454C4C4552,''),(2922,178,'DELETE','DELETE','module_action_roles.module_action_id',0x313431,''),(2923,178,'DELETE','DELETE','module_action_roles.role_code',0x53555045525F54454C4C4552,''),(2924,178,'DELETE','DELETE','module_action_roles.module_action_id',0x313432,''),(2925,178,'DELETE','DELETE','module_action_roles.role_code',0x53555045525F54454C4C4552,''),(2926,178,'DELETE','DELETE','module_action_roles.module_action_id',0x313433,''),(2927,178,'DELETE','DELETE','module_action_roles.role_code',0x53555045525F54454C4C4552,''),(2928,178,'DELETE','DELETE','module_action_roles.module_action_id',0x313434,''),(2929,178,'DELETE','DELETE','module_action_roles.role_code',0x53555045525F54454C4C4552,''),(2930,178,'INSERT','INSERT','module_action_roles.module_action_id','',0x313132),(2931,178,'INSERT','INSERT','module_action_roles.role_code','',0x53555045525F54454C4C4552),(2932,178,'INSERT','INSERT','module_action_roles.module_action_id','',0x313133),(2933,178,'INSERT','INSERT','module_action_roles.role_code','',0x53555045525F54454C4C4552),(2934,178,'INSERT','INSERT','module_action_roles.module_action_id','',0x313134),(2935,178,'INSERT','INSERT','module_action_roles.role_code','',0x53555045525F54454C4C4552),(2936,178,'INSERT','INSERT','module_action_roles.module_action_id','',0x313135),(2937,178,'INSERT','INSERT','module_action_roles.role_code','',0x53555045525F54454C4C4552),(2938,178,'INSERT','INSERT','module_action_roles.module_action_id','',0x313136),(2939,178,'INSERT','INSERT','module_action_roles.role_code','',0x53555045525F54454C4C4552),(2940,178,'INSERT','INSERT','module_action_roles.module_action_id','',0x313137),(2941,178,'INSERT','INSERT','module_action_roles.role_code','',0x53555045525F54454C4C4552),(2942,178,'INSERT','INSERT','module_action_roles.module_action_id','',0x313138),(2943,178,'INSERT','INSERT','module_action_roles.role_code','',0x53555045525F54454C4C4552),(2944,178,'INSERT','INSERT','module_action_roles.module_action_id','',0x313139),(2945,178,'INSERT','INSERT','module_action_roles.role_code','',0x53555045525F54454C4C4552),(2946,178,'INSERT','INSERT','module_action_roles.module_action_id','',0x313234),(2947,178,'INSERT','INSERT','module_action_roles.role_code','',0x53555045525F54454C4C4552),(2948,178,'INSERT','INSERT','module_action_roles.module_action_id','',0x313235),(2949,178,'INSERT','INSERT','module_action_roles.role_code','',0x53555045525F54454C4C4552),(2950,178,'INSERT','INSERT','module_action_roles.module_action_id','',0x313236),(2951,178,'INSERT','INSERT','module_action_roles.role_code','',0x53555045525F54454C4C4552),(2952,178,'INSERT','INSERT','module_action_roles.module_action_id','',0x313237),(2953,178,'INSERT','INSERT','module_action_roles.role_code','',0x53555045525F54454C4C4552),(2954,178,'INSERT','INSERT','module_action_roles.module_action_id','',0x313332),(2955,178,'INSERT','INSERT','module_action_roles.role_code','',0x53555045525F54454C4C4552),(2956,178,'INSERT','INSERT','module_action_roles.module_action_id','',0x313333),(2957,178,'INSERT','INSERT','module_action_roles.role_code','',0x53555045525F54454C4C4552),(2958,178,'INSERT','INSERT','module_action_roles.module_action_id','',0x313334),(2959,178,'INSERT','INSERT','module_action_roles.role_code','',0x53555045525F54454C4C4552),(2960,178,'INSERT','INSERT','module_action_roles.module_action_id','',0x313335),(2961,178,'INSERT','INSERT','module_action_roles.role_code','',0x53555045525F54454C4C4552),(2962,178,'INSERT','INSERT','module_action_roles.module_action_id','',0x313337),(2963,178,'INSERT','INSERT','module_action_roles.role_code','',0x53555045525F54454C4C4552),(2964,178,'INSERT','INSERT','module_action_roles.module_action_id','',0x313338),(2965,178,'INSERT','INSERT','module_action_roles.role_code','',0x53555045525F54454C4C4552),(2966,178,'INSERT','INSERT','module_action_roles.module_action_id','',0x313339),(2967,178,'INSERT','INSERT','module_action_roles.role_code','',0x53555045525F54454C4C4552),(2968,178,'INSERT','INSERT','module_action_roles.module_action_id','',0x313430),(2969,178,'INSERT','INSERT','module_action_roles.role_code','',0x53555045525F54454C4C4552),(2970,178,'INSERT','INSERT','module_action_roles.module_action_id','',0x313431),(2971,178,'INSERT','INSERT','module_action_roles.role_code','',0x53555045525F54454C4C4552),(2972,178,'INSERT','INSERT','module_action_roles.module_action_id','',0x313432),(2973,178,'INSERT','INSERT','module_action_roles.role_code','',0x53555045525F54454C4C4552),(2974,178,'INSERT','INSERT','module_action_roles.module_action_id','',0x313433),(2975,178,'INSERT','INSERT','module_action_roles.role_code','',0x53555045525F54454C4C4552),(2976,178,'INSERT','INSERT','module_action_roles.module_action_id','',0x313434),(2977,178,'INSERT','INSERT','module_action_roles.role_code','',0x53555045525F54454C4C4552),(2978,181,'ocbs','INSERT','gl_sorts.sort_code','',0x303032),(2979,181,'ocbs','INSERT','gl_sorts.sort_name','',0x323334),(2980,181,'ocbs','INSERT','gl_sorts.type_id','',0x31),(2981,181,'ocbs','INSERT','gl_sorts.active_flag','',0x59),(2982,182,'ocbs','INSERT','gl_sorts.sort_code','',0x3030303030303030303031),(2983,182,'ocbs','INSERT','gl_sorts.sort_name','',0x536F727420436F64652053616D706C65),(2984,182,'ocbs','INSERT','gl_sorts.type_id','',0x31),(2985,182,'ocbs','INSERT','gl_sorts.active_flag','',0x59),(2986,183,'ocbs','INSERT','gl_sorts.sort_code','',0x30303030303030303030303030303032),(2987,183,'ocbs','INSERT','gl_sorts.sort_name','',0x536F727420436F64652053616D706C652032),(2988,183,'ocbs','INSERT','gl_sorts.type_id','',0x32),(2989,183,'ocbs','INSERT','gl_sorts.active_flag','',0x4E),(2990,185,'ocbs','INSERT','gl_sorts.sort_code','',0x30303030303030303030303030303032),(2991,185,'ocbs','INSERT','gl_sorts.sort_name','',0x536F727420436F64652053616D706C652032),(2992,185,'ocbs','INSERT','gl_sorts.type_id','',0x32),(2993,185,'ocbs','INSERT','gl_sorts.active_flag','',0x4E),(2994,186,'ocbs','INSERT','gl_sorts.sort_code','',0x30303030303030303030303030303032),(2995,186,'ocbs','INSERT','gl_sorts.sort_name','',0x536F727420436F64652053616D706C652032),(2996,186,'ocbs','INSERT','gl_sorts.type_id','',0x33),(2997,186,'ocbs','INSERT','gl_sorts.active_flag','',0x4E),(2998,187,'ocbs','INSERT','gl_sorts.sort_code','',0x3030303030303030303031),(2999,187,'ocbs','INSERT','gl_sorts.sort_name','',0x536F727420436F64652053616D706C65),(3000,187,'ocbs','INSERT','gl_sorts.type_id','',0x37),(3001,187,'ocbs','INSERT','gl_sorts.active_flag','',0x59),(3002,188,'ocbs','INSERT','gl_accounts.acct_code','',0x303030303030303030303431),(3003,188,'ocbs','INSERT','gl_accounts.acct_name','',0x73616D706C6520676C206163636F756E74),(3004,188,'ocbs','INSERT','gl_accounts.sort_id','',0x32),(3005,188,'ocbs','INSERT','gl_accounts.active_flag','',0x59),(3006,189,'ocbs','INSERT','gl_accounts.acct_code','',0x30303030303030303030303031),(3007,189,'ocbs','INSERT','gl_accounts.acct_name','',0x4E414D45),(3008,189,'ocbs','INSERT','gl_accounts.sort_id','',0x32),(3009,189,'ocbs','INSERT','gl_accounts.active_flag','',0x59),(3010,190,'ocbs','INSERT','gl_accounts.acct_code','',0x30303030303030303030303031),(3011,190,'ocbs','INSERT','gl_accounts.acct_name','',0x4E414D45206F66206163636F756E74),(3012,190,'ocbs','INSERT','gl_accounts.sort_id','',0x32),(3013,190,'ocbs','INSERT','gl_accounts.active_flag','',0x59),(3014,191,'ocbs','INSERT','gl_accounts.acct_code','',0x30303030303030303030303031),(3015,191,'ocbs','INSERT','gl_accounts.acct_name','',0x4E414D45206F66206163636F756E74),(3016,191,'ocbs','INSERT','gl_accounts.sort_id','',0x32),(3017,191,'ocbs','INSERT','gl_accounts.active_flag','',0x59),(3018,196,'DELETE','DELETE','module_action_roles.module_action_id',0x313132,''),(3019,196,'DELETE','DELETE','module_action_roles.role_code',0x53555045525F54454C4C4552,''),(3020,196,'DELETE','DELETE','module_action_roles.module_action_id',0x313133,''),(3021,196,'DELETE','DELETE','module_action_roles.role_code',0x53555045525F54454C4C4552,''),(3022,196,'DELETE','DELETE','module_action_roles.module_action_id',0x313134,''),(3023,196,'DELETE','DELETE','module_action_roles.role_code',0x53555045525F54454C4C4552,''),(3024,196,'DELETE','DELETE','module_action_roles.module_action_id',0x313135,''),(3025,196,'DELETE','DELETE','module_action_roles.role_code',0x53555045525F54454C4C4552,''),(3026,196,'DELETE','DELETE','module_action_roles.module_action_id',0x313136,''),(3027,196,'DELETE','DELETE','module_action_roles.role_code',0x53555045525F54454C4C4552,''),(3028,196,'DELETE','DELETE','module_action_roles.module_action_id',0x313137,''),(3029,196,'DELETE','DELETE','module_action_roles.role_code',0x53555045525F54454C4C4552,''),(3030,196,'DELETE','DELETE','module_action_roles.module_action_id',0x313138,''),(3031,196,'DELETE','DELETE','module_action_roles.role_code',0x53555045525F54454C4C4552,''),(3032,196,'DELETE','DELETE','module_action_roles.module_action_id',0x313139,''),(3033,196,'DELETE','DELETE','module_action_roles.role_code',0x53555045525F54454C4C4552,''),(3034,196,'DELETE','DELETE','module_action_roles.module_action_id',0x313234,''),(3035,196,'DELETE','DELETE','module_action_roles.role_code',0x53555045525F54454C4C4552,''),(3036,196,'DELETE','DELETE','module_action_roles.module_action_id',0x313235,''),(3037,196,'DELETE','DELETE','module_action_roles.role_code',0x53555045525F54454C4C4552,''),(3038,196,'DELETE','DELETE','module_action_roles.module_action_id',0x313236,''),(3039,196,'DELETE','DELETE','module_action_roles.role_code',0x53555045525F54454C4C4552,''),(3040,196,'DELETE','DELETE','module_action_roles.module_action_id',0x313237,''),(3041,196,'DELETE','DELETE','module_action_roles.role_code',0x53555045525F54454C4C4552,''),(3042,196,'DELETE','DELETE','module_action_roles.module_action_id',0x313332,''),(3043,196,'DELETE','DELETE','module_action_roles.role_code',0x53555045525F54454C4C4552,''),(3044,196,'DELETE','DELETE','module_action_roles.module_action_id',0x313333,''),(3045,196,'DELETE','DELETE','module_action_roles.role_code',0x53555045525F54454C4C4552,''),(3046,196,'DELETE','DELETE','module_action_roles.module_action_id',0x313334,''),(3047,196,'DELETE','DELETE','module_action_roles.role_code',0x53555045525F54454C4C4552,''),(3048,196,'DELETE','DELETE','module_action_roles.module_action_id',0x313335,''),(3049,196,'DELETE','DELETE','module_action_roles.role_code',0x53555045525F54454C4C4552,''),(3050,196,'DELETE','DELETE','module_action_roles.module_action_id',0x313337,''),(3051,196,'DELETE','DELETE','module_action_roles.role_code',0x53555045525F54454C4C4552,''),(3052,196,'DELETE','DELETE','module_action_roles.module_action_id',0x313338,''),(3053,196,'DELETE','DELETE','module_action_roles.role_code',0x53555045525F54454C4C4552,''),(3054,196,'DELETE','DELETE','module_action_roles.module_action_id',0x313339,''),(3055,196,'DELETE','DELETE','module_action_roles.role_code',0x53555045525F54454C4C4552,''),(3056,196,'DELETE','DELETE','module_action_roles.module_action_id',0x313430,''),(3057,196,'DELETE','DELETE','module_action_roles.role_code',0x53555045525F54454C4C4552,''),(3058,196,'DELETE','DELETE','module_action_roles.module_action_id',0x313431,''),(3059,196,'DELETE','DELETE','module_action_roles.role_code',0x53555045525F54454C4C4552,''),(3060,196,'DELETE','DELETE','module_action_roles.module_action_id',0x313432,''),(3061,196,'DELETE','DELETE','module_action_roles.role_code',0x53555045525F54454C4C4552,''),(3062,196,'DELETE','DELETE','module_action_roles.module_action_id',0x313433,''),(3063,196,'DELETE','DELETE','module_action_roles.role_code',0x53555045525F54454C4C4552,''),(3064,196,'DELETE','DELETE','module_action_roles.module_action_id',0x313434,''),(3065,196,'DELETE','DELETE','module_action_roles.role_code',0x53555045525F54454C4C4552,''),(3066,196,'INSERT','INSERT','module_action_roles.module_action_id','',0x313132),(3067,196,'INSERT','INSERT','module_action_roles.role_code','',0x53555045525F54454C4C4552),(3068,196,'INSERT','INSERT','module_action_roles.module_action_id','',0x313133),(3069,196,'INSERT','INSERT','module_action_roles.role_code','',0x53555045525F54454C4C4552),(3070,196,'INSERT','INSERT','module_action_roles.module_action_id','',0x313134),(3071,196,'INSERT','INSERT','module_action_roles.role_code','',0x53555045525F54454C4C4552),(3072,196,'INSERT','INSERT','module_action_roles.module_action_id','',0x313135),(3073,196,'INSERT','INSERT','module_action_roles.role_code','',0x53555045525F54454C4C4552),(3074,196,'INSERT','INSERT','module_action_roles.module_action_id','',0x313136),(3075,196,'INSERT','INSERT','module_action_roles.role_code','',0x53555045525F54454C4C4552),(3076,196,'INSERT','INSERT','module_action_roles.module_action_id','',0x313137),(3077,196,'INSERT','INSERT','module_action_roles.role_code','',0x53555045525F54454C4C4552),(3078,196,'INSERT','INSERT','module_action_roles.module_action_id','',0x313138),(3079,196,'INSERT','INSERT','module_action_roles.role_code','',0x53555045525F54454C4C4552),(3080,196,'INSERT','INSERT','module_action_roles.module_action_id','',0x313139),(3081,196,'INSERT','INSERT','module_action_roles.role_code','',0x53555045525F54454C4C4552),(3082,196,'INSERT','INSERT','module_action_roles.module_action_id','',0x313232),(3083,196,'INSERT','INSERT','module_action_roles.role_code','',0x53555045525F54454C4C4552),(3084,196,'INSERT','INSERT','module_action_roles.module_action_id','',0x313234),(3085,196,'INSERT','INSERT','module_action_roles.role_code','',0x53555045525F54454C4C4552),(3086,196,'INSERT','INSERT','module_action_roles.module_action_id','',0x313235),(3087,196,'INSERT','INSERT','module_action_roles.role_code','',0x53555045525F54454C4C4552),(3088,196,'INSERT','INSERT','module_action_roles.module_action_id','',0x313236),(3089,196,'INSERT','INSERT','module_action_roles.role_code','',0x53555045525F54454C4C4552),(3090,196,'INSERT','INSERT','module_action_roles.module_action_id','',0x313237),(3091,196,'INSERT','INSERT','module_action_roles.role_code','',0x53555045525F54454C4C4552),(3092,196,'INSERT','INSERT','module_action_roles.module_action_id','',0x313332),(3093,196,'INSERT','INSERT','module_action_roles.role_code','',0x53555045525F54454C4C4552),(3094,196,'INSERT','INSERT','module_action_roles.module_action_id','',0x313333),(3095,196,'INSERT','INSERT','module_action_roles.role_code','',0x53555045525F54454C4C4552),(3096,196,'INSERT','INSERT','module_action_roles.module_action_id','',0x313334),(3097,196,'INSERT','INSERT','module_action_roles.role_code','',0x53555045525F54454C4C4552),(3098,196,'INSERT','INSERT','module_action_roles.module_action_id','',0x313335),(3099,196,'INSERT','INSERT','module_action_roles.role_code','',0x53555045525F54454C4C4552),(3100,196,'INSERT','INSERT','module_action_roles.module_action_id','',0x313337),(3101,196,'INSERT','INSERT','module_action_roles.role_code','',0x53555045525F54454C4C4552),(3102,196,'INSERT','INSERT','module_action_roles.module_action_id','',0x313338),(3103,196,'INSERT','INSERT','module_action_roles.role_code','',0x53555045525F54454C4C4552),(3104,196,'INSERT','INSERT','module_action_roles.module_action_id','',0x313339),(3105,196,'INSERT','INSERT','module_action_roles.role_code','',0x53555045525F54454C4C4552),(3106,196,'INSERT','INSERT','module_action_roles.module_action_id','',0x313430),(3107,196,'INSERT','INSERT','module_action_roles.role_code','',0x53555045525F54454C4C4552),(3108,196,'INSERT','INSERT','module_action_roles.module_action_id','',0x313431),(3109,196,'INSERT','INSERT','module_action_roles.role_code','',0x53555045525F54454C4C4552),(3110,196,'INSERT','INSERT','module_action_roles.module_action_id','',0x313432),(3111,196,'INSERT','INSERT','module_action_roles.role_code','',0x53555045525F54454C4C4552),(3112,196,'INSERT','INSERT','module_action_roles.module_action_id','',0x313433),(3113,196,'INSERT','INSERT','module_action_roles.role_code','',0x53555045525F54454C4C4552),(3114,196,'INSERT','INSERT','module_action_roles.module_action_id','',0x313434),(3115,196,'INSERT','INSERT','module_action_roles.role_code','',0x53555045525F54454C4C4552),(3116,196,'INSERT','INSERT','module_action_roles.module_action_id','',0x313435),(3117,196,'INSERT','INSERT','module_action_roles.role_code','',0x53555045525F54454C4C4552),(3118,196,'INSERT','INSERT','module_action_roles.module_action_id','',0x313436),(3119,196,'INSERT','INSERT','module_action_roles.role_code','',0x53555045525F54454C4C4552),(3120,196,'INSERT','INSERT','module_action_roles.module_action_id','',0x313437),(3121,196,'INSERT','INSERT','module_action_roles.role_code','',0x53555045525F54454C4C4552),(3122,196,'INSERT','INSERT','module_action_roles.module_action_id','',0x313438),(3123,196,'INSERT','INSERT','module_action_roles.role_code','',0x53555045525F54454C4C4552),(3124,202,'ocbs','INSERT','args_holidays.holiday_title','',0x4E657720596561727320457665),(3125,202,'ocbs','INSERT','args_holidays.holiday_desc','',0x4E657720596561727320457665),(3126,202,'ocbs','INSERT','args_holidays.holiday_date','',0x323032302D30362D30392030303A30303A3030),(3127,202,'ocbs','INSERT','args_holidays.recurring_flag','',0x59),(3128,203,'ocbs','INSERT','args_holidays.holiday_title','',0x4E657720596561727320457665),(3129,203,'ocbs','INSERT','args_holidays.holiday_desc','',0x4E657720596561727320457665),(3130,203,'ocbs','INSERT','args_holidays.holiday_date','',0x323032302D30362D30392030303A30303A3030),(3131,203,'ocbs','INSERT','args_holidays.recurring_flag','',0x59),(3132,204,'ocbs','INSERT','args_holidays.holiday_title','',0x496E646570656E64656E636520446179),(3133,204,'ocbs','INSERT','args_holidays.holiday_desc','',0x496E646570656E64656E636520446179),(3134,204,'ocbs','INSERT','args_holidays.holiday_date','',0x323032302D30362D31322030303A30303A3030),(3135,204,'ocbs','INSERT','args_holidays.recurring_flag','',0x59),(3136,209,'ocbs','INSERT','sys_holidays.holiday_title','',0x53414D504C4520484F4C49444159),(3137,209,'ocbs','INSERT','sys_holidays.holiday_desc','',0x53414D504C4520484F4C49444159),(3138,209,'ocbs','INSERT','sys_holidays.holiday_date','',0x323032302D30372D31392030303A30303A3030),(3139,209,'ocbs','INSERT','sys_holidays.recurring_flag','',0x59),(3140,212,'DELETE','DELETE','module_action_roles.module_action_id',0x313132,''),(3141,212,'DELETE','DELETE','module_action_roles.role_code',0x53555045525F54454C4C4552,''),(3142,212,'DELETE','DELETE','module_action_roles.module_action_id',0x313133,''),(3143,212,'DELETE','DELETE','module_action_roles.role_code',0x53555045525F54454C4C4552,''),(3144,212,'DELETE','DELETE','module_action_roles.module_action_id',0x313134,''),(3145,212,'DELETE','DELETE','module_action_roles.role_code',0x53555045525F54454C4C4552,''),(3146,212,'DELETE','DELETE','module_action_roles.module_action_id',0x313135,''),(3147,212,'DELETE','DELETE','module_action_roles.role_code',0x53555045525F54454C4C4552,''),(3148,212,'DELETE','DELETE','module_action_roles.module_action_id',0x313136,''),(3149,212,'DELETE','DELETE','module_action_roles.role_code',0x53555045525F54454C4C4552,''),(3150,212,'DELETE','DELETE','module_action_roles.module_action_id',0x313137,''),(3151,212,'DELETE','DELETE','module_action_roles.role_code',0x53555045525F54454C4C4552,''),(3152,212,'DELETE','DELETE','module_action_roles.module_action_id',0x313138,''),(3153,212,'DELETE','DELETE','module_action_roles.role_code',0x53555045525F54454C4C4552,''),(3154,212,'DELETE','DELETE','module_action_roles.module_action_id',0x313139,''),(3155,212,'DELETE','DELETE','module_action_roles.role_code',0x53555045525F54454C4C4552,''),(3156,212,'DELETE','DELETE','module_action_roles.module_action_id',0x313232,''),(3157,212,'DELETE','DELETE','module_action_roles.role_code',0x53555045525F54454C4C4552,''),(3158,212,'DELETE','DELETE','module_action_roles.module_action_id',0x313234,''),(3159,212,'DELETE','DELETE','module_action_roles.role_code',0x53555045525F54454C4C4552,''),(3160,212,'DELETE','DELETE','module_action_roles.module_action_id',0x313235,''),(3161,212,'DELETE','DELETE','module_action_roles.role_code',0x53555045525F54454C4C4552,''),(3162,212,'DELETE','DELETE','module_action_roles.module_action_id',0x313236,''),(3163,212,'DELETE','DELETE','module_action_roles.role_code',0x53555045525F54454C4C4552,''),(3164,212,'DELETE','DELETE','module_action_roles.module_action_id',0x313237,''),(3165,212,'DELETE','DELETE','module_action_roles.role_code',0x53555045525F54454C4C4552,''),(3166,212,'DELETE','DELETE','module_action_roles.module_action_id',0x313332,''),(3167,212,'DELETE','DELETE','module_action_roles.role_code',0x53555045525F54454C4C4552,''),(3168,212,'DELETE','DELETE','module_action_roles.module_action_id',0x313333,''),(3169,212,'DELETE','DELETE','module_action_roles.role_code',0x53555045525F54454C4C4552,''),(3170,212,'DELETE','DELETE','module_action_roles.module_action_id',0x313334,''),(3171,212,'DELETE','DELETE','module_action_roles.role_code',0x53555045525F54454C4C4552,''),(3172,212,'DELETE','DELETE','module_action_roles.module_action_id',0x313335,''),(3173,212,'DELETE','DELETE','module_action_roles.role_code',0x53555045525F54454C4C4552,''),(3174,212,'DELETE','DELETE','module_action_roles.module_action_id',0x313337,''),(3175,212,'DELETE','DELETE','module_action_roles.role_code',0x53555045525F54454C4C4552,''),(3176,212,'DELETE','DELETE','module_action_roles.module_action_id',0x313338,''),(3177,212,'DELETE','DELETE','module_action_roles.role_code',0x53555045525F54454C4C4552,''),(3178,212,'DELETE','DELETE','module_action_roles.module_action_id',0x313339,''),(3179,212,'DELETE','DELETE','module_action_roles.role_code',0x53555045525F54454C4C4552,''),(3180,212,'DELETE','DELETE','module_action_roles.module_action_id',0x313430,''),(3181,212,'DELETE','DELETE','module_action_roles.role_code',0x53555045525F54454C4C4552,''),(3182,212,'DELETE','DELETE','module_action_roles.module_action_id',0x313431,''),(3183,212,'DELETE','DELETE','module_action_roles.role_code',0x53555045525F54454C4C4552,''),(3184,212,'DELETE','DELETE','module_action_roles.module_action_id',0x313432,''),(3185,212,'DELETE','DELETE','module_action_roles.role_code',0x53555045525F54454C4C4552,''),(3186,212,'DELETE','DELETE','module_action_roles.module_action_id',0x313433,''),(3187,212,'DELETE','DELETE','module_action_roles.role_code',0x53555045525F54454C4C4552,''),(3188,212,'DELETE','DELETE','module_action_roles.module_action_id',0x313434,''),(3189,212,'DELETE','DELETE','module_action_roles.role_code',0x53555045525F54454C4C4552,''),(3190,212,'DELETE','DELETE','module_action_roles.module_action_id',0x313435,''),(3191,212,'DELETE','DELETE','module_action_roles.role_code',0x53555045525F54454C4C4552,''),(3192,212,'DELETE','DELETE','module_action_roles.module_action_id',0x313436,''),(3193,212,'DELETE','DELETE','module_action_roles.role_code',0x53555045525F54454C4C4552,''),(3194,212,'DELETE','DELETE','module_action_roles.module_action_id',0x313437,''),(3195,212,'DELETE','DELETE','module_action_roles.role_code',0x53555045525F54454C4C4552,''),(3196,212,'DELETE','DELETE','module_action_roles.module_action_id',0x313438,''),(3197,212,'DELETE','DELETE','module_action_roles.role_code',0x53555045525F54454C4C4552,''),(3198,212,'INSERT','INSERT','module_action_roles.module_action_id','',0x313132),(3199,212,'INSERT','INSERT','module_action_roles.role_code','',0x53555045525F54454C4C4552),(3200,212,'INSERT','INSERT','module_action_roles.module_action_id','',0x313133),(3201,212,'INSERT','INSERT','module_action_roles.role_code','',0x53555045525F54454C4C4552),(3202,212,'INSERT','INSERT','module_action_roles.module_action_id','',0x313134),(3203,212,'INSERT','INSERT','module_action_roles.role_code','',0x53555045525F54454C4C4552),(3204,212,'INSERT','INSERT','module_action_roles.module_action_id','',0x313135),(3205,212,'INSERT','INSERT','module_action_roles.role_code','',0x53555045525F54454C4C4552),(3206,212,'INSERT','INSERT','module_action_roles.module_action_id','',0x313136),(3207,212,'INSERT','INSERT','module_action_roles.role_code','',0x53555045525F54454C4C4552),(3208,212,'INSERT','INSERT','module_action_roles.module_action_id','',0x313137),(3209,212,'INSERT','INSERT','module_action_roles.role_code','',0x53555045525F54454C4C4552),(3210,212,'INSERT','INSERT','module_action_roles.module_action_id','',0x313138),(3211,212,'INSERT','INSERT','module_action_roles.role_code','',0x53555045525F54454C4C4552),(3212,212,'INSERT','INSERT','module_action_roles.module_action_id','',0x313139),(3213,212,'INSERT','INSERT','module_action_roles.role_code','',0x53555045525F54454C4C4552),(3214,212,'INSERT','INSERT','module_action_roles.module_action_id','',0x313232),(3215,212,'INSERT','INSERT','module_action_roles.role_code','',0x53555045525F54454C4C4552),(3216,212,'INSERT','INSERT','module_action_roles.module_action_id','',0x313234),(3217,212,'INSERT','INSERT','module_action_roles.role_code','',0x53555045525F54454C4C4552),(3218,212,'INSERT','INSERT','module_action_roles.module_action_id','',0x313235),(3219,212,'INSERT','INSERT','module_action_roles.role_code','',0x53555045525F54454C4C4552),(3220,212,'INSERT','INSERT','module_action_roles.module_action_id','',0x313236),(3221,212,'INSERT','INSERT','module_action_roles.role_code','',0x53555045525F54454C4C4552),(3222,212,'INSERT','INSERT','module_action_roles.module_action_id','',0x313237),(3223,212,'INSERT','INSERT','module_action_roles.role_code','',0x53555045525F54454C4C4552),(3224,212,'INSERT','INSERT','module_action_roles.module_action_id','',0x313332),(3225,212,'INSERT','INSERT','module_action_roles.role_code','',0x53555045525F54454C4C4552),(3226,212,'INSERT','INSERT','module_action_roles.module_action_id','',0x313333),(3227,212,'INSERT','INSERT','module_action_roles.role_code','',0x53555045525F54454C4C4552),(3228,212,'INSERT','INSERT','module_action_roles.module_action_id','',0x313334),(3229,212,'INSERT','INSERT','module_action_roles.role_code','',0x53555045525F54454C4C4552),(3230,212,'INSERT','INSERT','module_action_roles.module_action_id','',0x313335),(3231,212,'INSERT','INSERT','module_action_roles.role_code','',0x53555045525F54454C4C4552),(3232,212,'INSERT','INSERT','module_action_roles.module_action_id','',0x313337),(3233,212,'INSERT','INSERT','module_action_roles.role_code','',0x53555045525F54454C4C4552),(3234,212,'INSERT','INSERT','module_action_roles.module_action_id','',0x313338),(3235,212,'INSERT','INSERT','module_action_roles.role_code','',0x53555045525F54454C4C4552),(3236,212,'INSERT','INSERT','module_action_roles.module_action_id','',0x313339),(3237,212,'INSERT','INSERT','module_action_roles.role_code','',0x53555045525F54454C4C4552),(3238,212,'INSERT','INSERT','module_action_roles.module_action_id','',0x313430),(3239,212,'INSERT','INSERT','module_action_roles.role_code','',0x53555045525F54454C4C4552),(3240,212,'INSERT','INSERT','module_action_roles.module_action_id','',0x313431),(3241,212,'INSERT','INSERT','module_action_roles.role_code','',0x53555045525F54454C4C4552),(3242,212,'INSERT','INSERT','module_action_roles.module_action_id','',0x313432),(3243,212,'INSERT','INSERT','module_action_roles.role_code','',0x53555045525F54454C4C4552),(3244,212,'INSERT','INSERT','module_action_roles.module_action_id','',0x313433),(3245,212,'INSERT','INSERT','module_action_roles.role_code','',0x53555045525F54454C4C4552),(3246,212,'INSERT','INSERT','module_action_roles.module_action_id','',0x313434),(3247,212,'INSERT','INSERT','module_action_roles.role_code','',0x53555045525F54454C4C4552),(3248,212,'INSERT','INSERT','module_action_roles.module_action_id','',0x313435),(3249,212,'INSERT','INSERT','module_action_roles.role_code','',0x53555045525F54454C4C4552),(3250,212,'INSERT','INSERT','module_action_roles.module_action_id','',0x313436),(3251,212,'INSERT','INSERT','module_action_roles.role_code','',0x53555045525F54454C4C4552),(3252,212,'INSERT','INSERT','module_action_roles.module_action_id','',0x313437),(3253,212,'INSERT','INSERT','module_action_roles.role_code','',0x53555045525F54454C4C4552),(3254,212,'INSERT','INSERT','module_action_roles.module_action_id','',0x313438),(3255,212,'INSERT','INSERT','module_action_roles.role_code','',0x53555045525F54454C4C4552),(3256,212,'INSERT','INSERT','module_action_roles.module_action_id','',0x313439),(3257,212,'INSERT','INSERT','module_action_roles.role_code','',0x53555045525F54454C4C4552),(3258,212,'INSERT','INSERT','module_action_roles.module_action_id','',0x313530),(3259,212,'INSERT','INSERT','module_action_roles.role_code','',0x53555045525F54454C4C4552),(3260,212,'INSERT','INSERT','module_action_roles.module_action_id','',0x313531),(3261,212,'INSERT','INSERT','module_action_roles.role_code','',0x53555045525F54454C4C4552),(3262,212,'INSERT','INSERT','module_action_roles.module_action_id','',0x313532),(3263,212,'INSERT','INSERT','module_action_roles.role_code','',0x53555045525F54454C4C4552),(3264,213,'INSERT','INSERT','module_action_roles.module_action_id','',0x31),(3265,213,'INSERT','INSERT','module_action_roles.role_code','',0x53555045525F54454C4C4552),(3266,213,'INSERT','INSERT','module_action_roles.module_action_id','',0x33),(3267,213,'INSERT','INSERT','module_action_roles.role_code','',0x53555045525F54454C4C4552),(3268,213,'INSERT','INSERT','module_action_roles.module_action_id','',0x34),(3269,213,'INSERT','INSERT','module_action_roles.role_code','',0x53555045525F54454C4C4552),(3270,213,'INSERT','INSERT','module_action_roles.module_action_id','',0x35),(3271,213,'INSERT','INSERT','module_action_roles.role_code','',0x53555045525F54454C4C4552),(3272,213,'INSERT','INSERT','module_action_roles.module_action_id','',0x36),(3273,213,'INSERT','INSERT','module_action_roles.role_code','',0x53555045525F54454C4C4552),(3274,213,'INSERT','INSERT','module_action_roles.module_action_id','',0x3130),(3275,213,'INSERT','INSERT','module_action_roles.role_code','',0x53555045525F54454C4C4552),(3276,213,'INSERT','INSERT','module_action_roles.module_action_id','',0x3136),(3277,213,'INSERT','INSERT','module_action_roles.role_code','',0x53555045525F54454C4C4552),(3278,213,'INSERT','INSERT','module_action_roles.module_action_id','',0x3137),(3279,213,'INSERT','INSERT','module_action_roles.role_code','',0x53555045525F54454C4C4552),(3280,213,'INSERT','INSERT','module_action_roles.module_action_id','',0x3138),(3281,213,'INSERT','INSERT','module_action_roles.role_code','',0x53555045525F54454C4C4552),(3282,213,'INSERT','INSERT','module_action_roles.module_action_id','',0x3139),(3283,213,'INSERT','INSERT','module_action_roles.role_code','',0x53555045525F54454C4C4552),(3284,213,'INSERT','INSERT','module_action_roles.module_action_id','',0x3230),(3285,213,'INSERT','INSERT','module_action_roles.role_code','',0x53555045525F54454C4C4552),(3286,213,'INSERT','INSERT','module_action_roles.module_action_id','',0x3231),(3287,213,'INSERT','INSERT','module_action_roles.role_code','',0x53555045525F54454C4C4552),(3288,213,'INSERT','INSERT','module_action_roles.module_action_id','',0x3232),(3289,213,'INSERT','INSERT','module_action_roles.role_code','',0x53555045525F54454C4C4552),(3290,213,'INSERT','INSERT','module_action_roles.module_action_id','',0x3233),(3291,213,'INSERT','INSERT','module_action_roles.role_code','',0x53555045525F54454C4C4552),(3292,213,'INSERT','INSERT','module_action_roles.module_action_id','',0x3234),(3293,213,'INSERT','INSERT','module_action_roles.role_code','',0x53555045525F54454C4C4552),(3294,213,'INSERT','INSERT','module_action_roles.module_action_id','',0x3430),(3295,213,'INSERT','INSERT','module_action_roles.role_code','',0x53555045525F54454C4C4552),(3296,213,'INSERT','INSERT','module_action_roles.module_action_id','',0x3431),(3297,213,'INSERT','INSERT','module_action_roles.role_code','',0x53555045525F54454C4C4552),(3298,213,'INSERT','INSERT','module_action_roles.module_action_id','',0x3432),(3299,213,'INSERT','INSERT','module_action_roles.role_code','',0x53555045525F54454C4C4552),(3300,213,'INSERT','INSERT','module_action_roles.module_action_id','',0x3433),(3301,213,'INSERT','INSERT','module_action_roles.role_code','',0x53555045525F54454C4C4552),(3302,213,'INSERT','INSERT','module_action_roles.module_action_id','',0x3434),(3303,213,'INSERT','INSERT','module_action_roles.role_code','',0x53555045525F54454C4C4552),(3304,213,'INSERT','INSERT','module_action_roles.module_action_id','',0x3435),(3305,213,'INSERT','INSERT','module_action_roles.role_code','',0x53555045525F54454C4C4552),(3306,213,'INSERT','INSERT','module_action_roles.module_action_id','',0x3439),(3307,213,'INSERT','INSERT','module_action_roles.role_code','',0x53555045525F54454C4C4552),(3308,213,'INSERT','INSERT','module_action_roles.module_action_id','',0x3530),(3309,213,'INSERT','INSERT','module_action_roles.role_code','',0x53555045525F54454C4C4552),(3310,213,'INSERT','INSERT','module_action_roles.module_action_id','',0x3531),(3311,213,'INSERT','INSERT','module_action_roles.role_code','',0x53555045525F54454C4C4552),(3312,213,'INSERT','INSERT','module_action_roles.module_action_id','',0x3532),(3313,213,'INSERT','INSERT','module_action_roles.role_code','',0x53555045525F54454C4C4552),(3314,213,'INSERT','INSERT','module_action_roles.module_action_id','',0x3837),(3315,213,'INSERT','INSERT','module_action_roles.role_code','',0x53555045525F54454C4C4552),(3316,213,'INSERT','INSERT','module_action_roles.module_action_id','',0x3838),(3317,213,'INSERT','INSERT','module_action_roles.role_code','',0x53555045525F54454C4C4552),(3318,213,'INSERT','INSERT','module_action_roles.module_action_id','',0x3839),(3319,213,'INSERT','INSERT','module_action_roles.role_code','',0x53555045525F54454C4C4552),(3320,213,'INSERT','INSERT','module_action_roles.module_action_id','',0x3932),(3321,213,'INSERT','INSERT','module_action_roles.role_code','',0x53555045525F54454C4C4552),(3322,213,'INSERT','INSERT','module_action_roles.module_action_id','',0x3933),(3323,213,'INSERT','INSERT','module_action_roles.role_code','',0x53555045525F54454C4C4552),(3324,213,'INSERT','INSERT','module_action_roles.module_action_id','',0x313132),(3325,213,'INSERT','INSERT','module_action_roles.role_code','',0x53555045525F54454C4C4552),(3326,213,'INSERT','INSERT','module_action_roles.module_action_id','',0x313133),(3327,213,'INSERT','INSERT','module_action_roles.role_code','',0x53555045525F54454C4C4552),(3328,213,'INSERT','INSERT','module_action_roles.module_action_id','',0x313134),(3329,213,'INSERT','INSERT','module_action_roles.role_code','',0x53555045525F54454C4C4552),(3330,213,'INSERT','INSERT','module_action_roles.module_action_id','',0x313135),(3331,213,'INSERT','INSERT','module_action_roles.role_code','',0x53555045525F54454C4C4552),(3332,213,'INSERT','INSERT','module_action_roles.module_action_id','',0x313136),(3333,213,'INSERT','INSERT','module_action_roles.role_code','',0x53555045525F54454C4C4552),(3334,213,'INSERT','INSERT','module_action_roles.module_action_id','',0x313137),(3335,213,'INSERT','INSERT','module_action_roles.role_code','',0x53555045525F54454C4C4552),(3336,213,'INSERT','INSERT','module_action_roles.module_action_id','',0x313138),(3337,213,'INSERT','INSERT','module_action_roles.role_code','',0x53555045525F54454C4C4552),(3338,213,'INSERT','INSERT','module_action_roles.module_action_id','',0x313139),(3339,213,'INSERT','INSERT','module_action_roles.role_code','',0x53555045525F54454C4C4552),(3340,213,'INSERT','INSERT','module_action_roles.module_action_id','',0x313232),(3341,213,'INSERT','INSERT','module_action_roles.role_code','',0x53555045525F54454C4C4552),(3342,213,'INSERT','INSERT','module_action_roles.module_action_id','',0x313234),(3343,213,'INSERT','INSERT','module_action_roles.role_code','',0x53555045525F54454C4C4552),(3344,213,'INSERT','INSERT','module_action_roles.module_action_id','',0x313235),(3345,213,'INSERT','INSERT','module_action_roles.role_code','',0x53555045525F54454C4C4552),(3346,213,'INSERT','INSERT','module_action_roles.module_action_id','',0x313236),(3347,213,'INSERT','INSERT','module_action_roles.role_code','',0x53555045525F54454C4C4552),(3348,213,'INSERT','INSERT','module_action_roles.module_action_id','',0x313237),(3349,213,'INSERT','INSERT','module_action_roles.role_code','',0x53555045525F54454C4C4552),(3350,213,'INSERT','INSERT','module_action_roles.module_action_id','',0x313332),(3351,213,'INSERT','INSERT','module_action_roles.role_code','',0x53555045525F54454C4C4552),(3352,213,'INSERT','INSERT','module_action_roles.module_action_id','',0x313333),(3353,213,'INSERT','INSERT','module_action_roles.role_code','',0x53555045525F54454C4C4552),(3354,213,'INSERT','INSERT','module_action_roles.module_action_id','',0x313334),(3355,213,'INSERT','INSERT','module_action_roles.role_code','',0x53555045525F54454C4C4552),(3356,213,'INSERT','INSERT','module_action_roles.module_action_id','',0x313335),(3357,213,'INSERT','INSERT','module_action_roles.role_code','',0x53555045525F54454C4C4552),(3358,213,'INSERT','INSERT','module_action_roles.module_action_id','',0x313337),(3359,213,'INSERT','INSERT','module_action_roles.role_code','',0x53555045525F54454C4C4552),(3360,213,'INSERT','INSERT','module_action_roles.module_action_id','',0x313338),(3361,213,'INSERT','INSERT','module_action_roles.role_code','',0x53555045525F54454C4C4552),(3362,213,'INSERT','INSERT','module_action_roles.module_action_id','',0x313339),(3363,213,'INSERT','INSERT','module_action_roles.role_code','',0x53555045525F54454C4C4552),(3364,213,'INSERT','INSERT','module_action_roles.module_action_id','',0x313430),(3365,213,'INSERT','INSERT','module_action_roles.role_code','',0x53555045525F54454C4C4552),(3366,213,'INSERT','INSERT','module_action_roles.module_action_id','',0x313431),(3367,213,'INSERT','INSERT','module_action_roles.role_code','',0x53555045525F54454C4C4552),(3368,213,'INSERT','INSERT','module_action_roles.module_action_id','',0x313432),(3369,213,'INSERT','INSERT','module_action_roles.role_code','',0x53555045525F54454C4C4552),(3370,213,'INSERT','INSERT','module_action_roles.module_action_id','',0x313433),(3371,213,'INSERT','INSERT','module_action_roles.role_code','',0x53555045525F54454C4C4552),(3372,213,'INSERT','INSERT','module_action_roles.module_action_id','',0x313434),(3373,213,'INSERT','INSERT','module_action_roles.role_code','',0x53555045525F54454C4C4552),(3374,213,'INSERT','INSERT','module_action_roles.module_action_id','',0x313435),(3375,213,'INSERT','INSERT','module_action_roles.role_code','',0x53555045525F54454C4C4552),(3376,213,'INSERT','INSERT','module_action_roles.module_action_id','',0x313436),(3377,213,'INSERT','INSERT','module_action_roles.role_code','',0x53555045525F54454C4C4552),(3378,213,'INSERT','INSERT','module_action_roles.module_action_id','',0x313437),(3379,213,'INSERT','INSERT','module_action_roles.role_code','',0x53555045525F54454C4C4552),(3380,213,'INSERT','INSERT','module_action_roles.module_action_id','',0x313438),(3381,213,'INSERT','INSERT','module_action_roles.role_code','',0x53555045525F54454C4C4552),(3382,213,'INSERT','INSERT','module_action_roles.module_action_id','',0x313439),(3383,213,'INSERT','INSERT','module_action_roles.role_code','',0x53555045525F54454C4C4552),(3384,213,'INSERT','INSERT','module_action_roles.module_action_id','',0x313530),(3385,213,'INSERT','INSERT','module_action_roles.role_code','',0x53555045525F54454C4C4552),(3386,213,'INSERT','INSERT','module_action_roles.module_action_id','',0x313531),(3387,213,'INSERT','INSERT','module_action_roles.role_code','',0x53555045525F54454C4C4552),(3388,213,'INSERT','INSERT','module_action_roles.module_action_id','',0x313532),(3389,213,'INSERT','INSERT','module_action_roles.role_code','',0x53555045525F54454C4C4552),(3390,213,'INSERT','INSERT','module_scope_roles.module_code','',0x44415348424F415244),(3391,213,'INSERT','INSERT','module_scope_roles.role_code','',0x53555045525F54454C4C4552),(3392,213,'INSERT','INSERT','module_scope_roles.scope','',0x53434F50455F53595354454D),(3393,213,'INSERT','INSERT','module_scope_roles.module_code','',0x524F4C4553),(3394,213,'INSERT','INSERT','module_scope_roles.role_code','',0x53555045525F54454C4C4552),(3395,213,'INSERT','INSERT','module_scope_roles.scope','',0x53434F50455F53595354454D),(3396,213,'INSERT','INSERT','module_scope_roles.module_code','',0x5349474E5F55505F415050524F56414C),(3397,213,'INSERT','INSERT','module_scope_roles.role_code','',0x53555045525F54454C4C4552),(3398,213,'INSERT','INSERT','module_scope_roles.scope','',0x53434F50455F53595354454D),(3399,213,'INSERT','INSERT','module_scope_roles.module_code','',0x5553455253),(3400,213,'INSERT','INSERT','module_scope_roles.role_code','',0x53555045525F54454C4C4552),(3401,213,'INSERT','INSERT','module_scope_roles.scope','',0x53434F50455F53595354454D),(3402,219,'ocbs','INSERT','branches.brn_code','',0x303031),(3403,219,'ocbs','INSERT','branches.brn_name','',0x6272616E6368206E616D65),(3404,219,'ocbs','INSERT','branches.institution_name','',0x3030303031),(3405,219,'ocbs','INSERT','branches.previous_system_date','',0x323032302D30362D31302030303A30303A3030),(3406,219,'ocbs','INSERT','branches.system_date','',0x323032302D30362D31302030303A30303A3030),(3407,219,'ocbs','INSERT','branches.sys_file_name','',0x6134446D6F776E6252664250673230323030363130356564666236336435623637312E6A7067),(3408,219,'ocbs','INSERT','branches.file_name','',0x416E616C797369732D616E642D70726F6772616D6D696E672D70726F6365737365732D31323830783732302E6A7067),(3409,220,'ocbs','INSERT','branches.brn_code','',0x303031),(3410,220,'ocbs','INSERT','branches.brn_name','',0x6272616E6368206E616D65),(3411,220,'ocbs','INSERT','branches.institution_name','',0x3030303031),(3412,220,'ocbs','INSERT','branches.previous_system_date','',0x323032302D30362D31302030303A30303A3030),(3413,220,'ocbs','INSERT','branches.system_date','',0x323032302D30362D31302030303A30303A3030),(3414,220,'ocbs','INSERT','branches.sys_file_name','',0x64617A4A583861446D79566A3230323030363130356564666238653031666331342E6A7067),(3415,220,'ocbs','INSERT','branches.file_name','',0x436F6D70757465725F50726F6772616D6D6572313932305831303138302E6A7067),(3416,221,'ocbs','INSERT','branches.brn_code','',0x303031),(3417,221,'ocbs','INSERT','branches.brn_name','',0x313131),(3418,221,'ocbs','INSERT','branches.institution_name','',0x313131),(3419,221,'ocbs','INSERT','branches.previous_system_date','',0x323032302D30362D31302030303A30303A3030),(3420,221,'ocbs','INSERT','branches.system_date','',0x323032302D30362D30332030303A30303A3030),(3421,221,'ocbs','INSERT','branches.sys_file_name','',0x65645859536E705A69514A59673230323030363130356564666239353763396132342E6A7067),(3422,221,'ocbs','INSERT','branches.file_name','',0x436F6D70757465725F50726F6772616D6D6572313932305831303138302E6A7067),(3423,222,'ocbs','DELETE','branches.branch_id',0x32,''),(3424,222,'ocbs','DELETE','branches.brn_code',0x303031,''),(3425,222,'ocbs','DELETE','branches.brn_name',0x313131,''),(3426,222,'ocbs','DELETE','branches.institution_name',0x313131,''),(3427,222,'ocbs','DELETE','branches.head_office',0x4E,''),(3428,222,'ocbs','DELETE','branches.default_flag',0x4E,''),(3429,222,'ocbs','DELETE','branches.activation_key',NULL,''),(3430,222,'ocbs','DELETE','branches.system_date',0x323032302D30362D3033,''),(3431,222,'ocbs','DELETE','branches.previous_system_date',0x323032302D30362D3130,''),(3432,222,'ocbs','DELETE','branches.status',0x30,''),(3433,222,'ocbs','DELETE','branches.file_name',0x436F6D70757465725F50726F6772616D6D6572313932305831303138302E6A7067,''),(3434,222,'ocbs','DELETE','branches.sys_file_name',0x65645859536E705A69514A59673230323030363130356564666239353763396132342E6A7067,''),(3435,223,'ocbs','INSERT','branches.brn_code','',0x303031),(3436,223,'ocbs','INSERT','branches.brn_name','',0x3131),(3437,223,'ocbs','INSERT','branches.institution_name','',0x313131),(3438,223,'ocbs','INSERT','branches.previous_system_date','',0x323032302D30362D31302030303A30303A3030),(3439,223,'ocbs','INSERT','branches.system_date','',0x323032302D30362D31302030303A30303A3030),(3440,223,'ocbs','INSERT','branches.sys_file_name','',0x32383870457559594F535247593230323030363130356564666261626365366432302E6A7067),(3441,223,'ocbs','INSERT','branches.file_name','',0x436F6D70757465725F50726F6772616D6D6572313932305831303138302E6A7067),(3442,232,'DELETE','DELETE','module_action_roles.module_action_id',0x313132,''),(3443,232,'DELETE','DELETE','module_action_roles.role_code',0x53555045525F54454C4C4552,''),(3444,232,'DELETE','DELETE','module_action_roles.module_action_id',0x313134,''),(3445,232,'DELETE','DELETE','module_action_roles.role_code',0x53555045525F54454C4C4552,''),(3446,232,'DELETE','DELETE','module_action_roles.module_action_id',0x313135,''),(3447,232,'DELETE','DELETE','module_action_roles.role_code',0x53555045525F54454C4C4552,''),(3448,232,'DELETE','DELETE','module_action_roles.module_action_id',0x313136,''),(3449,232,'DELETE','DELETE','module_action_roles.role_code',0x53555045525F54454C4C4552,''),(3450,232,'DELETE','DELETE','module_action_roles.module_action_id',0x313137,''),(3451,232,'DELETE','DELETE','module_action_roles.role_code',0x53555045525F54454C4C4552,''),(3452,232,'DELETE','DELETE','module_action_roles.module_action_id',0x313138,''),(3453,232,'DELETE','DELETE','module_action_roles.role_code',0x53555045525F54454C4C4552,''),(3454,232,'DELETE','DELETE','module_action_roles.module_action_id',0x313139,''),(3455,232,'DELETE','DELETE','module_action_roles.role_code',0x53555045525F54454C4C4552,''),(3456,232,'DELETE','DELETE','module_action_roles.module_action_id',0x313232,''),(3457,232,'DELETE','DELETE','module_action_roles.role_code',0x53555045525F54454C4C4552,''),(3458,232,'DELETE','DELETE','module_action_roles.module_action_id',0x313234,''),(3459,232,'DELETE','DELETE','module_action_roles.role_code',0x53555045525F54454C4C4552,''),(3460,232,'DELETE','DELETE','module_action_roles.module_action_id',0x313235,''),(3461,232,'DELETE','DELETE','module_action_roles.role_code',0x53555045525F54454C4C4552,''),(3462,232,'DELETE','DELETE','module_action_roles.module_action_id',0x313236,''),(3463,232,'DELETE','DELETE','module_action_roles.role_code',0x53555045525F54454C4C4552,''),(3464,232,'DELETE','DELETE','module_action_roles.module_action_id',0x313237,''),(3465,232,'DELETE','DELETE','module_action_roles.role_code',0x53555045525F54454C4C4552,''),(3466,232,'DELETE','DELETE','module_action_roles.module_action_id',0x313332,''),(3467,232,'DELETE','DELETE','module_action_roles.role_code',0x53555045525F54454C4C4552,''),(3468,232,'DELETE','DELETE','module_action_roles.module_action_id',0x313333,''),(3469,232,'DELETE','DELETE','module_action_roles.role_code',0x53555045525F54454C4C4552,''),(3470,232,'DELETE','DELETE','module_action_roles.module_action_id',0x313334,''),(3471,232,'DELETE','DELETE','module_action_roles.role_code',0x53555045525F54454C4C4552,''),(3472,232,'DELETE','DELETE','module_action_roles.module_action_id',0x313335,''),(3473,232,'DELETE','DELETE','module_action_roles.role_code',0x53555045525F54454C4C4552,''),(3474,232,'DELETE','DELETE','module_action_roles.module_action_id',0x313337,''),(3475,232,'DELETE','DELETE','module_action_roles.role_code',0x53555045525F54454C4C4552,''),(3476,232,'DELETE','DELETE','module_action_roles.module_action_id',0x313338,''),(3477,232,'DELETE','DELETE','module_action_roles.role_code',0x53555045525F54454C4C4552,''),(3478,232,'DELETE','DELETE','module_action_roles.module_action_id',0x313339,''),(3479,232,'DELETE','DELETE','module_action_roles.role_code',0x53555045525F54454C4C4552,''),(3480,232,'DELETE','DELETE','module_action_roles.module_action_id',0x313430,''),(3481,232,'DELETE','DELETE','module_action_roles.role_code',0x53555045525F54454C4C4552,''),(3482,232,'DELETE','DELETE','module_action_roles.module_action_id',0x313431,''),(3483,232,'DELETE','DELETE','module_action_roles.role_code',0x53555045525F54454C4C4552,''),(3484,232,'DELETE','DELETE','module_action_roles.module_action_id',0x313432,''),(3485,232,'DELETE','DELETE','module_action_roles.role_code',0x53555045525F54454C4C4552,''),(3486,232,'DELETE','DELETE','module_action_roles.module_action_id',0x313433,''),(3487,232,'DELETE','DELETE','module_action_roles.role_code',0x53555045525F54454C4C4552,''),(3488,232,'DELETE','DELETE','module_action_roles.module_action_id',0x313434,''),(3489,232,'DELETE','DELETE','module_action_roles.role_code',0x53555045525F54454C4C4552,''),(3490,232,'DELETE','DELETE','module_action_roles.module_action_id',0x313435,''),(3491,232,'DELETE','DELETE','module_action_roles.role_code',0x53555045525F54454C4C4552,''),(3492,232,'DELETE','DELETE','module_action_roles.module_action_id',0x313436,''),(3493,232,'DELETE','DELETE','module_action_roles.role_code',0x53555045525F54454C4C4552,''),(3494,232,'DELETE','DELETE','module_action_roles.module_action_id',0x313437,''),(3495,232,'DELETE','DELETE','module_action_roles.role_code',0x53555045525F54454C4C4552,''),(3496,232,'DELETE','DELETE','module_action_roles.module_action_id',0x313438,''),(3497,232,'DELETE','DELETE','module_action_roles.role_code',0x53555045525F54454C4C4552,''),(3498,232,'DELETE','DELETE','module_action_roles.module_action_id',0x313439,''),(3499,232,'DELETE','DELETE','module_action_roles.role_code',0x53555045525F54454C4C4552,''),(3500,232,'DELETE','DELETE','module_action_roles.module_action_id',0x313530,''),(3501,232,'DELETE','DELETE','module_action_roles.role_code',0x53555045525F54454C4C4552,''),(3502,232,'DELETE','DELETE','module_action_roles.module_action_id',0x313531,''),(3503,232,'DELETE','DELETE','module_action_roles.role_code',0x53555045525F54454C4C4552,''),(3504,232,'DELETE','DELETE','module_action_roles.module_action_id',0x313532,''),(3505,232,'DELETE','DELETE','module_action_roles.role_code',0x53555045525F54454C4C4552,''),(3506,232,'INSERT','INSERT','module_action_roles.module_action_id','',0x31),(3507,232,'INSERT','INSERT','module_action_roles.role_code','',0x53555045525F54454C4C4552),(3508,232,'INSERT','INSERT','module_action_roles.module_action_id','',0x33),(3509,232,'INSERT','INSERT','module_action_roles.role_code','',0x53555045525F54454C4C4552),(3510,232,'INSERT','INSERT','module_action_roles.module_action_id','',0x34),(3511,232,'INSERT','INSERT','module_action_roles.role_code','',0x53555045525F54454C4C4552),(3512,232,'INSERT','INSERT','module_action_roles.module_action_id','',0x35),(3513,232,'INSERT','INSERT','module_action_roles.role_code','',0x53555045525F54454C4C4552),(3514,232,'INSERT','INSERT','module_action_roles.module_action_id','',0x36),(3515,232,'INSERT','INSERT','module_action_roles.role_code','',0x53555045525F54454C4C4552),(3516,232,'INSERT','INSERT','module_action_roles.module_action_id','',0x3130),(3517,232,'INSERT','INSERT','module_action_roles.role_code','',0x53555045525F54454C4C4552),(3518,232,'INSERT','INSERT','module_action_roles.module_action_id','',0x3136),(3519,232,'INSERT','INSERT','module_action_roles.role_code','',0x53555045525F54454C4C4552),(3520,232,'INSERT','INSERT','module_action_roles.module_action_id','',0x3137),(3521,232,'INSERT','INSERT','module_action_roles.role_code','',0x53555045525F54454C4C4552),(3522,232,'INSERT','INSERT','module_action_roles.module_action_id','',0x3138),(3523,232,'INSERT','INSERT','module_action_roles.role_code','',0x53555045525F54454C4C4552),(3524,232,'INSERT','INSERT','module_action_roles.module_action_id','',0x3139),(3525,232,'INSERT','INSERT','module_action_roles.role_code','',0x53555045525F54454C4C4552),(3526,232,'INSERT','INSERT','module_action_roles.module_action_id','',0x3230),(3527,232,'INSERT','INSERT','module_action_roles.role_code','',0x53555045525F54454C4C4552),(3528,232,'INSERT','INSERT','module_action_roles.module_action_id','',0x3231),(3529,232,'INSERT','INSERT','module_action_roles.role_code','',0x53555045525F54454C4C4552),(3530,232,'INSERT','INSERT','module_action_roles.module_action_id','',0x3232),(3531,232,'INSERT','INSERT','module_action_roles.role_code','',0x53555045525F54454C4C4552),(3532,232,'INSERT','INSERT','module_action_roles.module_action_id','',0x3233),(3533,232,'INSERT','INSERT','module_action_roles.role_code','',0x53555045525F54454C4C4552),(3534,232,'INSERT','INSERT','module_action_roles.module_action_id','',0x3234),(3535,232,'INSERT','INSERT','module_action_roles.role_code','',0x53555045525F54454C4C4552),(3536,232,'INSERT','INSERT','module_action_roles.module_action_id','',0x3430),(3537,232,'INSERT','INSERT','module_action_roles.role_code','',0x53555045525F54454C4C4552),(3538,232,'INSERT','INSERT','module_action_roles.module_action_id','',0x3431),(3539,232,'INSERT','INSERT','module_action_roles.role_code','',0x53555045525F54454C4C4552),(3540,232,'INSERT','INSERT','module_action_roles.module_action_id','',0x3432),(3541,232,'INSERT','INSERT','module_action_roles.role_code','',0x53555045525F54454C4C4552),(3542,232,'INSERT','INSERT','module_action_roles.module_action_id','',0x3433),(3543,232,'INSERT','INSERT','module_action_roles.role_code','',0x53555045525F54454C4C4552),(3544,232,'INSERT','INSERT','module_action_roles.module_action_id','',0x3434),(3545,232,'INSERT','INSERT','module_action_roles.role_code','',0x53555045525F54454C4C4552),(3546,232,'INSERT','INSERT','module_action_roles.module_action_id','',0x3435),(3547,232,'INSERT','INSERT','module_action_roles.role_code','',0x53555045525F54454C4C4552),(3548,232,'INSERT','INSERT','module_action_roles.module_action_id','',0x3439),(3549,232,'INSERT','INSERT','module_action_roles.role_code','',0x53555045525F54454C4C4552),(3550,232,'INSERT','INSERT','module_action_roles.module_action_id','',0x3530),(3551,232,'INSERT','INSERT','module_action_roles.role_code','',0x53555045525F54454C4C4552),(3552,232,'INSERT','INSERT','module_action_roles.module_action_id','',0x3531),(3553,232,'INSERT','INSERT','module_action_roles.role_code','',0x53555045525F54454C4C4552),(3554,232,'INSERT','INSERT','module_action_roles.module_action_id','',0x3532),(3555,232,'INSERT','INSERT','module_action_roles.role_code','',0x53555045525F54454C4C4552),(3556,232,'INSERT','INSERT','module_action_roles.module_action_id','',0x3837),(3557,232,'INSERT','INSERT','module_action_roles.role_code','',0x53555045525F54454C4C4552),(3558,232,'INSERT','INSERT','module_action_roles.module_action_id','',0x3838),(3559,232,'INSERT','INSERT','module_action_roles.role_code','',0x53555045525F54454C4C4552),(3560,232,'INSERT','INSERT','module_action_roles.module_action_id','',0x3839),(3561,232,'INSERT','INSERT','module_action_roles.role_code','',0x53555045525F54454C4C4552),(3562,232,'INSERT','INSERT','module_action_roles.module_action_id','',0x3932),(3563,232,'INSERT','INSERT','module_action_roles.role_code','',0x53555045525F54454C4C4552),(3564,232,'INSERT','INSERT','module_action_roles.module_action_id','',0x3933),(3565,232,'INSERT','INSERT','module_action_roles.role_code','',0x53555045525F54454C4C4552),(3566,232,'INSERT','INSERT','module_action_roles.module_action_id','',0x313132),(3567,232,'INSERT','INSERT','module_action_roles.role_code','',0x53555045525F54454C4C4552),(3568,232,'INSERT','INSERT','module_action_roles.module_action_id','',0x313134),(3569,232,'INSERT','INSERT','module_action_roles.role_code','',0x53555045525F54454C4C4552),(3570,232,'INSERT','INSERT','module_action_roles.module_action_id','',0x313135),(3571,232,'INSERT','INSERT','module_action_roles.role_code','',0x53555045525F54454C4C4552),(3572,232,'INSERT','INSERT','module_action_roles.module_action_id','',0x313136),(3573,232,'INSERT','INSERT','module_action_roles.role_code','',0x53555045525F54454C4C4552),(3574,232,'INSERT','INSERT','module_action_roles.module_action_id','',0x313137),(3575,232,'INSERT','INSERT','module_action_roles.role_code','',0x53555045525F54454C4C4552),(3576,232,'INSERT','INSERT','module_action_roles.module_action_id','',0x313138),(3577,232,'INSERT','INSERT','module_action_roles.role_code','',0x53555045525F54454C4C4552),(3578,232,'INSERT','INSERT','module_action_roles.module_action_id','',0x313139),(3579,232,'INSERT','INSERT','module_action_roles.role_code','',0x53555045525F54454C4C4552),(3580,232,'INSERT','INSERT','module_action_roles.module_action_id','',0x313232),(3581,232,'INSERT','INSERT','module_action_roles.role_code','',0x53555045525F54454C4C4552),(3582,232,'INSERT','INSERT','module_action_roles.module_action_id','',0x313234),(3583,232,'INSERT','INSERT','module_action_roles.role_code','',0x53555045525F54454C4C4552),(3584,232,'INSERT','INSERT','module_action_roles.module_action_id','',0x313235),(3585,232,'INSERT','INSERT','module_action_roles.role_code','',0x53555045525F54454C4C4552),(3586,232,'INSERT','INSERT','module_action_roles.module_action_id','',0x313236),(3587,232,'INSERT','INSERT','module_action_roles.role_code','',0x53555045525F54454C4C4552),(3588,232,'INSERT','INSERT','module_action_roles.module_action_id','',0x313237),(3589,232,'INSERT','INSERT','module_action_roles.role_code','',0x53555045525F54454C4C4552),(3590,232,'INSERT','INSERT','module_action_roles.module_action_id','',0x313332),(3591,232,'INSERT','INSERT','module_action_roles.role_code','',0x53555045525F54454C4C4552),(3592,232,'INSERT','INSERT','module_action_roles.module_action_id','',0x313333),(3593,232,'INSERT','INSERT','module_action_roles.role_code','',0x53555045525F54454C4C4552),(3594,232,'INSERT','INSERT','module_action_roles.module_action_id','',0x313334),(3595,232,'INSERT','INSERT','module_action_roles.role_code','',0x53555045525F54454C4C4552),(3596,232,'INSERT','INSERT','module_action_roles.module_action_id','',0x313335),(3597,232,'INSERT','INSERT','module_action_roles.role_code','',0x53555045525F54454C4C4552),(3598,232,'INSERT','INSERT','module_action_roles.module_action_id','',0x313337),(3599,232,'INSERT','INSERT','module_action_roles.role_code','',0x53555045525F54454C4C4552),(3600,232,'INSERT','INSERT','module_action_roles.module_action_id','',0x313338),(3601,232,'INSERT','INSERT','module_action_roles.role_code','',0x53555045525F54454C4C4552),(3602,232,'INSERT','INSERT','module_action_roles.module_action_id','',0x313339),(3603,232,'INSERT','INSERT','module_action_roles.role_code','',0x53555045525F54454C4C4552),(3604,232,'INSERT','INSERT','module_action_roles.module_action_id','',0x313430),(3605,232,'INSERT','INSERT','module_action_roles.role_code','',0x53555045525F54454C4C4552),(3606,232,'INSERT','INSERT','module_action_roles.module_action_id','',0x313431),(3607,232,'INSERT','INSERT','module_action_roles.role_code','',0x53555045525F54454C4C4552),(3608,232,'INSERT','INSERT','module_action_roles.module_action_id','',0x313432),(3609,232,'INSERT','INSERT','module_action_roles.role_code','',0x53555045525F54454C4C4552),(3610,232,'INSERT','INSERT','module_action_roles.module_action_id','',0x313433),(3611,232,'INSERT','INSERT','module_action_roles.role_code','',0x53555045525F54454C4C4552),(3612,232,'INSERT','INSERT','module_action_roles.module_action_id','',0x313434),(3613,232,'INSERT','INSERT','module_action_roles.role_code','',0x53555045525F54454C4C4552),(3614,232,'INSERT','INSERT','module_action_roles.module_action_id','',0x313435),(3615,232,'INSERT','INSERT','module_action_roles.role_code','',0x53555045525F54454C4C4552),(3616,232,'INSERT','INSERT','module_action_roles.module_action_id','',0x313436),(3617,232,'INSERT','INSERT','module_action_roles.role_code','',0x53555045525F54454C4C4552),(3618,232,'INSERT','INSERT','module_action_roles.module_action_id','',0x313437),(3619,232,'INSERT','INSERT','module_action_roles.role_code','',0x53555045525F54454C4C4552),(3620,232,'INSERT','INSERT','module_action_roles.module_action_id','',0x313438),(3621,232,'INSERT','INSERT','module_action_roles.role_code','',0x53555045525F54454C4C4552),(3622,232,'INSERT','INSERT','module_action_roles.module_action_id','',0x313439),(3623,232,'INSERT','INSERT','module_action_roles.role_code','',0x53555045525F54454C4C4552),(3624,232,'INSERT','INSERT','module_action_roles.module_action_id','',0x313530),(3625,232,'INSERT','INSERT','module_action_roles.role_code','',0x53555045525F54454C4C4552),(3626,232,'INSERT','INSERT','module_action_roles.module_action_id','',0x313531),(3627,232,'INSERT','INSERT','module_action_roles.role_code','',0x53555045525F54454C4C4552),(3628,232,'INSERT','INSERT','module_action_roles.module_action_id','',0x313532),(3629,232,'INSERT','INSERT','module_action_roles.role_code','',0x53555045525F54454C4C4552),(3630,232,'INSERT','INSERT','module_action_roles.module_action_id','',0x313533),(3631,232,'INSERT','INSERT','module_action_roles.role_code','',0x53555045525F54454C4C4552),(3632,232,'INSERT','INSERT','module_action_roles.module_action_id','',0x313534),(3633,232,'INSERT','INSERT','module_action_roles.role_code','',0x53555045525F54454C4C4552),(3634,232,'INSERT','INSERT','module_action_roles.module_action_id','',0x313535),(3635,232,'INSERT','INSERT','module_action_roles.role_code','',0x53555045525F54454C4C4552),(3636,232,'INSERT','INSERT','module_action_roles.module_action_id','',0x313536),(3637,232,'INSERT','INSERT','module_action_roles.role_code','',0x53555045525F54454C4C4552),(3638,258,'ocbs_core','INSERT','users.user_id','',0x37),(3639,258,'ocbs_core','INSERT','users.org_code','',0x414E49),(3640,258,'ocbs_core','INSERT','users.password','',0x3639343431396330343362623666373039303763656538346465656531653535643663323861366463346465373363623262666536643263643962373635653461313265333564383663646464643832653237373664653630643333666331313566643263643736396635643262356165313436353133363337346337623837),(3641,258,'ocbs_core','INSERT','users.salt','',0x3437633435303961383038363837316538616665323162306539313730323334613532633838633939366137393335373937666365343835623965386237653033383630636661363837343437613134336264643566653064333638653434613863313864653533356636393162613935383137636165623966323461373938),(3642,258,'ocbs_core','INSERT','users.gender','',0x47454E4445525F4D414C45),(3643,258,'ocbs_core','INSERT','users.photo','',0x383868663049566C5135676B673230323030363133356565343536346365646465662E706E67),(3644,258,'ocbs_core','INSERT','users.status','',0x5354415455535F414354495645),(3645,258,'ocbs_core','INSERT','users.initial_flag','',0x31),(3646,258,'ocbs_core','INSERT','users.receive_email_flag','',0x59),(3647,258,'ocbs_core','INSERT','users.receive_sms_flag','',0x4E),(3648,258,'ocbs_core','INSERT','users.fname','',0x44652056657261),(3649,258,'ocbs_core','INSERT','users.lname','',0x4A6F73657068),(3650,258,'ocbs_core','INSERT','users.email','',0x6465766572616A6F73657068706163656C6F40676D61696C2E636F6D),(3651,258,'ocbs_core','INSERT','users.mname','',0x506163656C6F),(3652,258,'ocbs_core','INSERT','users.username','',0x61646D696E2E6A6F73657068),(3653,258,'ocbs_core','INSERT','users.nickname','',0x6F736570),(3654,258,'ocbs_core','INSERT','users.job_title','',0x54656C6C6572),(3655,258,'ocbs_core','INSERT','users.mobile_no','',0x39303532353136363432),(3656,263,'ocbs_core','UPDATE','users.password',0x3639343431396330343362623666373039303763656538346465656531653535643663323861366463346465373363623262666536643263643962373635653461313265333564383663646464643832653237373664653630643333666331313566643263643736396635643262356165313436353133363337346337623837,0x6436663331366431346332636137363132636332646366613433356565663538346365616161383632363466646366636664353935623339363164313063646434316262363265303034313433646535643235333763346134636132303732626332383832343935636635623139336361656433316261633163646634306330),(3657,263,'ocbs_core','UPDATE','users.salt',0x3437633435303961383038363837316538616665323162306539313730323334613532633838633939366137393335373937666365343835623965386237653033383630636661363837343437613134336264643566653064333638653434613863313864653533356636393162613935383137636165623966323461373938,0x6435643762636131653632386130383734373936366536343730303562356233646137323331313735303762663737626537376532643834353432383665333361313133653637643832336432633234333538656535643335336565363735313164363538323036643837653461383437333266353037356363636234303564),(3658,263,'ocbs_core','UPDATE','users.initial_flag',0x31,0x30),(3659,269,'ocbs_core','UPDATE','users.photo',0x383868663049566C5135676B673230323030363133356565343536346365646465662E706E67,0x636157695A62494C4969413230323030363133356565343733306433353062652E6A7067),(3660,274,'ocbs_core','DELETE','users.user_id',0x37,''),(3661,274,'ocbs_core','DELETE','users.location_code',NULL,''),(3662,274,'ocbs_core','DELETE','users.org_code',0x414E49,''),(3663,274,'ocbs_core','DELETE','users.password',0x6436663331366431346332636137363132636332646366613433356565663538346365616161383632363466646366636664353935623339363164313063646434316262363265303034313433646535643235333763346134636132303732626332383832343935636635623139336361656433316261633163646634306330,''),(3664,274,'ocbs_core','DELETE','users.salt',0x6435643762636131653632386130383734373936366536343730303562356233646137323331313735303762663737626537376532643834353432383665333361313133653637643832336432633234333538656535643335336565363735313164363538323036643837653461383437333266353037356363636234303564,''),(3665,274,'ocbs_core','DELETE','users.reset_salt','',''),(3666,274,'ocbs_core','DELETE','users.gender',0x47454E4445525F4D414C45,''),(3667,274,'ocbs_core','DELETE','users.photo',0x636157695A62494C4969413230323030363133356565343733306433353062652E6A7067,''),(3668,274,'ocbs_core','DELETE','users.logged_in_flag',0x31,''),(3669,274,'ocbs_core','DELETE','users.mail_flag',0x30,''),(3670,274,'ocbs_core','DELETE','users.contact_flag',0x30,''),(3671,274,'ocbs_core','DELETE','users.status',0x5354415455535F414354495645,''),(3672,274,'ocbs_core','DELETE','users.reason',NULL,''),(3673,274,'ocbs_core','DELETE','users.attempts',0x30,''),(3674,274,'ocbs_core','DELETE','users.initial_flag',0x30,''),(3675,274,'ocbs_core','DELETE','users.pw_email_flag',0x30,''),(3676,274,'ocbs_core','DELETE','users.last_logged_in_date',NULL,''),(3677,274,'ocbs_core','DELETE','users.built_in_flag',0x30,''),(3678,274,'ocbs_core','DELETE','users.receive_email_flag',0x59,''),(3679,274,'ocbs_core','DELETE','users.receive_sms_flag',0x4E,''),(3680,274,'ocbs_core','DELETE','users.fname',0x44652056657261,''),(3681,274,'ocbs_core','DELETE','users.lname',0x4A6F73657068,''),(3682,274,'ocbs_core','DELETE','users.email',0x6465766572616A6F73657068706163656C6F40676D61696C2E636F6D,''),(3683,274,'ocbs_core','DELETE','users.mname',0x506163656C6F,''),(3684,274,'ocbs_core','DELETE','users.ext_name',NULL,''),(3685,274,'ocbs_core','DELETE','users.username',0x61646D696E2E6A6F73657068,''),(3686,274,'ocbs_core','DELETE','users.nickname',0x6F736570,''),(3687,274,'ocbs_core','DELETE','users.job_title',0x54656C6C6572,''),(3688,274,'ocbs_core','DELETE','users.contact_no','',''),(3689,274,'ocbs_core','DELETE','users.mobile_no',0x39303532353136363432,''),(3690,275,'ocbs_core','INSERT','users.user_id','',0x38),(3691,275,'ocbs_core','INSERT','users.org_code','',0x414E49),(3692,275,'ocbs_core','INSERT','users.password','',0x6664363431383532623837666133653966336439633333336536313166356337663038386133303936316235613665613635376564643838356264386236656565313034623836386262353964636562346462343839353466303962346137653731616634396635303339393333663330323739373132653361353538616338),(3693,275,'ocbs_core','INSERT','users.salt','',0x6139663430306662396132373534386261303136313439306361376265653735616438313133313864613732613534323562616262353361323833316336643936616363666262376531646361376361376564656635633063666236626230613730386365373938333863643532636361623838326163636431333739316165),(3694,275,'ocbs_core','INSERT','users.gender','',0x47454E4445525F4D414C45),(3695,275,'ocbs_core','INSERT','users.photo','',0x3264664F544F33446E7064343230323030363133356565343939643938626231312E6A7067),(3696,275,'ocbs_core','INSERT','users.status','',0x5354415455535F414354495645),(3697,275,'ocbs_core','INSERT','users.initial_flag','',0x31),(3698,275,'ocbs_core','INSERT','users.receive_email_flag','',0x4E),(3699,275,'ocbs_core','INSERT','users.receive_sms_flag','',0x4E),(3700,275,'ocbs_core','INSERT','users.fname','',0x44652056657261),(3701,275,'ocbs_core','INSERT','users.lname','',0x4A6F73657068),(3702,275,'ocbs_core','INSERT','users.email','',0x6465766572616A6F73657068706163656C6F40676D61696C2E636F6D),(3703,275,'ocbs_core','INSERT','users.mname','',0x502E),(3704,275,'ocbs_core','INSERT','users.username','',0x61646D696E2E6A6F73657068),(3705,275,'ocbs_core','INSERT','users.job_title','',0x50726F6772616D6D6572),(3706,276,'ocbs_core','INSERT','users.user_id','',0x39),(3707,276,'ocbs_core','INSERT','users.org_code','',0x414E49),(3708,276,'ocbs_core','INSERT','users.password','',0x6563383639623433363532396636646337396430623530633238383763626137336434333261613838636664643535663731303431613666383737643935383034623438663866336363633836626331363631323966386535636133313562373431333661316632393032336562343564653232623638323563396136646334),(3709,276,'ocbs_core','INSERT','users.salt','',0x6433656434333136396562646333363165333036636339653935353633336630353033656230376636633365343639623461666564666431333531636261373361346136346536326237376539623832306166653062613534626264646364386465643837646637363264313565363235356534636531393666613333623861),(3710,276,'ocbs_core','INSERT','users.gender','',0x47454E4445525F4D414C45),(3711,276,'ocbs_core','INSERT','users.photo','',0x3264664F544F33446E7064343230323030363133356565343939643938626231312E6A7067),(3712,276,'ocbs_core','INSERT','users.status','',0x5354415455535F414354495645),(3713,276,'ocbs_core','INSERT','users.initial_flag','',0x31),(3714,276,'ocbs_core','INSERT','users.receive_email_flag','',0x4E),(3715,276,'ocbs_core','INSERT','users.receive_sms_flag','',0x4E),(3716,276,'ocbs_core','INSERT','users.fname','',0x44652056657261),(3717,276,'ocbs_core','INSERT','users.lname','',0x4A6F73657068),(3718,276,'ocbs_core','INSERT','users.email','',0x6465766572616A6F73657068706163656C6F40676D61696C2E636F6D),(3719,276,'ocbs_core','INSERT','users.mname','',0x502E),(3720,276,'ocbs_core','INSERT','users.username','',0x61646D696E2E6A6F73657068),(3721,276,'ocbs_core','INSERT','users.job_title','',0x50726F6772616D6D6572),(3722,281,'ocbs_core','UPDATE','users.password',0x6563383639623433363532396636646337396430623530633238383763626137336434333261613838636664643535663731303431613666383737643935383034623438663866336363633836626331363631323966386535636133313562373431333661316632393032336562343564653232623638323563396136646334,0x3433633064396361363262633264356237613264376466666665616239616433613562636263653030343139623031663934613532353364343761613738383261383061663266386337376661323436653364323464663438353964613734306238656333353465333265653430363039656531393237343066653232646666),(3723,281,'ocbs_core','UPDATE','users.salt',0x6433656434333136396562646333363165333036636339653935353633336630353033656230376636633365343639623461666564666431333531636261373361346136346536326237376539623832306166653062613534626264646364386465643837646637363264313565363235356534636531393666613333623861,0x6463356337653531643562666661666238393666363864303039643338653339373466613534323665663132633161356362643366313065346533373464333162653638323239303066313438616634306164303339316638363438666631396530363736363337363661333135363963383862313564373733386562323965),(3724,281,'ocbs_core','UPDATE','users.initial_flag',0x31,0x30),(3725,282,'ocbs_core','DELETE','users.user_id',0x35,''),(3726,282,'ocbs_core','DELETE','users.location_code',NULL,''),(3727,282,'ocbs_core','DELETE','users.org_code',0x414E49,''),(3728,282,'ocbs_core','DELETE','users.password',0x6665323232646465626465356539373830623361343539343561343936356431356134396561393530366436303165396139623137386634303761303961383130376566336638396535326136623264343062356333343734303661666230633437323838393034346563633566313962356230633038616338386333343065,''),(3729,282,'ocbs_core','DELETE','users.salt',0x6437306563303737396566623564643263646632343865313833306236643166313038383235663232666631633530306664653133303563623964316364386264303238633765653630636666623466643332313366633065666462393835616662356365633130383431653833363430616437373639383535633038383961,''),(3730,282,'ocbs_core','DELETE','users.reset_salt','',''),(3731,282,'ocbs_core','DELETE','users.gender',0x47454E4445525F4D414C45,''),(3732,282,'ocbs_core','DELETE','users.photo',NULL,''),(3733,282,'ocbs_core','DELETE','users.logged_in_flag',0x30,''),(3734,282,'ocbs_core','DELETE','users.mail_flag',0x31,''),(3735,282,'ocbs_core','DELETE','users.contact_flag',0x30,''),(3736,282,'ocbs_core','DELETE','users.status',0x5354415455535F414354495645,''),(3737,282,'ocbs_core','DELETE','users.reason',NULL,''),(3738,282,'ocbs_core','DELETE','users.attempts',0x30,''),(3739,282,'ocbs_core','DELETE','users.initial_flag',0x30,''),(3740,282,'ocbs_core','DELETE','users.pw_email_flag',0x30,''),(3741,282,'ocbs_core','DELETE','users.last_logged_in_date',NULL,''),(3742,282,'ocbs_core','DELETE','users.built_in_flag',0x30,''),(3743,282,'ocbs_core','DELETE','users.receive_email_flag',0x59,''),(3744,282,'ocbs_core','DELETE','users.receive_sms_flag',0x59,''),(3745,282,'ocbs_core','DELETE','users.fname',NULL,''),(3746,282,'ocbs_core','DELETE','users.lname',0x7A8C478810CFBF0760,''),(3747,282,'ocbs_core','DELETE','users.email',0xEFC9E8D58CB9449569FE6D6D41AD79A9B8BC,''),(3748,282,'ocbs_core','DELETE','users.mname',0x6B5F,''),(3749,282,'ocbs_core','DELETE','users.ext_name',NULL,''),(3750,282,'ocbs_core','DELETE','users.username',NULL,''),(3751,282,'ocbs_core','DELETE','users.nickname',0x6B5F,''),(3752,282,'ocbs_core','DELETE','users.job_title',NULL,''),(3753,282,'ocbs_core','DELETE','users.contact_no',0x6B5F,''),(3754,282,'ocbs_core','DELETE','users.mobile_no',0x6B5F,''),(3755,283,'ocbs_core','UPDATE','users.password',0x3364343162313764383663643732383630613939636639396438616361646266636563353738353238613637386635613538303461623735333239353232363066636630373930343436306636393739363539353630386566633936303165316462656636613232323239326262623432356135386138363031333330323738,0x3234313261626330626136373439303630613932636130353534396466633966326164333632393337333935646339623936363665303833346338623137383362323336303331656434633435613663633736346531303131356665626135313863353433613733323539343266353031316265623163323364366238303533),(3756,283,'ocbs_core','UPDATE','users.salt',0x3666646230333435366664656438393338633735386630623531653935633133653333393363393337306434376464333763366133313038313135666633386164393266643738356636343130306434323034363538303439666537643765666238396439323733326635393563313537386539316131353535326535316636,0x6535663763353265366137663232313639303438356330613830326334373061383632353764306536633662656235356139613137376663646431333063313839373761636439333936326465623166383330383434366463383136303763346433646137346138336238333337626436383130323330656336323834656563),(3757,283,'ocbs_core','UPDATE','users.receive_email_flag',0x59,0x4E),(3758,283,'ocbs_core','UPDATE','users.receive_sms_flag',0x59,0x4E),(3759,283,'ocbs_core','UPDATE','users.fname',NULL,0x54656C6C6572),(3760,283,'ocbs_core','UPDATE','users.lname',NULL,0x5375706572),(3761,283,'ocbs_core','UPDATE','users.email',0xF2C2B107FF8D3D1FC17997054270B4376B5F,0x73757065722E74656C6C657240676D61696C2E636F6D),(3762,283,'ocbs_core','UPDATE','users.mname',0x6B5F,''),(3763,283,'ocbs_core','UPDATE','users.username',NULL,0x73757065722E74656C6C6572),(3764,283,'ocbs_core','UPDATE','users.nickname',0x6B5F,0x54656C6C6572),(3765,283,'ocbs_core','UPDATE','users.job_title',0x6B5F,''),(3766,283,'ocbs_core','UPDATE','users.contact_no',0x6B5F,''),(3767,283,'ocbs_core','UPDATE','users.mobile_no',0x6B5F,''),(3768,284,'ocbs_core','UPDATE','users.password',0x3364343162313764383663643732383630613939636639396438616361646266636563353738353238613637386635613538303461623735333239353232363066636630373930343436306636393739363539353630386566633936303165316462656636613232323239326262623432356135386138363031333330323738,0x6263383935313962643639623736633330303435646261356662353434616235323165653338626536396131643862646133633962353166623636623164333561306233396238356136313731623866623137393239373133663939356430326364386361643535346363303232383561633537343137626437613235313331),(3769,284,'ocbs_core','UPDATE','users.salt',0x3666646230333435366664656438393338633735386630623531653935633133653333393363393337306434376464333763366133313038313135666633386164393266643738356636343130306434323034363538303439666537643765666238396439323733326635393563313537386539316131353535326535316636,0x3932346565373630313465613666386535316463633862653537376165366437366632623439616135383238343439636633623862656266396665373238376563316464623631633964613234346137323036353833353061383135376334333431633662303031633033343236323937346138316162353439616230306663),(3770,284,'ocbs_core','UPDATE','users.fname',NULL,0x4D616E75656C),(3771,284,'ocbs_core','UPDATE','users.lname',NULL,0x426F786173),(3772,284,'ocbs_core','UPDATE','users.email',NULL,0x61646D696E6973747261746F7240676D61696C2E636F6D),(3773,284,'ocbs_core','UPDATE','users.username',NULL,0x61646D696E6973747261746F72),(3774,285,'ocbs_core','DELETE','users.user_id',0x38,''),(3775,285,'ocbs_core','DELETE','users.location_code',NULL,''),(3776,285,'ocbs_core','DELETE','users.org_code',0x414E49,''),(3777,285,'ocbs_core','DELETE','users.password',0x6664363431383532623837666133653966336439633333336536313166356337663038386133303936316235613665613635376564643838356264386236656565313034623836386262353964636562346462343839353466303962346137653731616634396635303339393333663330323739373132653361353538616338,''),(3778,285,'ocbs_core','DELETE','users.salt',0x6139663430306662396132373534386261303136313439306361376265653735616438313133313864613732613534323562616262353361323833316336643936616363666262376531646361376361376564656635633063666236626230613730386365373938333863643532636361623838326163636431333739316165,''),(3779,285,'ocbs_core','DELETE','users.reset_salt',NULL,''),(3780,285,'ocbs_core','DELETE','users.gender',0x47454E4445525F4D414C45,''),(3781,285,'ocbs_core','DELETE','users.photo',0x3264664F544F33446E7064343230323030363133356565343939643938626231312E6A7067,''),(3782,285,'ocbs_core','DELETE','users.logged_in_flag',0x30,''),(3783,285,'ocbs_core','DELETE','users.mail_flag',0x30,''),(3784,285,'ocbs_core','DELETE','users.contact_flag',0x30,''),(3785,285,'ocbs_core','DELETE','users.status',0x5354415455535F414354495645,''),(3786,285,'ocbs_core','DELETE','users.reason',NULL,''),(3787,285,'ocbs_core','DELETE','users.attempts',0x30,''),(3788,285,'ocbs_core','DELETE','users.initial_flag',0x31,''),(3789,285,'ocbs_core','DELETE','users.pw_email_flag',0x30,''),(3790,285,'ocbs_core','DELETE','users.last_logged_in_date',NULL,''),(3791,285,'ocbs_core','DELETE','users.built_in_flag',0x30,''),(3792,285,'ocbs_core','DELETE','users.receive_email_flag',0x4E,''),(3793,285,'ocbs_core','DELETE','users.receive_sms_flag',0x4E,''),(3794,285,'ocbs_core','DELETE','users.fname',NULL,''),(3795,285,'ocbs_core','DELETE','users.lname',NULL,''),(3796,285,'ocbs_core','DELETE','users.email',NULL,''),(3797,285,'ocbs_core','DELETE','users.mname',NULL,''),(3798,285,'ocbs_core','DELETE','users.ext_name',NULL,''),(3799,285,'ocbs_core','DELETE','users.username',NULL,''),(3800,285,'ocbs_core','DELETE','users.nickname',0x6B5F,''),(3801,285,'ocbs_core','DELETE','users.job_title',NULL,''),(3802,285,'ocbs_core','DELETE','users.contact_no',0x6B5F,''),(3803,285,'ocbs_core','DELETE','users.mobile_no',0x6B5F,''),(3804,315,'ocbs_core','INSERT','users.user_id','',0x3130),(3805,315,'ocbs_core','INSERT','users.org_code','',0x5343),(3806,315,'ocbs_core','INSERT','users.password','',0x3537363232383931666635656538333365303535373339356635656564356432323335343831636135643332643638393437363763353238343938353266393865633134643363616334643764383934663334633431386461396133303839386461383665613064656366643765316264396339336466343132613938656333),(3807,315,'ocbs_core','INSERT','users.salt','',0x3836666263643662323763613364626231333139386365386436623135663330643933386665656536613166346233303636373835373833383637353464366463616334393638393032666434306562303738663333353535363532396139633963343033623761666637626432636436376638383834316461386666333733),(3808,315,'ocbs_core','INSERT','users.gender','',0x47454E4445525F46454D414C45),(3809,315,'ocbs_core','INSERT','users.photo','',0x613972324E414C465A376166673230323030363133356565346134386332626338352E6A7067),(3810,315,'ocbs_core','INSERT','users.status','',0x5354415455535F414354495645),(3811,315,'ocbs_core','INSERT','users.initial_flag','',0x31),(3812,315,'ocbs_core','INSERT','users.receive_email_flag','',0x4E),(3813,315,'ocbs_core','INSERT','users.receive_sms_flag','',0x4E),(3814,315,'ocbs_core','INSERT','users.fname','',0x4D4152494120434C415241),(3815,315,'ocbs_core','INSERT','users.lname','',0x524F584153),(3816,315,'ocbs_core','INSERT','users.email','',0x6D61726961636C61726140676D61696C2E636F6D),(3817,315,'ocbs_core','INSERT','users.mname','',0x422E),(3818,315,'ocbs_core','INSERT','users.username','',0x73757065722E74656C6C6572),(3819,315,'ocbs_core','INSERT','users.nickname','',0x6D61726961636C617261),(3820,315,'ocbs_core','INSERT','users.job_title','',0x54656C6C6572),(3821,320,'ocbs_core','UPDATE','users.password',0x3537363232383931666635656538333365303535373339356635656564356432323335343831636135643332643638393437363763353238343938353266393865633134643363616334643764383934663334633431386461396133303839386461383665613064656366643765316264396339336466343132613938656333,0x3436633332656439303262616463383234343434643136333862353937616166643031663262353237633835333134353537656432376564636236666234636163643361653663353537353132616566653364626438333333616662336364383631346630393232363662386333343535656239653430323662643037613965),(3822,320,'ocbs_core','UPDATE','users.salt',0x3836666263643662323763613364626231333139386365386436623135663330643933386665656536613166346233303636373835373833383637353464366463616334393638393032666434306562303738663333353535363532396139633963343033623761666637626432636436376638383834316461386666333733,0x3864346430386162343566363161616366316439326137663962623636363431623266613435636463386165303430343436656130333030306636376537633635356239313033396632626539343234616430383531306666343239313063613465623763306364383235326466373363626461336633353962336431376162),(3823,320,'ocbs_core','UPDATE','users.initial_flag',0x31,0x30),(3824,323,'ocbs','INSERT','gl_types.height','',0x313637),(3825,323,'ocbs','INSERT','gl_types.weight','',0x3630),(3826,323,'ocbs','INSERT','gl_types.ext_name','',0xFC3782F1B9570B4FA5E61A25F92F3066),(3827,323,'ocbs','INSERT','gl_types.sex_code','',0x4D),(3828,323,'ocbs','INSERT','gl_types.last_name','',0xDEB89FA55A7585D3D674A6D71421DEDA),(3829,323,'ocbs','INSERT','gl_types.birth_date','',0xEA52F5F46841F660909870CE6B1D3D2C),(3830,323,'ocbs','INSERT','gl_types.first_name','',0x5DCC3E1A2337C33D85F78AA7270E96D1),(3831,323,'ocbs','INSERT','gl_types.middle_name','',0x09417941C53AEE7C5ACE6C1C93018C4D),(3832,323,'ocbs','INSERT','gl_types.birth_place','',0xC73EFD1BDA8EEBDA367FF398B8D31C876BC7C0043C8430617ACF7FA553D828E5),(3833,323,'ocbs','INSERT','gl_types.maiden_name','',NULL),(3834,323,'ocbs','INSERT','gl_types.religion_id','',0x3135),(3835,323,'ocbs','INSERT','gl_types.blood_type_id','',0x38),(3836,323,'ocbs','INSERT','gl_types.civil_status_id','',0x31),(3837,323,'ocbs','INSERT','gl_types.citizenship_type','',0x46),(3838,324,'ocbs','INSERT','gl_types.last_name','',0xDEB89FA55A7585D3D674A6D71421DEDA),(3839,324,'ocbs','INSERT','gl_types.first_name','',0x5DCC3E1A2337C33D85F78AA7270E96D1),(3840,324,'ocbs','INSERT','gl_types.middle_name','',0x09417941C53AEE7C5ACE6C1C93018C4D),(3841,324,'ocbs','INSERT','gl_types.ext_name','',0xFC3782F1B9570B4FA5E61A25F92F3066),(3842,324,'ocbs','INSERT','gl_types.maiden_name','',NULL),(3843,324,'ocbs','INSERT','gl_types.birth_date','',0xEA52F5F46841F660909870CE6B1D3D2C),(3844,324,'ocbs','INSERT','gl_types.birth_place','',0xC73EFD1BDA8EEBDA367FF398B8D31C876BC7C0043C8430617ACF7FA553D828E5),(3845,324,'ocbs','INSERT','gl_types.sex_code','',0x4D),(3846,324,'ocbs','INSERT','gl_types.civil_status_id','',0x31),(3847,324,'ocbs','INSERT','gl_types.religion_id','',0x3135),(3848,324,'ocbs','INSERT','gl_types.height','',0x313637),(3849,324,'ocbs','INSERT','gl_types.weight','',0x3630),(3850,324,'ocbs','INSERT','gl_types.blood_type_id','',0x38),(3851,324,'ocbs','INSERT','gl_types.citizenship_type','',0x46),(3852,325,'ocbs','INSERT','gl_types.last_name','',0xDEB89FA55A7585D3D674A6D71421DEDA),(3853,325,'ocbs','INSERT','gl_types.first_name','',0x5DCC3E1A2337C33D85F78AA7270E96D1),(3854,325,'ocbs','INSERT','gl_types.middle_name','',0x09417941C53AEE7C5ACE6C1C93018C4D),(3855,325,'ocbs','INSERT','gl_types.ext_name','',0xFC3782F1B9570B4FA5E61A25F92F3066),(3856,325,'ocbs','INSERT','gl_types.maiden_name','',NULL),(3857,325,'ocbs','INSERT','gl_types.birth_date','',0xEA52F5F46841F660909870CE6B1D3D2C),(3858,325,'ocbs','INSERT','gl_types.birth_place','',0xC73EFD1BDA8EEBDA367FF398B8D31C876BC7C0043C8430617ACF7FA553D828E5),(3859,325,'ocbs','INSERT','gl_types.sex_code','',0x4D),(3860,325,'ocbs','INSERT','gl_types.civil_status_id','',0x31),(3861,325,'ocbs','INSERT','gl_types.religion_id','',0x3135),(3862,325,'ocbs','INSERT','gl_types.height','',0x313637),(3863,325,'ocbs','INSERT','gl_types.weight','',0x3630),(3864,325,'ocbs','INSERT','gl_types.blood_type_id','',0x38),(3865,325,'ocbs','INSERT','gl_types.citizenship_type','',0x46),(3866,326,'ocbs','INSERT','gl_types.last_name','',0xDEB89FA55A7585D3D674A6D71421DEDA),(3867,326,'ocbs','INSERT','gl_types.first_name','',0x5DCC3E1A2337C33D85F78AA7270E96D1),(3868,326,'ocbs','INSERT','gl_types.middle_name','',0x09417941C53AEE7C5ACE6C1C93018C4D),(3869,326,'ocbs','INSERT','gl_types.ext_name','',0xFC3782F1B9570B4FA5E61A25F92F3066),(3870,326,'ocbs','INSERT','gl_types.maiden_name','',NULL),(3871,326,'ocbs','INSERT','gl_types.birth_date','',0xEA52F5F46841F660909870CE6B1D3D2C),(3872,326,'ocbs','INSERT','gl_types.birth_place','',0xC73EFD1BDA8EEBDA367FF398B8D31C876BC7C0043C8430617ACF7FA553D828E5),(3873,326,'ocbs','INSERT','gl_types.sex_code','',0x4D),(3874,326,'ocbs','INSERT','gl_types.civil_status_id','',0x31),(3875,326,'ocbs','INSERT','gl_types.religion_id','',0x3135),(3876,326,'ocbs','INSERT','gl_types.height','',0x313637),(3877,326,'ocbs','INSERT','gl_types.weight','',0x3630),(3878,326,'ocbs','INSERT','gl_types.blood_type_id','',0x38),(3879,326,'ocbs','INSERT','gl_types.citizenship_type','',0x46);
/*!40000 ALTER TABLE `audit_trail_detail` ENABLE KEYS */;
UNLOCK TABLES;

--
-- Table structure for table `authentication_factor_sections`
--

DROP TABLE IF EXISTS `authentication_factor_sections`;
/*!40101 SET @saved_cs_client     = @@character_set_client */;
/*!40101 SET character_set_client = utf8 */;
CREATE TABLE `authentication_factor_sections` (
  `authentication_factor_section` varchar(50) NOT NULL,
  `authentication_factor_id` int(11) unsigned NOT NULL,
  `created_by` mediumint(8) unsigned NOT NULL,
  `created_date` datetime NOT NULL,
  `modified_by` mediumint(8) unsigned DEFAULT NULL,
  `modified_date` timestamp NULL DEFAULT NULL ON UPDATE CURRENT_TIMESTAMP,
  PRIMARY KEY (`authentication_factor_section`,`authentication_factor_id`),
  KEY `created_by` (`created_by`),
  KEY `modified_by` (`modified_by`),
  KEY `authentication_factor_id` (`authentication_factor_id`),
  CONSTRAINT `authentication_factor_sections_ibff_3` FOREIGN KEY (`modified_by`) REFERENCES `users` (`user_id`) ON DELETE NO ACTION ON UPDATE CASCADE,
  CONSTRAINT `authentication_factor_sections_ibfk_1` FOREIGN KEY (`authentication_factor_id`) REFERENCES `authentication_factors` (`authentication_factor_id`) ON DELETE NO ACTION ON UPDATE CASCADE,
  CONSTRAINT `authentication_factor_sections_ibfk_2` FOREIGN KEY (`created_by`) REFERENCES `users` (`user_id`) ON DELETE NO ACTION ON UPDATE CASCADE
) ENGINE=InnoDB DEFAULT CHARSET=utf8;
/*!40101 SET character_set_client = @saved_cs_client */;

--
-- Dumping data for table `authentication_factor_sections`
--

LOCK TABLES `authentication_factor_sections` WRITE;
/*!40000 ALTER TABLE `authentication_factor_sections` DISABLE KEYS */;
INSERT INTO `authentication_factor_sections` VALUES ('AUTH_SECTION_ACCOUNT',1,1,'2019-01-01 00:00:00',NULL,NULL),('AUTH_SECTION_ACCOUNT',2,1,'2019-01-01 00:00:00',NULL,NULL),('AUTH_SECTION_LOGIN',1,1,'2019-01-01 00:00:00',NULL,NULL),('AUTH_SECTION_LOGIN',2,1,'2019-01-01 00:00:00',NULL,NULL),('AUTH_SECTION_PASSWORD',2,1,'2019-01-01 00:00:00',NULL,NULL);
/*!40000 ALTER TABLE `authentication_factor_sections` ENABLE KEYS */;
UNLOCK TABLES;

--
-- Table structure for table `authentication_factors`
--

DROP TABLE IF EXISTS `authentication_factors`;
/*!40101 SET @saved_cs_client     = @@character_set_client */;
/*!40101 SET character_set_client = utf8 */;
CREATE TABLE `authentication_factors` (
  `authentication_factor_id` int(11) unsigned NOT NULL AUTO_INCREMENT,
  `authentication_factor` varchar(255) DEFAULT NULL,
  `created_by` mediumint(8) unsigned NOT NULL,
  `created_date` datetime NOT NULL,
  `modified_by` mediumint(8) unsigned DEFAULT NULL,
  `modified_date` timestamp NULL DEFAULT NULL ON UPDATE CURRENT_TIMESTAMP,
  PRIMARY KEY (`authentication_factor_id`),
  KEY `created_by` (`created_by`),
  KEY `modified_by` (`modified_by`),
  CONSTRAINT `authentication_factors_ibff_3` FOREIGN KEY (`modified_by`) REFERENCES `users` (`user_id`) ON DELETE NO ACTION ON UPDATE CASCADE,
  CONSTRAINT `authentication_factors_ibfk_2` FOREIGN KEY (`created_by`) REFERENCES `users` (`user_id`) ON DELETE NO ACTION ON UPDATE CASCADE
) ENGINE=InnoDB AUTO_INCREMENT=3 DEFAULT CHARSET=utf8;
/*!40101 SET character_set_client = @saved_cs_client */;

--
-- Dumping data for table `authentication_factors`
--

LOCK TABLES `authentication_factors` WRITE;
/*!40000 ALTER TABLE `authentication_factors` DISABLE KEYS */;
INSERT INTO `authentication_factors` VALUES (1,'Email Verification Code',1,'2019-01-01 00:00:00',NULL,NULL),(2,'Mobile OTP',1,'2019-01-01 00:00:00',NULL,'2019-10-03 03:59:02');
/*!40000 ALTER TABLE `authentication_factors` ENABLE KEYS */;
UNLOCK TABLES;

--
-- Table structure for table `default_module_action_roles`
--

DROP TABLE IF EXISTS `default_module_action_roles`;
/*!40101 SET @saved_cs_client     = @@character_set_client */;
/*!40101 SET character_set_client = utf8 */;
CREATE TABLE `default_module_action_roles` (
  `module_action_id` mediumint(8) unsigned NOT NULL,
  `role_code` varchar(25) CHARACTER SET latin1 NOT NULL,
  PRIMARY KEY (`module_action_id`,`role_code`),
  KEY `role_code` (`role_code`),
  CONSTRAINT `default_module_action_roles_ibfk_1` FOREIGN KEY (`module_action_id`) REFERENCES `module_actions` (`module_action_id`) ON DELETE CASCADE ON UPDATE CASCADE,
  CONSTRAINT `default_module_action_roles_ibfk_2` FOREIGN KEY (`role_code`) REFERENCES `roles` (`role_code`) ON DELETE CASCADE ON UPDATE CASCADE
) ENGINE=InnoDB DEFAULT CHARSET=utf8;
/*!40101 SET character_set_client = @saved_cs_client */;

--
-- Dumping data for table `default_module_action_roles`
--

LOCK TABLES `default_module_action_roles` WRITE;
/*!40000 ALTER TABLE `default_module_action_roles` DISABLE KEYS */;
INSERT INTO `default_module_action_roles` VALUES (1,'SUPER_ADMIN'),(2,'SUPER_ADMIN'),(4,'SUPER_ADMIN'),(5,'SUPER_ADMIN'),(6,'SUPER_ADMIN'),(7,'SUPER_ADMIN'),(8,'SUPER_ADMIN'),(9,'SUPER_ADMIN'),(10,'SUPER_ADMIN'),(16,'SUPER_ADMIN'),(17,'SUPER_ADMIN'),(18,'SUPER_ADMIN'),(19,'SUPER_ADMIN'),(20,'SUPER_ADMIN'),(21,'SUPER_ADMIN'),(22,'SUPER_ADMIN'),(23,'SUPER_ADMIN'),(25,'SUPER_ADMIN'),(26,'SUPER_ADMIN'),(27,'SUPER_ADMIN'),(28,'SUPER_ADMIN'),(29,'SUPER_ADMIN'),(30,'SUPER_ADMIN'),(31,'SUPER_ADMIN'),(32,'SUPER_ADMIN'),(33,'SUPER_ADMIN'),(34,'SUPER_ADMIN'),(35,'SUPER_ADMIN'),(36,'SUPER_ADMIN'),(37,'SUPER_ADMIN'),(39,'SUPER_ADMIN'),(40,'SUPER_ADMIN'),(41,'SUPER_ADMIN'),(42,'SUPER_ADMIN'),(43,'SUPER_ADMIN'),(44,'SUPER_ADMIN'),(45,'SUPER_ADMIN'),(46,'AUTHENTICATED_USER'),(46,'SUPER_ADMIN'),(47,'AUTHENTICATED_USER'),(47,'SUPER_ADMIN'),(48,'SUPER_ADMIN'),(49,'SUPER_ADMIN'),(50,'SUPER_ADMIN'),(51,'SUPER_ADMIN'),(52,'SUPER_ADMIN'),(53,'SUPER_ADMIN'),(54,'SUPER_ADMIN'),(55,'SUPER_ADMIN'),(56,'SUPER_ADMIN'),(57,'SUPER_ADMIN'),(58,'SUPER_ADMIN'),(76,'SUPER_ADMIN'),(78,'SUPER_ADMIN'),(79,'SUPER_ADMIN'),(80,'SUPER_ADMIN'),(81,'SUPER_ADMIN'),(82,'SUPER_ADMIN'),(83,'SUPER_ADMIN'),(84,'SUPER_ADMIN'),(85,'SUPER_ADMIN'),(86,'SUPER_ADMIN'),(87,'SUPER_ADMIN'),(88,'SUPER_ADMIN'),(101,'MERCHANT'),(102,'MERCHANT'),(106,'MERCHANT'),(107,'MERCHANT'),(108,'MERCHANT');
/*!40000 ALTER TABLE `default_module_action_roles` ENABLE KEYS */;
UNLOCK TABLES;

--
-- Table structure for table `default_module_scope_roles`
--

DROP TABLE IF EXISTS `default_module_scope_roles`;
/*!40101 SET @saved_cs_client     = @@character_set_client */;
/*!40101 SET character_set_client = utf8 */;
CREATE TABLE `default_module_scope_roles` (
  `module_code` varchar(50) CHARACTER SET latin1 NOT NULL,
  `role_code` varchar(25) CHARACTER SET latin1 NOT NULL,
  `scope` varchar(30) CHARACTER SET latin1 NOT NULL,
  PRIMARY KEY (`module_code`,`role_code`,`scope`),
  KEY `role_code` (`role_code`),
  KEY `scope_id` (`scope`),
  CONSTRAINT `default_module_scope_roles_ibfk_1` FOREIGN KEY (`module_code`) REFERENCES `modules` (`module_code`) ON DELETE CASCADE ON UPDATE CASCADE,
  CONSTRAINT `default_module_scope_roles_ibfk_2` FOREIGN KEY (`role_code`) REFERENCES `roles` (`role_code`) ON DELETE CASCADE ON UPDATE CASCADE,
  CONSTRAINT `default_module_scope_roles_ibfk_3` FOREIGN KEY (`scope`) REFERENCES `sys_param` (`sys_param_code`) ON UPDATE CASCADE
) ENGINE=InnoDB DEFAULT CHARSET=utf8 COMMENT='Contains of all modules and scope assigned to role';
/*!40101 SET character_set_client = @saved_cs_client */;

--
-- Dumping data for table `default_module_scope_roles`
--

LOCK TABLES `default_module_scope_roles` WRITE;
/*!40000 ALTER TABLE `default_module_scope_roles` DISABLE KEYS */;
INSERT INTO `default_module_scope_roles` VALUES ('DASHBOARD','SUPER_ADMIN','SCOPE_SYSTEM'),('FILES','SUPER_ADMIN','SCOPE_SYSTEM'),('ORGS','SUPER_ADMIN','SCOPE_SYSTEM'),('ROLES','SUPER_ADMIN','SCOPE_SYSTEM'),('SIGN_UP_APPROVAL','SUPER_ADMIN','SCOPE_SYSTEM'),('USERS','SUPER_ADMIN','SCOPE_SYSTEM'),('WORKFLOW','SUPER_ADMIN','SCOPE_SYSTEM');
/*!40000 ALTER TABLE `default_module_scope_roles` ENABLE KEYS */;
UNLOCK TABLES;

--
-- Table structure for table `email_notification_queues`
--

DROP TABLE IF EXISTS `email_notification_queues`;
/*!40101 SET @saved_cs_client     = @@character_set_client */;
/*!40101 SET character_set_client = utf8 */;
CREATE TABLE `email_notification_queues` (
  `email_notification_queue_id` int(11) unsigned NOT NULL AUTO_INCREMENT,
  `from_user` mediumint(8) unsigned NOT NULL,
  `to_user` mediumint(8) unsigned NOT NULL,
  `message` text NOT NULL,
  `email_data` varchar(255) DEFAULT NULL COMMENT 'Email Data',
  `created_date` datetime NOT NULL COMMENT 'Date when message was created',
  `sent_flag` enum('Y','N') NOT NULL COMMENT 'Y=message already sent',
  `sent_date` datetime DEFAULT NULL COMMENT 'Date when message sent',
  `resend_flag` enum('Y','N') DEFAULT NULL COMMENT 'Y=message was sent',
  `resend_by` mediumint(8) unsigned DEFAULT NULL,
  `resend_date` datetime DEFAULT NULL COMMENT 'Date when message re-sent',
  `send_now_flag` enum('Y','N') DEFAULT NULL,
  `send_now_by` mediumint(8) unsigned DEFAULT NULL COMMENT 'Y=message was send without waiting for its turn (ex. priority message)',
  `send_now_date` datetime DEFAULT NULL COMMENT 'Y=Date when the message was sent',
  `failed_flag` enum('Y','N') DEFAULT NULL,
  `module_code` varchar(50) DEFAULT NULL,
  PRIMARY KEY (`email_notification_queue_id`),
  KEY `idx-email_notification_queue_id-from_user` (`from_user`),
  KEY `idx-email_notification_queue_id-to_user` (`to_user`),
  KEY `idx-email_notification_queue_id-resend_by` (`resend_by`),
  KEY `idx-email_notification_queue_id-send_now_by` (`send_now_by`),
  KEY `idx-email_notification_queue_id-module_code` (`module_code`) USING BTREE,
  CONSTRAINT `fk-email_notification_queue_id-from_user` FOREIGN KEY (`from_user`) REFERENCES `users` (`user_id`),
  CONSTRAINT `fk-email_notification_queue_id-resend_by` FOREIGN KEY (`resend_by`) REFERENCES `users` (`user_id`),
  CONSTRAINT `fk-email_notification_queue_id-send_now_by` FOREIGN KEY (`send_now_by`) REFERENCES `users` (`user_id`),
  CONSTRAINT `fk-email_notification_queue_id-to_user` FOREIGN KEY (`to_user`) REFERENCES `users` (`user_id`)
) ENGINE=InnoDB DEFAULT CHARSET=utf8 COMMENT='This table keeps all messages to send through EMAIL.';
/*!40101 SET character_set_client = @saved_cs_client */;

--
-- Dumping data for table `email_notification_queues`
--

LOCK TABLES `email_notification_queues` WRITE;
/*!40000 ALTER TABLE `email_notification_queues` DISABLE KEYS */;
/*!40000 ALTER TABLE `email_notification_queues` ENABLE KEYS */;
UNLOCK TABLES;

--
-- Table structure for table `file`
--

DROP TABLE IF EXISTS `file`;
/*!40101 SET @saved_cs_client     = @@character_set_client */;
/*!40101 SET character_set_client = utf8 */;
CREATE TABLE `file` (
  `file_id` int(11) unsigned NOT NULL AUTO_INCREMENT,
  `module_code` varchar(50) CHARACTER SET latin1 NOT NULL,
  `file_name` varchar(255) CHARACTER SET latin1 DEFAULT NULL,
  `display_name` varchar(255) CHARACTER SET latin1 NOT NULL,
  `original_name` varchar(255) CHARACTER SET latin1 DEFAULT NULL,
  `description` text CHARACTER SET latin1,
  `file_type` enum('DOCUMENTS','AUDIOS','VIDEOS','ALBUMS','IMAGES') CHARACTER SET latin1 DEFAULT NULL,
  `file_extension` varchar(56) CHARACTER SET latin1 DEFAULT NULL,
  `created_by` mediumint(8) unsigned NOT NULL,
  `created_date` datetime NOT NULL,
  `modified_by` mediumint(8) unsigned DEFAULT NULL,
  `modified_date` timestamp NULL DEFAULT NULL ON UPDATE CURRENT_TIMESTAMP,
  PRIMARY KEY (`file_id`),
  KEY `created_by` (`created_by`),
  KEY `modified_by` (`modified_by`),
  KEY `module_code` (`module_code`) USING BTREE,
  CONSTRAINT `file_ibfk_1` FOREIGN KEY (`module_code`) REFERENCES `modules` (`module_code`) ON DELETE CASCADE ON UPDATE CASCADE,
  CONSTRAINT `file_ibfk_2` FOREIGN KEY (`created_by`) REFERENCES `users` (`user_id`) ON DELETE NO ACTION ON UPDATE CASCADE,
  CONSTRAINT `file_ibfk_3` FOREIGN KEY (`modified_by`) REFERENCES `users` (`user_id`) ON DELETE NO ACTION ON UPDATE CASCADE
) ENGINE=InnoDB DEFAULT CHARSET=utf8;
/*!40101 SET character_set_client = @saved_cs_client */;

--
-- Dumping data for table `file`
--

LOCK TABLES `file` WRITE;
/*!40000 ALTER TABLE `file` DISABLE KEYS */;
/*!40000 ALTER TABLE `file` ENABLE KEYS */;
UNLOCK TABLES;

--
-- Table structure for table `file_access_rights`
--

DROP TABLE IF EXISTS `file_access_rights`;
/*!40101 SET @saved_cs_client     = @@character_set_client */;
/*!40101 SET character_set_client = utf8 */;
CREATE TABLE `file_access_rights` (
  `file_id` int(11) unsigned NOT NULL COMMENT 'Refers to asset',
  `user_id` mediumint(8) unsigned NOT NULL DEFAULT '0' COMMENT 'Refers to user',
  `actions` varchar(100) CHARACTER SET latin1 NOT NULL COMMENT 'Refers to action',
  PRIMARY KEY (`file_id`,`user_id`,`actions`),
  KEY `fk_ar_file_users1_idx` (`file_id`,`user_id`),
  CONSTRAINT `fk_ar_file_users1_f` FOREIGN KEY (`file_id`, `user_id`) REFERENCES `file_visibility` (`file_id`, `user_id`)
) ENGINE=InnoDB DEFAULT CHARSET=utf8 COMMENT='Stores access for file rights per user';
/*!40101 SET character_set_client = @saved_cs_client */;

--
-- Dumping data for table `file_access_rights`
--

LOCK TABLES `file_access_rights` WRITE;
/*!40000 ALTER TABLE `file_access_rights` DISABLE KEYS */;
/*!40000 ALTER TABLE `file_access_rights` ENABLE KEYS */;
UNLOCK TABLES;

--
-- Table structure for table `file_db_storage`
--

DROP TABLE IF EXISTS `file_db_storage`;
/*!40101 SET @saved_cs_client     = @@character_set_client */;
/*!40101 SET character_set_client = utf8 */;
CREATE TABLE `file_db_storage` (
  `file_id` int(10) unsigned NOT NULL AUTO_INCREMENT,
  `sys_file_name` varchar(500) NOT NULL,
  `orignal_file_name` varchar(255) DEFAULT NULL,
  `mime` varchar(255) NOT NULL DEFAULT 'text/plain',
  `size` bigint(20) unsigned NOT NULL DEFAULT '0',
  `data` longblob,
  `desired_path` varchar(255) DEFAULT NULL,
  `extension` varchar(50) DEFAULT NULL,
  `uploaded_by` mediumint(8) unsigned NOT NULL,
  `uploaded_date` datetime NOT NULL,
  PRIMARY KEY (`file_id`),
  KEY `uploaded_by` (`uploaded_by`),
  CONSTRAINT `file_db_storage_users_ibfk_1` FOREIGN KEY (`uploaded_by`) REFERENCES `users` (`user_id`) ON DELETE NO ACTION ON UPDATE CASCADE
) ENGINE=InnoDB AUTO_INCREMENT=43 DEFAULT CHARSET=utf8;
/*!40101 SET character_set_client = @saved_cs_client */;

--
-- Dumping data for table `file_db_storage`
--

LOCK TABLES `file_db_storage` WRITE;
/*!40000 ALTER TABLE `file_db_storage` DISABLE KEYS */;
INSERT INTO `file_db_storage` VALUES (1,'84nWVc1kAsRJg202006095edf13e4a2ff5.jpg','70d6b3aaf2857dce05601505b8ca7db0.jpg','image/jpeg',54357,NULL,'C:\\xampp\\htdocs\\ocbs\\uploads\\cbs\\branch','jpg',6,'2020-06-09 12:45:24'),(2,'d9XDdKvbIE4iU202006095edf9da4ea66b.jpg','367331-happiness-Ubuntu-748x432.jpg','image/jpeg',12339,NULL,'C:\\xampp\\htdocs\\ocbs\\uploads\\cbs\\branch','jpg',6,'2020-06-09 22:33:08'),(3,'e18AmK0hXVvHU202006095edfa8c5769f3.jpg','unnamed.jpg','image/jpeg',14542,NULL,'C:\\xampp\\htdocs\\ocbs\\uploads\\cbs\\branch\\','jpg',6,'2020-06-09 23:20:37'),(4,'71MuBo9c6Edtk202006095edfabe390d4f.jpg','unnamed.jpg','image/jpeg',14542,NULL,'C:\\xampp\\htdocs\\ocbs\\uploads\\cbs\\branch\\','jpg',6,'2020-06-09 23:33:55'),(5,'d3RFBkh2mu9Fo202006095edfac0b173f2.jpg','ubuntu-feeling.jpg','image/jpeg',129021,NULL,'C:\\xampp\\htdocs\\ocbs\\uploads\\cbs\\branch\\','jpg',6,'2020-06-09 23:34:35'),(7,'5fSkLSXhpEvFI202006095edfaf4313b53.jpg','Analysis-and-programming-processes-1280x720.jpg','image/jpeg',214765,NULL,'C:\\xampp\\htdocs\\ocbs\\uploads\\cbs\\branch\\','jpg',6,'2020-06-09 23:48:19'),(8,'0b4sw9xjFlbVQ202006095edfaf874b6ea.jpg','Analysis-and-programming-processes-1280x720.jpg','image/jpeg',214765,NULL,'C:\\xampp\\htdocs\\ocbs\\uploads\\cbs\\branch\\','jpg',6,'2020-06-09 23:49:27'),(9,'dcsNrMcQxq1a6202006095edfb12a49ae4.jpg','Analysis-and-programming-processes-1280x720.jpg','image/jpeg',214765,NULL,'C:\\xampp\\htdocs\\ocbs\\uploads\\cbs\\branch\\','jpg',6,'2020-06-09 23:56:26'),(10,'ad1LS6teYbEU202006095edfb167541e2.jpg','367331-happiness-Ubuntu-748x432.jpg','image/jpeg',12339,NULL,'C:\\xampp\\htdocs\\ocbs\\uploads\\cbs\\branch\\','jpg',6,'2020-06-09 23:57:27'),(11,'40MsN4UL0EDjk202006105edfb355b8b96.jpg','Analysis-and-programming-processes-1280x720.jpg','image/jpeg',214765,NULL,'C:\\xampp\\htdocs\\ocbs\\uploads\\cbs\\branch\\','jpg',6,'2020-06-10 00:05:41'),(12,'c0c68V0MoTMb6202006105edfb467dbbfb.jpg','Analysis-and-programming-processes-1280x720.jpg','image/jpeg',214765,NULL,'C:\\xampp\\htdocs\\ocbs\\uploads\\cbs\\branch\\','jpg',6,'2020-06-10 00:10:15'),(13,'799wWcI52Uavc202006105edfb4d3a022c.jpg','Analysis-and-programming-processes-1280x720.jpg','image/jpeg',214765,NULL,'C:\\xampp\\htdocs\\ocbs\\uploads\\cbs\\branch\\','jpg',6,'2020-06-10 00:12:03'),(14,'a4DmownbRfBPg202006105edfb63d5b671.jpg','Analysis-and-programming-processes-1280x720.jpg','image/jpeg',214765,NULL,'C:\\xampp\\htdocs\\ocbs\\uploads\\cbs\\branch\\','jpg',6,'2020-06-10 00:18:05'),(15,'dazJX8aDmyVj202006105edfb8e01fc14.jpg','Computer_Programmer1920X10180.jpg','image/jpeg',159427,NULL,'C:\\xampp\\htdocs\\ocbs\\uploads\\cbs\\branch\\','jpg',6,'2020-06-10 00:29:20'),(16,'edXYSnpZiQJYg202006105edfb957c9a24.jpg','Computer_Programmer1920X10180.jpg','image/jpeg',159427,NULL,'C:\\xampp\\htdocs\\ocbs\\uploads\\cbs\\branch\\','jpg',6,'2020-06-10 00:31:19'),(17,'288pEuYYOSRGY202006105edfbabce6d20.jpg','Computer_Programmer1920X10180.jpg','image/jpeg',159427,NULL,'C:\\xampp\\htdocs\\ocbs\\uploads\\cbs\\branch\\','jpg',6,'2020-06-10 00:37:16'),(18,'d3PZLlo4eaMbQ202006105ee0850c1b32e.jpg','Computer_Programmer1920X10180.jpg','image/jpeg',159427,NULL,'C:\\xampp\\htdocs\\ocbs\\uploads\\cbs\\branch\\','jpg',6,'2020-06-10 15:00:28'),(19,'1dwZNtKVF7VKE202006105ee0899764aac.jpg','367331-happiness-Ubuntu-748x432.jpg','image/jpeg',12339,NULL,'C:\\xampp\\htdocs\\ocbs\\uploads\\cbs\\branch\\','jpg',6,'2020-06-10 15:19:51'),(20,'56JgGYVVRdOwg202006105ee08a7633923.jpg','Analysis-and-programming-processes-1280x720.jpg','image/jpeg',214765,NULL,'C:\\xampp\\htdocs\\ocbs\\uploads\\cbs\\branch\\','jpg',6,'2020-06-10 15:23:34'),(21,'99x1q2PkfLtQ6202006115ee1e11a9a43b.jpg','unnamed.jpg','image/jpeg',14542,NULL,'C:\\xampp\\htdocs\\ocbs\\uploads\\cbs\\branch\\','jpg',6,'2020-06-11 15:45:30'),(22,'03M51a3CyMlIU202006115ee1e19d5f1bd.jpg','Analysis-and-programming-processes-1280x720.jpg','image/jpeg',214765,NULL,'C:\\xampp\\htdocs\\ocbs\\uploads\\cbs\\branch\\','jpg',6,'2020-06-11 15:47:41'),(23,'4cNQ2r7wb26Q202006115ee1e1bc40971.jpg','ubuntu-feeling.jpg','image/jpeg',129021,NULL,'C:\\xampp\\htdocs\\ocbs\\uploads\\cbs\\branch\\','jpg',6,'2020-06-11 15:48:12'),(24,'c4yAFbkFiaaX2202006115ee1e1dd166e7.jpg','unnamed.jpg','image/jpeg',14542,NULL,'C:\\xampp\\htdocs\\ocbs\\uploads\\cbs\\branch\\','jpg',6,'2020-06-11 15:48:45'),(25,'d2zbKYr2bcSOE202006115ee2105293d75.jpg','ubuntu-feeling.jpg','image/jpeg',129021,NULL,'C:\\xampp\\htdocs\\ocbs\\uploads\\core\\user_management\\users\\','jpg',6,'2020-06-11 19:06:58'),(26,'ad1b0SnWuzdho202006115ee2123c26273.jpg','70d6b3aaf2857dce05601505b8ca7db0.jpg','image/jpeg',54357,NULL,'C:\\xampp\\htdocs\\ocbs\\uploads\\core\\user_management\\users\\','jpg',6,'2020-06-11 19:15:08'),(27,'96UiNBfxkAOVM202006115ee2124f00873.jpg','ubuntu-feeling.jpg','image/jpeg',129021,NULL,'C:\\xampp\\htdocs\\ocbs\\uploads\\core\\user_management\\users\\','jpg',6,'2020-06-11 19:15:26'),(28,'79YgzcfqOcfNs202006115ee212574907b.jpg','ubuntu-feeling.jpg','image/jpeg',129021,NULL,'C:\\xampp\\htdocs\\ocbs\\uploads\\core\\user_management\\users\\','jpg',6,'2020-06-11 19:15:35'),(29,'4eAHtYQqVzDjw202006115ee2126a43367.jpg','ubuntu-feeling.jpg','image/jpeg',129021,NULL,'C:\\xampp\\htdocs\\ocbs\\uploads\\core\\user_management\\users\\','jpg',6,'2020-06-11 19:15:54'),(30,'aeSVL0S2waSsQ202006115ee2169ccc0da.jpg','ubuntu-feeling.jpg','image/jpeg',129021,NULL,'C:\\xampp\\htdocs\\ocbs\\uploads\\cbs\\branch\\','jpg',6,'2020-06-11 19:33:48'),(31,'11kebQFQ99to202006115ee21849defcd.jpg','70d6b3aaf2857dce05601505b8ca7db0.jpg','image/jpeg',54357,NULL,'C:\\xampp\\htdocs\\ocbs\\uploads\\cbs\\branch\\','jpg',6,'2020-06-11 19:40:57'),(32,'73WxqwLaIE4CI202006115ee22165debde.jpg','unnamed.jpg','image/jpeg',14542,NULL,'C:\\xampp\\htdocs\\ocbs\\uploads\\cbs\\branch\\','jpg',6,'2020-06-11 20:19:49'),(33,'24mJQ76IsRZyE202006125ee2ffac4ecd9.jpg','367331-happiness-Ubuntu-748x432.jpg','image/jpeg',12339,NULL,'C:\\xampp\\htdocs\\ocbs\\uploads\\cbs\\branch\\','jpg',6,'2020-06-12 12:08:12'),(34,'c2IfWCVdw75ao202006125ee303669aa03.jpg','70d6b3aaf2857dce05601505b8ca7db0.jpg','image/jpeg',54357,NULL,'C:\\xampp\\htdocs\\ocbs\\uploads\\cbs\\branch\\','jpg',6,'2020-06-12 12:24:06'),(35,'a8lxSr7XG9hF6202006125ee338efe5ed5.jpg','unnamed.jpg','image/jpeg',14542,NULL,'C:\\xampp\\htdocs\\ocbs\\uploads\\core\\user_management\\users\\','jpg',6,'2020-06-12 16:12:31'),(36,'8beuicMc395SE202006125ee34591af6fa.jpg','70d6b3aaf2857dce05601505b8ca7db0.jpg','image/jpeg',54357,NULL,'C:\\xampp\\htdocs\\ocbs\\uploads\\core\\user_management\\users\\','jpg',6,'2020-06-12 17:06:25'),(38,'18qb7by1H9Ow202006135ee472da27ecc.jpg','avatar_005.jpg','image/jpeg',17616,NULL,'C:\\xampp\\htdocs\\ocbs\\uploads\\core\\user_management\\users\\','jpg',7,'2020-06-13 14:31:54'),(40,'caWiZbILIiA202006135ee4730d350be.jpg','avatar_005.jpg','image/jpeg',17616,NULL,'C:\\xampp\\htdocs\\ocbs\\uploads\\core\\user_management\\users\\','jpg',7,'2020-06-13 14:32:45'),(41,'2dfOTO3Dnpd4202006135ee499d98bb11.jpg','avatar_005.jpg','image/jpeg',17616,NULL,'C:\\xampp\\htdocs\\ocbs\\uploads\\core\\user_management\\users\\','jpg',7,'2020-06-13 17:18:17'),(42,'a9r2NALFZ7afg202006135ee4a48c2bc85.jpg','avatar_004.jpg','image/jpeg',19362,NULL,'C:\\xampp\\htdocs\\ocbs\\uploads\\core\\user_management\\users\\','jpg',1,'2020-06-13 18:03:56');
/*!40000 ALTER TABLE `file_db_storage` ENABLE KEYS */;
UNLOCK TABLES;

--
-- Table structure for table `file_versions`
--

DROP TABLE IF EXISTS `file_versions`;
/*!40101 SET @saved_cs_client     = @@character_set_client */;
/*!40101 SET character_set_client = utf8 */;
CREATE TABLE `file_versions` (
  `file_version_id` int(11) unsigned NOT NULL AUTO_INCREMENT,
  `file_id` int(11) unsigned NOT NULL,
  `file_name` varchar(255) CHARACTER SET latin1 DEFAULT NULL,
  `display_name` varchar(255) CHARACTER SET latin1 NOT NULL,
  `original_name` varchar(255) CHARACTER SET latin1 DEFAULT NULL,
  `description` text CHARACTER SET latin1,
  `file_type` enum('DOCUMENTS','AUDIOS','VIDEOS','ALBUMS','IMAGES') CHARACTER SET latin1 DEFAULT NULL,
  `file_extension` varchar(56) CHARACTER SET latin1 DEFAULT NULL,
  `minor_revision_flag` tinyint(1) unsigned NOT NULL DEFAULT '0',
  `version` float(3,1) DEFAULT NULL,
  `created_by` mediumint(8) unsigned NOT NULL,
  `created_date` datetime NOT NULL,
  `modified_by` mediumint(8) unsigned DEFAULT NULL,
  `modified_date` timestamp NULL DEFAULT NULL ON UPDATE CURRENT_TIMESTAMP,
  PRIMARY KEY (`file_version_id`),
  KEY `file_id` (`file_id`),
  KEY `created_by` (`created_by`),
  KEY `modified_by` (`modified_by`),
  CONSTRAINT `file_versions_ibfk_1` FOREIGN KEY (`file_id`) REFERENCES `file` (`file_id`) ON DELETE CASCADE ON UPDATE CASCADE,
  CONSTRAINT `file_versions_ibfk_2` FOREIGN KEY (`created_by`) REFERENCES `users` (`user_id`) ON DELETE NO ACTION ON UPDATE CASCADE,
  CONSTRAINT `file_versions_ibfk_3` FOREIGN KEY (`modified_by`) REFERENCES `users` (`user_id`) ON DELETE NO ACTION ON UPDATE CASCADE
) ENGINE=InnoDB DEFAULT CHARSET=utf8;
/*!40101 SET character_set_client = @saved_cs_client */;

--
-- Dumping data for table `file_versions`
--

LOCK TABLES `file_versions` WRITE;
/*!40000 ALTER TABLE `file_versions` DISABLE KEYS */;
/*!40000 ALTER TABLE `file_versions` ENABLE KEYS */;
UNLOCK TABLES;

--
-- Table structure for table `file_visibility`
--

DROP TABLE IF EXISTS `file_visibility`;
/*!40101 SET @saved_cs_client     = @@character_set_client */;
/*!40101 SET character_set_client = utf8 */;
CREATE TABLE `file_visibility` (
  `file_id` int(11) unsigned NOT NULL COMMENT 'Refers to files',
  `user_id` mediumint(8) unsigned NOT NULL DEFAULT '0' COMMENT 'Refers to user',
  `visibility_id` tinyint(3) unsigned NOT NULL,
  `group_id` int(11) unsigned DEFAULT NULL COMMENT 'Refers to group',
  `actions` varchar(100) CHARACTER SET latin1 DEFAULT NULL COMMENT 'Refers to actions',
  PRIMARY KEY (`file_id`,`user_id`),
  KEY `fk_file_visibility_idx` (`file_id`),
  KEY `fk_file_visibility_users1_idx` (`user_id`),
  KEY `fk_file_visibility_group_id` (`group_id`),
  KEY `fk_file_visibility_visibility_id` (`visibility_id`),
  CONSTRAINT `fk_file_visibility_file_id` FOREIGN KEY (`file_id`) REFERENCES `file` (`file_id`),
  CONSTRAINT `fk_file_visibility_group_id` FOREIGN KEY (`group_id`) REFERENCES `groups` (`group_id`),
  CONSTRAINT `fk_file_visibility_user_id` FOREIGN KEY (`user_id`) REFERENCES `users` (`user_id`),
  CONSTRAINT `fk_file_visibility_visibility_id` FOREIGN KEY (`visibility_id`) REFERENCES `param_visibility` (`visibility_id`)
) ENGINE=InnoDB DEFAULT CHARSET=utf8 COMMENT='Stores visibility per user for a file';
/*!40101 SET character_set_client = @saved_cs_client */;

--
-- Dumping data for table `file_visibility`
--

LOCK TABLES `file_visibility` WRITE;
/*!40000 ALTER TABLE `file_visibility` DISABLE KEYS */;
/*!40000 ALTER TABLE `file_visibility` ENABLE KEYS */;
UNLOCK TABLES;

--
-- Table structure for table `groups`
--

DROP TABLE IF EXISTS `groups`;
/*!40101 SET @saved_cs_client     = @@character_set_client */;
/*!40101 SET character_set_client = utf8 */;
CREATE TABLE `groups` (
  `group_id` int(11) unsigned NOT NULL AUTO_INCREMENT,
  `org_code` varchar(25) CHARACTER SET latin1 DEFAULT NULL COMMENT 'If not null, Organization code that owns this grouping',
  `user_id` mediumint(8) unsigned DEFAULT NULL COMMENT 'If not null, ID of the user that owns this grouping',
  `group_name` varchar(100) CHARACTER SET latin1 NOT NULL COMMENT 'Name of the group',
  `group_description` varchar(255) CHARACTER SET latin1 DEFAULT NULL,
  `group_color` varchar(45) CHARACTER SET latin1 DEFAULT NULL,
  `active_flag` enum('Y','N') CHARACTER SET latin1 NOT NULL,
  `created_by` mediumint(8) unsigned NOT NULL,
  `created_date` datetime NOT NULL,
  `modified_by` mediumint(8) unsigned DEFAULT NULL,
  `modified_date` datetime DEFAULT NULL,
  PRIMARY KEY (`group_id`),
  KEY `idx-groups-org_code` (`org_code`),
  KEY `idx-groups-user_id` (`user_id`),
  KEY `idx-groups-created_by` (`created_by`),
  KEY `idx-groups-modified_by` (`modified_by`),
  CONSTRAINT `fk-groups-created_by` FOREIGN KEY (`created_by`) REFERENCES `users` (`user_id`),
  CONSTRAINT `fk-groups-modified_by` FOREIGN KEY (`modified_by`) REFERENCES `users` (`user_id`),
  CONSTRAINT `fk-groups-org_code` FOREIGN KEY (`org_code`) REFERENCES `organizations` (`org_code`) ON UPDATE CASCADE,
  CONSTRAINT `fk-groups-user_id` FOREIGN KEY (`user_id`) REFERENCES `users` (`user_id`)
) ENGINE=InnoDB DEFAULT CHARSET=utf8 COMMENT='This table keeps all groups available';
/*!40101 SET character_set_client = @saved_cs_client */;

--
-- Dumping data for table `groups`
--

LOCK TABLES `groups` WRITE;
/*!40000 ALTER TABLE `groups` DISABLE KEYS */;
/*!40000 ALTER TABLE `groups` ENABLE KEYS */;
UNLOCK TABLES;

--
-- Table structure for table `location_city_class`
--

DROP TABLE IF EXISTS `location_city_class`;
/*!40101 SET @saved_cs_client     = @@character_set_client */;
/*!40101 SET character_set_client = utf8 */;
CREATE TABLE `location_city_class` (
  `city_class_id` tinyint(1) unsigned NOT NULL AUTO_INCREMENT,
  `name` varchar(100) CHARACTER SET latin1 NOT NULL,
  PRIMARY KEY (`city_class_id`)
) ENGINE=InnoDB AUTO_INCREMENT=5 DEFAULT CHARSET=utf8;
/*!40101 SET character_set_client = @saved_cs_client */;

--
-- Dumping data for table `location_city_class`
--

LOCK TABLES `location_city_class` WRITE;
/*!40000 ALTER TABLE `location_city_class` DISABLE KEYS */;
INSERT INTO `location_city_class` VALUES (1,'Special City'),(2,'Highly Urbanized City'),(3,'Component City'),(4,'Independent Component City');
/*!40000 ALTER TABLE `location_city_class` ENABLE KEYS */;
UNLOCK TABLES;

--
-- Table structure for table `location_class`
--

DROP TABLE IF EXISTS `location_class`;
/*!40101 SET @saved_cs_client     = @@character_set_client */;
/*!40101 SET character_set_client = utf8 */;
CREATE TABLE `location_class` (
  `class_id` tinyint(1) unsigned NOT NULL AUTO_INCREMENT,
  `name` varchar(20) CHARACTER SET latin1 NOT NULL,
  PRIMARY KEY (`class_id`)
) ENGINE=InnoDB AUTO_INCREMENT=7 DEFAULT CHARSET=utf8;
/*!40101 SET character_set_client = @saved_cs_client */;

--
-- Dumping data for table `location_class`
--

LOCK TABLES `location_class` WRITE;
/*!40000 ALTER TABLE `location_class` DISABLE KEYS */;
INSERT INTO `location_class` VALUES (1,'First Class'),(2,'Second Class'),(3,'Third Class'),(4,'Fourth Class'),(5,'Fifth Class'),(6,'Sixth Class');
/*!40000 ALTER TABLE `location_class` ENABLE KEYS */;
UNLOCK TABLES;

--
-- Table structure for table `location_types`
--

DROP TABLE IF EXISTS `location_types`;
/*!40101 SET @saved_cs_client     = @@character_set_client */;
/*!40101 SET character_set_client = utf8 */;
CREATE TABLE `location_types` (
  `type_id` tinyint(1) unsigned NOT NULL AUTO_INCREMENT,
  `name` varchar(20) CHARACTER SET latin1 NOT NULL,
  PRIMARY KEY (`type_id`)
) ENGINE=InnoDB AUTO_INCREMENT=7 DEFAULT CHARSET=utf8;
/*!40101 SET character_set_client = @saved_cs_client */;

--
-- Dumping data for table `location_types`
--

LOCK TABLES `location_types` WRITE;
/*!40000 ALTER TABLE `location_types` DISABLE KEYS */;
INSERT INTO `location_types` VALUES (1,'Region'),(2,'Province'),(3,'City'),(4,'Municipality'),(5,'Barangay'),(6,'Submunicipality');
/*!40000 ALTER TABLE `location_types` ENABLE KEYS */;
UNLOCK TABLES;

--
-- Table structure for table `locations`
--

DROP TABLE IF EXISTS `locations`;
/*!40101 SET @saved_cs_client     = @@character_set_client */;
/*!40101 SET character_set_client = utf8 */;
CREATE TABLE `locations` (
  `location_code` char(9) CHARACTER SET latin1 NOT NULL,
  `name` varchar(255) CHARACTER SET latin1 NOT NULL,
  `location_parent` char(9) CHARACTER SET latin1 DEFAULT NULL,
  `location_class` tinyint(1) unsigned DEFAULT NULL,
  `location_type` tinyint(1) unsigned NOT NULL,
  `location_city_class` tinyint(1) unsigned DEFAULT NULL,
  `logo` varchar(255) CHARACTER SET latin1 DEFAULT NULL,
  `has_submuni` enum('Y','N') DEFAULT 'N',
  `sort_order` float(3,1) unsigned DEFAULT NULL,
  PRIMARY KEY (`location_code`),
  KEY `location_parent` (`location_parent`),
  KEY `location_class` (`location_class`),
  KEY `location_type` (`location_type`),
  KEY `location_city_class` (`location_city_class`),
  CONSTRAINT `locations_ibfk_1` FOREIGN KEY (`location_parent`) REFERENCES `locations` (`location_code`) ON DELETE CASCADE ON UPDATE CASCADE,
  CONSTRAINT `locations_ibfk_2` FOREIGN KEY (`location_class`) REFERENCES `location_class` (`class_id`) ON UPDATE CASCADE,
  CONSTRAINT `locations_ibfk_3` FOREIGN KEY (`location_type`) REFERENCES `location_types` (`type_id`) ON UPDATE CASCADE,
  CONSTRAINT `locations_ibfk_4` FOREIGN KEY (`location_city_class`) REFERENCES `location_city_class` (`city_class_id`) ON UPDATE CASCADE
) ENGINE=InnoDB DEFAULT CHARSET=utf8;
/*!40101 SET character_set_client = @saved_cs_client */;

--
-- Dumping data for table `locations`
--

LOCK TABLES `locations` WRITE;
/*!40000 ALTER TABLE `locations` DISABLE KEYS */;
INSERT INTO `locations` VALUES ('010000000','Region I - Ilocos',NULL,NULL,1,NULL,'','N',NULL),('012800000','Ilocos Norte','010000000',1,2,NULL,'','N',NULL),('012801000','Adams','012800000',5,4,NULL,'','N',NULL),('012802000','Bacarra','012800000',3,4,NULL,'','N',NULL),('012803000','Badoc','012800000',3,4,NULL,'','N',NULL),('012804000','Bangui','012800000',4,4,NULL,'','N',NULL),('012805000','City of Batac','012800000',5,3,NULL,'','N',NULL),('012806000','Burgos','012800000',5,4,NULL,'','N',NULL),('012807000','Carasi','012800000',5,4,NULL,'','N',NULL),('012808000','Currimao','012800000',4,4,NULL,'','N',NULL),('012809000','Dingras','012800000',2,4,NULL,'','N',NULL),('012810000','Dumalneg','012800000',5,4,NULL,'','N',NULL),('012811000','Banna (Espiritu)','012800000',4,4,NULL,'','N',NULL),('012812000','Laoag City','012800000',3,3,NULL,'','N',NULL),('012813000','Marcos','012800000',4,4,NULL,'','N',NULL),('012814000','Nueva Era','012800000',3,4,NULL,'','N',NULL),('012815000','Pagudpud','012800000',4,4,NULL,'','N',NULL),('012816000','Paoay','012800000',4,4,NULL,'','N',NULL),('012817000','Pasuquin','012800000',3,4,NULL,'','N',NULL),('012818000','Piddig','012800000',3,4,NULL,'','N',NULL),('012819000','Pinili','012800000',3,4,NULL,'','N',NULL),('012820000','San Nicolas','012800000',2,4,NULL,'','N',NULL),('012821000','Sarrat','012800000',4,4,NULL,'','N',NULL),('012822000','Solsona','012800000',3,4,NULL,'','N',NULL),('012823000','Vintar','012800000',1,4,NULL,'','N',NULL),('012900000','Ilocos Sur','010000000',1,2,NULL,'','N',NULL),('012901000','Alilem','012900000',4,4,NULL,'','N',NULL),('012902000','Banayoyo','012900000',4,4,NULL,'','N',NULL),('012903000','Bantay','012900000',3,4,NULL,'','N',NULL),('012904000','Burgos','012900000',4,4,NULL,'','N',NULL),('012905000','Cabugao','012900000',1,4,NULL,'','N',NULL),('012906000','City of Candon','012900000',4,3,NULL,'','N',NULL),('012907000','Caoayan','012900000',4,4,NULL,'','N',NULL),('012908000','Cervantes','012900000',4,4,NULL,'','N',NULL),('012909000','Galimuyod','012900000',4,4,NULL,'','N',NULL),('012910000','Gregorio del Pilar (Concepcion)','012900000',5,4,NULL,'','N',NULL),('012911000','Lidlidda','012900000',5,4,NULL,'','N',NULL),('012912000','Magsingal','012900000',3,4,NULL,'','N',NULL),('012913000','Nagbukel','012900000',5,4,NULL,'','N',NULL),('012914000','Narvacan','012900000',2,4,NULL,'','N',NULL),('012915000','Quirino (Angkaki)','012900000',4,4,NULL,'','N',NULL),('012916000','Salcedo (Baugen)','012900000',4,4,NULL,'','N',NULL),('012917000','San Emilio','012900000',4,4,NULL,'','N',NULL),('012918000','San Esteban','012900000',5,4,NULL,'','N',NULL),('012919000','San Ildefonso','012900000',5,4,NULL,'','N',NULL),('012920000','San Juan (Lapog)','012900000',3,4,NULL,'','N',NULL),('012921000','San Vicente','012900000',5,4,NULL,'','N',NULL),('012922000','Santa','012900000',4,4,NULL,'','N',NULL),('012923000','Santa Catalina','012900000',5,4,NULL,'','N',NULL),('012924000','Santa Cruz','012900000',1,4,NULL,'','N',NULL),('012925000','Santa Lucia','012900000',3,4,NULL,'','N',NULL),('012926000','Santa Maria','012900000',3,4,NULL,'','N',NULL),('012927000','Santiago','012900000',4,4,NULL,'','N',NULL),('012928000','Santo Domingo','012900000',3,4,NULL,'','N',NULL),('012929000','Sigay','012900000',5,4,NULL,'','N',NULL),('012930000','Sinait','012900000',3,4,NULL,'','N',NULL),('012931000','Sugpon','012900000',5,4,NULL,'','N',NULL),('012932000','Suyo','012900000',4,4,NULL,'','N',NULL),('012933000','Tagudin','012900000',2,4,NULL,'','N',NULL),('012934000','City of Vigan','012900000',4,3,NULL,'','N',NULL),('013300000','La Union','010000000',1,2,NULL,'','N',NULL),('013301000','Agoo','013300000',1,4,NULL,'','N',NULL),('013302000','Aringay','013300000',2,4,NULL,'','N',NULL),('013303000','Bacnotan','013300000',1,4,NULL,'','N',NULL),('013304000','Bagulin','013300000',5,4,NULL,'','N',NULL),('013305000','Balaoan','013300000',1,4,NULL,'','N',NULL),('013306000','Bangar','013300000',3,4,NULL,'','N',NULL),('013307000','Bauang','013300000',1,4,NULL,'','N',NULL),('013308000','Burgos','013300000',5,4,NULL,'','N',NULL),('013309000','Caba','013300000',4,4,NULL,'','N',NULL),('013310000','Luna','013300000',3,4,NULL,'','N',NULL),('013311000','Naguillan','013300000',1,4,NULL,'','N',NULL),('013312000','Pugo','013300000',5,4,NULL,'','N',NULL),('013313000','Rosario','013300000',1,4,NULL,'','N',NULL),('013314000','San Fernando City','013300000',3,3,NULL,'','N',NULL),('013315000','San Gabriel','013300000',4,4,NULL,'','N',NULL),('013316000','San Juan','013300000',2,4,NULL,'','N',NULL),('013317000','Santo Tomas','013300000',4,4,NULL,'','N',NULL),('013318000','Santol','013300000',4,4,NULL,'','N',NULL),('013319000','Sudipen','013300000',4,4,NULL,'','N',NULL),('013320000','Tubao','013300000',4,4,NULL,'','N',NULL),('015500000','Pangasinan','010000000',1,2,NULL,'','N',NULL),('015501000','Agno','015500000',3,4,NULL,'','N',NULL),('015502000','Aguilar','015500000',3,4,NULL,'','N',NULL),('015503000','City of Alaminos','015500000',4,3,NULL,'','N',NULL),('015504000','Alcala','015500000',3,4,NULL,'','N',NULL),('015505000','Anda','015500000',3,4,NULL,'','N',NULL),('015506000','Asingan','015500000',2,4,NULL,'','N',NULL),('015507000','Balungao','015500000',4,4,NULL,'','N',NULL),('015508000','Bani','015500000',2,4,NULL,'','N',NULL),('015509000','Basista','015500000',4,4,NULL,'','N',NULL),('015510000','Bautista','015500000',4,4,NULL,'','N',NULL),('015511000','Bayambang','015500000',1,4,NULL,'','N',NULL),('015512000','Binalonan','015500000',1,4,NULL,'','N',NULL),('015513000','Binmaley','015500000',1,4,NULL,'','N',NULL),('015514000','Bolinao','015500000',1,4,NULL,'','N',NULL),('015515000','Bugallon','015500000',2,4,NULL,'','N',NULL),('015516000','Burgos','015500000',4,4,NULL,'','N',NULL),('015517000','Calasiao','015500000',1,4,NULL,'','N',NULL),('015518000','Dagupan City','015500000',2,3,NULL,'','N',NULL),('015519000','Dasol','015500000',3,4,NULL,'','N',NULL),('015520000','Infanta','015500000',3,4,NULL,'','N',NULL),('015521000','Labrador','015500000',4,4,NULL,'','N',NULL),('015522000','Lingayen','015500000',1,4,NULL,'','N',NULL),('015523000',' Mabini','015500000',3,4,NULL,'','N',NULL),('015524000','Malasiqui','015500000',1,4,NULL,'','N',NULL),('015525000','Manaoag','015500000',1,4,NULL,'','N',NULL),('015526000','Mangaldan','015500000',1,4,NULL,'','N',NULL),('015527000','Mangatarem','015500000',1,4,NULL,'','N',NULL),('015528000','Mapandan','015500000',3,4,NULL,'','N',NULL),('015529000','Natividad','015500000',4,4,NULL,'','N',NULL),('015530000','Pozorrubio','015500000',1,4,NULL,'','N',NULL),('015531000','Rosales','015500000',1,4,NULL,'','N',NULL),('015532000','San Carlos City','015500000',3,3,NULL,'','N',NULL),('015533000','San Fabian','015500000',1,4,NULL,'','N',NULL),('015534000','San Jacinto','015500000',3,4,NULL,'','N',NULL),('015535000','San Manuel','015500000',1,4,NULL,'','N',NULL),('015536000','San Nicolas','015500000',1,4,NULL,'','N',NULL),('015537000','San Quintin','015500000',3,4,NULL,'','N',NULL),('015538000','Santa Barbara','015500000',1,4,NULL,'','N',NULL),('015539000','Santa Maria','015500000',4,4,NULL,'','N',NULL),('015540000','Santo Tomas','015500000',5,4,NULL,'','N',NULL),('015541000','Sison','015500000',3,4,NULL,'','N',NULL),('015542000','Sual','015500000',1,4,NULL,'','N',NULL),('015543000','Tayug','015500000',3,4,NULL,'','N',NULL),('015544000','Umingan','015500000',1,4,NULL,'','N',NULL),('015545000','Urbiztondo','015500000',3,4,NULL,'','N',NULL),('015546000','City of Urdaneta','015500000',2,3,NULL,'','N',NULL),('015547000','Villasis','015500000',1,4,NULL,'','N',NULL),('015548000','Laoac','015500000',4,4,NULL,'','N',NULL),('020000000','Region II - Cagayan Valley',NULL,NULL,1,NULL,'','N',NULL),('020900000','Batanes','020000000',5,2,NULL,'','N',NULL),('020901000','Basco','020900000',5,4,NULL,'','N',NULL),('020902000','Itbayat','020900000',5,4,NULL,'','N',NULL),('020903000','Ivana','020900000',6,4,NULL,'','N',NULL),('020904000','Mahatao','020900000',6,4,NULL,'','N',NULL),('020905000','Sabtang','020900000',6,4,NULL,'','N',NULL),('020906000','Uyugan','020900000',6,4,NULL,'','N',NULL),('021500000','Cagayan','020000000',1,2,NULL,'','N',NULL),('021501000','Abulug','021500000',3,4,NULL,'','N',NULL),('021502000','Alcala','021500000',3,4,NULL,'','N',NULL),('021503000','Allacapan','021500000',3,4,NULL,'','N',NULL),('021504000','Amulung','021500000',2,4,NULL,'','N',NULL),('021505000','Aparri','021500000',1,4,NULL,'','N',NULL),('021506000','Baggao','021500000',1,4,NULL,'','N',NULL),('021507000','Ballesteros','021500000',4,4,NULL,'','N',NULL),('021508000','Buguey','021500000',3,4,NULL,'','N',NULL),('021509000','Calayan','021500000',3,4,NULL,'','N',NULL),('021510000','Camalaniugan','021500000',4,4,NULL,'','N',NULL),('021511000','Claveria','021500000',3,4,NULL,'','N',NULL),('021512000','Enrile','021500000',3,4,NULL,'','N',NULL),('021513000','Gattaran','021500000',1,4,NULL,'','N',NULL),('021514000','Gonzaga','021500000',1,4,NULL,'','N',NULL),('021515000','Iguig','021500000',4,4,NULL,'','N',NULL),('021516000','Lal-lo','021500000',1,4,NULL,'','N',NULL),('021517000','Lasam','021500000',3,4,NULL,'','N',NULL),('021518000','Pamplona','021500000',4,4,NULL,'','N',NULL),('021519000','Peablanca','021500000',1,4,NULL,'','N',NULL),('021520000','Piat','021500000',4,4,NULL,'','N',NULL),('021521000','Rizal','021500000',5,4,NULL,'','N',NULL),('021522000','Sanchez-Mira','021500000',3,4,NULL,'','N',NULL),('021523000','Santa Ana','021500000',2,4,NULL,'','N',NULL),('021524000','Santa Praxedes','021500000',5,4,NULL,'','N',NULL),('021525000','Santa Teresita','021500000',4,4,NULL,'','N',NULL),('021526000','Santo Nio (Faire)','021500000',2,4,NULL,'','N',NULL),('021527000','Solana','021500000',1,4,NULL,'','N',NULL),('021528000','Tuao','021500000',1,4,NULL,'','N',NULL),('021529000','Tuguegarao City','021500000',3,3,NULL,'','N',NULL),('023100000','Isabela','020000000',1,2,NULL,'','N',NULL),('023101000','Alicia','023100000',1,4,NULL,'','N',NULL),('023102000','Angadanan','023100000',3,4,NULL,'','N',NULL),('023103000','Aurora','023100000',3,4,NULL,'','N',NULL),('023104000','Benito Soliven','023100000',4,4,NULL,'','N',NULL),('023105000','Burgos','023100000',4,4,NULL,'','N',NULL),('023106000','Cabagan','023100000',1,4,NULL,'','N',NULL),('023107000','Cabatuan','023100000',3,4,NULL,'','N',NULL),('023108000','City of Cauayan','023100000',3,3,NULL,'','N',NULL),('023109000','Cordon','023100000',3,4,NULL,'','N',NULL),('023110000','Dinapigue','023100000',1,4,NULL,'','N',NULL),('023111000','Divilacan','023100000',2,4,NULL,'','N',NULL),('023112000','Echague','023100000',1,4,NULL,'','N',NULL),('023113000','Gamu','023100000',4,4,NULL,'','N',NULL),('023114000','Ilagan City','023100000',NULL,3,NULL,'','N',NULL),('023115000','Jones','023100000',1,4,NULL,'','N',NULL),('023116000','Luna','023100000',5,4,NULL,'','N',NULL),('023117000','Maconacon','023100000',3,4,NULL,'','N',NULL),('023118000','Delfin Albano (Magsaysay)','023100000',4,4,NULL,'','N',NULL),('023119000','Mallig','023100000',4,4,NULL,'','N',NULL),('023120000','Naguilian','023100000',4,4,NULL,'','N',NULL),('023121000','Palanan','023100000',1,4,NULL,'','N',NULL),('023122000','Quezon','023100000',4,4,NULL,'','N',NULL),('023123000','Quirino','023100000',4,4,NULL,'','N',NULL),('023124000','Ramon','023100000',2,4,NULL,'','N',NULL),('023125000','Reina Mercedes','023100000',4,4,NULL,'','N',NULL),('023126000','Roxas','023100000',1,4,NULL,'','N',NULL),('023127000','San Agustin','023100000',3,4,NULL,'','N',NULL),('023128000','San Guillermo','023100000',4,4,NULL,'','N',NULL),('023129000','San Isidro','023100000',5,4,NULL,'','N',NULL),('023130000','San Manuel','023100000',4,4,NULL,'','N',NULL),('023131000','San Mariano','023100000',1,4,NULL,'','N',NULL),('023132000','San Mateo','023100000',1,4,NULL,'','N',NULL),('023133000','San Pablo','023100000',2,4,NULL,'','N',NULL),('023134000','Santa Maria','023100000',4,4,NULL,'','N',NULL),('023135000','City of Santiago','023100000',1,3,NULL,'','N',NULL),('023136000','Santo Tomas','023100000',4,4,NULL,'','N',NULL),('023137000','Tumauini','023100000',1,4,NULL,'','N',NULL),('025000000','Nueva Vizcaya','020000000',2,2,NULL,'','N',NULL),('025001000','Ambaguio','025000000',5,4,NULL,'','N',NULL),('025002000','Aritao','025000000',2,4,NULL,'','N',NULL),('025003000','Bagabag','025000000',2,4,NULL,'','N',NULL),('025004000','Bambang','025000000',1,4,NULL,'','N',NULL),('025005000','Bayombong','025000000',1,4,NULL,'','N',NULL),('025006000','Diadi','025000000',4,4,NULL,'','N',NULL),('025007000','Dupax Del Norte','025000000',3,4,NULL,'','N',NULL),('025008000','Dupax Del Sur','025000000',2,4,NULL,'','N',NULL),('025009000','Kasibu','025000000',3,4,NULL,'','N',NULL),('025010000','Kayapa','025000000',3,4,NULL,'','N',NULL),('025011000','Quezon','025000000',4,4,NULL,'','N',NULL),('025012000','Santa Fe','025000000',3,4,NULL,'','N',NULL),('025013000','Solano','025000000',1,4,NULL,'','N',NULL),('025014000','Villaverde','025000000',5,4,NULL,'','N',NULL),('025015000','Alfonso Castaneda','025000000',1,4,NULL,'','N',NULL),('025700000','Quirino','020000000',3,2,NULL,'','N',NULL),('025701000','Aglipay','025700000',3,4,NULL,'','N',NULL),('025702000','Cabarroguis','025700000',3,4,NULL,'','N',NULL),('025703000','Diffun','025700000',2,4,NULL,'','N',NULL),('025704000','Maddela','025700000',1,4,NULL,'','N',NULL),('025705000','Saguday','025700000',5,4,NULL,'','N',NULL),('025706000','Nagtipunan','025700000',1,4,NULL,'','N',NULL),('030000000','Region III  Central Luzon',NULL,NULL,1,NULL,'','N',NULL),('030800000','Bataan','030000000',1,2,NULL,'','N',NULL),('030801000','Abucay','030800000',3,4,NULL,'','N',NULL),('030802000','Bagac','030800000',3,4,NULL,'','N',NULL),('030803000','City of Balanga','030800000',4,3,NULL,'','N',NULL),('030804000','Dinalupihan','030800000',1,4,NULL,'','N',NULL),('030805000','Hermosa','030800000',1,4,NULL,'','N',NULL),('030806000','Limay','030800000',1,4,NULL,'','N',NULL),('030807000','Mariveles','030800000',1,4,NULL,'','N',NULL),('030808000','Morong','030800000',3,4,NULL,'','N',NULL),('030809000','Orani','030800000',1,4,NULL,'','N',NULL),('030810000','Orion','030800000',2,4,NULL,'','N',NULL),('030811000','Pilar','030800000',3,4,NULL,'','N',NULL),('030812000','Samal','030800000',4,4,NULL,'','N',NULL),('031400000','Bulacan','030000000',1,2,NULL,'','N',NULL),('031401000','Angat','031400000',1,4,NULL,'','N',NULL),('031402000','Balagtas (Bigaa)','031400000',1,4,NULL,'','N',NULL),('031403000','Baliuag','031400000',1,4,NULL,'','N',NULL),('031404000','Bocaue','031400000',1,4,NULL,'','N',NULL),('031405000','Bulacan','031400000',1,4,NULL,'','N',NULL),('031406000','Bustos','031400000',2,4,NULL,'','N',NULL),('031407000','Calumpit','031400000',1,4,NULL,'','N',NULL),('031408000','Guiguinto','031400000',1,4,NULL,'','N',NULL),('031409000','Hagonoy','031400000',1,4,NULL,'','N',NULL),('031410000','City of Malolos','031400000',3,3,NULL,'','N',NULL),('031411000','Marilao','031400000',1,4,NULL,'','N',NULL),('031412000','City of Meycauayan','031400000',3,3,NULL,'','N',NULL),('031413000','Norzagaray','031400000',1,4,NULL,'','N',NULL),('031414000','Obando','031400000',2,4,NULL,'','N',NULL),('031415000','Pandi','031400000',2,4,NULL,'','N',NULL),('031416000','Paombong','031400000',3,4,NULL,'','N',NULL),('031417000','Plaridel','031400000',1,4,NULL,'','N',NULL),('031418000','Pulilan','031400000',1,4,NULL,'','N',NULL),('031419000','San Ildefonso','031400000',1,4,NULL,'','N',NULL),('031420000','City of San Jose Del Monte','031400000',1,3,NULL,'','N',NULL),('031421000','San Miguel','031400000',1,4,NULL,'','N',NULL),('031422000','San Rafael','031400000',1,4,NULL,'','N',NULL),('031423000','Santa Maria','031400000',1,4,NULL,'','N',NULL),('031424000','Doa Remedios Trinidad','031400000',1,4,NULL,'','N',NULL),('034900000','Nueva Ecija','030000000',1,2,NULL,'','N',NULL),('034901000','Aliaga','034900000',2,4,NULL,'','N',NULL),('034902000','Bongabon','034900000',2,4,NULL,'','N',NULL),('034903000','Cabanatuan City','034900000',1,3,NULL,'','N',NULL),('034904000','Cabiao','034900000',1,4,NULL,'','N',NULL),('034905000','Carranglan','034900000',1,4,NULL,'','N',NULL),('034906000','Cuyapo','034900000',1,4,NULL,'','N',NULL),('034907000','Gabaldon (bitulok & Sabani)','034900000',3,4,NULL,'','N',NULL),('034908000','City of Gapan','034900000',4,3,NULL,'','N',NULL),('034909000','General Mamerto Natividad','034900000',4,4,NULL,'','N',NULL),('034910000','General Tinio (Papaya)','034900000',1,4,NULL,'','N',NULL),('034911000','Guimba','034900000',1,4,NULL,'','N',NULL),('034912000','Jaen','034900000',2,4,NULL,'','N',NULL),('034913000','Laur','034900000',3,4,NULL,'','N',NULL),('034914000','Licab','034900000',4,4,NULL,'','N',NULL),('034915000','Llanera','034900000',4,4,NULL,'','N',NULL),('034916000','Lupao','034900000',3,4,NULL,'','N',NULL),('034917000','Science City of Muoz','034900000',4,3,NULL,'','N',NULL),('034918000','Nampicuan','034900000',5,4,NULL,'','N',NULL),('034919000','Palayan City','034900000',5,3,NULL,'','N',NULL),('034920000','Pantabangan','034900000',1,4,NULL,'','N',NULL),('034921000','Pearanda','034900000',4,4,NULL,'','N',NULL),('034922000','Quezon','034900000',4,4,NULL,'','N',NULL),('034923000','Rizal','034900000',2,4,NULL,'','N',NULL),('034924000','San Antonio','034900000',1,4,NULL,'','N',NULL),('034925000','San Isidro','034900000',2,4,NULL,'','N',NULL),('034926000','San Jose City','034900000',3,3,NULL,'','N',NULL),('034927000','San Leonardo','034900000',1,4,NULL,'','N',NULL),('034928000','Santa Rosa','034900000',1,4,NULL,'','N',NULL),('034929000','Santo Domingo','034900000',3,4,NULL,'','N',NULL),('034930000','Talavera','034900000',1,4,NULL,'','N',NULL),('034931000','Talugtug','034900000',4,4,NULL,'','N',NULL),('034932000','Zaragoza','034900000',3,4,NULL,'','N',NULL),('035400000','Pampanga','030000000',1,2,NULL,'','N',NULL),('035401000','Angeles City','035400000',1,3,2,'','N',NULL),('035402000','Apalit','035400000',1,4,NULL,'','N',NULL),('035403000','Arayat','035400000',1,4,NULL,'','N',NULL),('035404000','Bacolor','035400000',3,4,NULL,'','N',NULL),('035405000','Candaba','035400000',1,4,NULL,'','N',NULL),('035406000','Floridablanca','035400000',1,4,NULL,'','N',NULL),('035407000','Guagua','035400000',1,4,NULL,'','N',NULL),('035408000','Lubao','035400000',1,4,NULL,'','N',NULL),('035409000','Mabalacat City','035400000',NULL,3,3,'','N',NULL),('035410000','Macabebe','035400000',1,4,NULL,'','N',NULL),('035411000','Magalang','035400000',1,4,NULL,'','N',NULL),('035412000','Masantol','035400000',2,4,NULL,'','N',NULL),('035413000','Mexico','035400000',1,4,NULL,'','N',NULL),('035414000','Minalin','035400000',4,4,NULL,'','N',NULL),('035415000','Porac','035400000',1,4,NULL,'','N',NULL),('035416000','City of San Fernando','035400000',1,3,3,'','N',NULL),('035417000','San Luis','035400000',3,4,NULL,'','N',NULL),('035418000','San Simon','035400000',4,4,NULL,'','N',NULL),('035419000','Santa Ana','035400000',3,4,NULL,'','N',NULL),('035420000','Santa Rita','035400000',4,4,NULL,'','N',NULL),('035421000','Santo Tomas','035400000',4,4,NULL,'','N',NULL),('035422000','Sasmuan (Sexmoan)','035400000',4,4,NULL,'','N',NULL),('036900000','Tarlac','030000000',1,2,NULL,'','N',NULL),('036901000','Anao','036900000',5,4,NULL,'','N',NULL),('036902000','Bamban','036900000',2,4,NULL,'','N',NULL),('036903000','Camiling','036900000',1,4,NULL,'','N',NULL),('036904000','Capas','036900000',1,4,NULL,'','N',NULL),('036905000','Concepcion','036900000',1,4,NULL,'','N',NULL),('036906000','Gerona','036900000',1,4,NULL,'','N',NULL),('036907000','La Paz','036900000',2,4,NULL,'','N',NULL),('036908000','Mayantoc','036900000',3,4,NULL,'','N',NULL),('036909000','Moncada','036900000',1,4,NULL,'','N',NULL),('036910000','Paniqui','036900000',1,4,NULL,'','N',NULL),('036911000','Pura','036900000',4,4,NULL,'','N',NULL),('036912000','Ramos','036900000',5,4,NULL,'','N',NULL),('036913000','San Clemente','036900000',5,4,NULL,'','N',NULL),('036914000','San Manuel','036900000',4,4,NULL,'','N',NULL),('036915000','Santa Ignacia','036900000',2,4,NULL,'','N',NULL),('036916000','City of Tarlac','036900000',1,4,3,'','N',NULL),('036917000','Victoria','036900000',2,4,NULL,'','N',NULL),('036918000','San Jose','036900000',3,4,NULL,'','N',NULL),('037100000','Zambales','030000000',2,2,NULL,'','N',NULL),('037101000','Botolan','037100000',1,4,NULL,'','N',NULL),('037102000','Cabangan','037100000',4,4,NULL,'','N',NULL),('037103000','Candelaria','037100000',3,4,NULL,'','N',NULL),('037104000','Castillejos','037100000',3,4,NULL,'','N',NULL),('037105000','Iba','037100000',2,4,NULL,'','N',NULL),('037106000','Masinloc','037100000',1,4,NULL,'','N',NULL),('037107000','Olongapo City','037100000',1,3,2,'','N',NULL),('037108000','Palauig','037100000',3,4,NULL,'','N',NULL),('037109000','San Antonio','037100000',2,4,NULL,'','N',NULL),('037110000','San Felipe','037100000',4,4,NULL,'','N',NULL),('037111000','San Marcelino','037100000',1,4,NULL,'','N',NULL),('037112000','San Narciso','037100000',4,4,NULL,'','N',NULL),('037113000','Santa Cruz','037100000',1,4,NULL,'','N',NULL),('037114000','Subic','037100000',1,4,NULL,'','N',NULL),('037700000','Aurora','030000000',3,2,NULL,'','N',NULL),('037701000','Baler','037700000',3,4,NULL,'','N',NULL),('037702000','Casiguran','037700000',2,4,NULL,'','N',NULL),('037703000','Dilasag','037700000',3,4,NULL,'','N',NULL),('037704000','Dinalungan','037700000',4,4,NULL,'','N',NULL),('037705000','Dingalan','037700000',3,4,NULL,'','N',NULL),('037706000','Dipaculao','037700000',3,4,NULL,'','N',NULL),('037707000','Maria Aurora','037700000',2,4,NULL,'','N',NULL),('037708000','San Luis','037700000',2,4,NULL,'','N',NULL),('040000000','Region IVA  CALABARZON',NULL,NULL,1,NULL,'','N',NULL),('041000000','Batangas','040000000',1,2,NULL,'','N',NULL),('041001000','Agoncillo','041000000',4,4,NULL,'','N',NULL),('041002000','Alitagtag','041000000',4,4,NULL,'','N',NULL),('041003000','Balayan','041000000',1,4,NULL,'','N',NULL),('041004000','Balete','041000000',5,4,NULL,'','N',NULL),('041005000','Batangas City','041000000',1,3,3,'','N',NULL),('041006000','Bauan','041000000',1,4,NULL,'','N',NULL),('041007000','Calaca','041000000',1,4,NULL,'','N',NULL),('041008000','Calatagan','041000000',2,4,NULL,'','N',NULL),('041009000','Cuenca','041000000',4,4,NULL,'','N',NULL),('041010000','Ibaan','041000000',2,4,NULL,'','N',NULL),('041011000','Laurel','041000000',3,4,NULL,'','N',NULL),('041012000','Lemery','041000000',1,4,NULL,'','N',NULL),('041013000','Lian','041000000',3,4,NULL,'','N',NULL),('041014000','Lipa City','041000000',1,3,3,'','N',NULL),('041015000','Lobo','041000000',3,4,NULL,'','N',NULL),('041016000','Mabini','041000000',1,4,NULL,'','N',NULL),('041017000','Malvar','041000000',2,4,NULL,'','N',NULL),('041018000','Mataasnakahoy','041000000',4,4,NULL,'','N',NULL),('041019000','Nasugbu','041000000',1,4,NULL,'','N',NULL),('041020000','Padre Garcia','041000000',2,4,NULL,'','N',NULL),('041021000','Rosario','041000000',1,4,NULL,'','N',NULL),('041022000','San Jose','041000000',1,4,NULL,'','N',NULL),('041023000','San Juan','041000000',1,4,NULL,'','N',NULL),('041024000','San Luis','041000000',4,4,NULL,'','N',NULL),('041025000','San Nicolas','041000000',5,4,NULL,'','N',NULL),('041026000','San Pascual','041000000',1,4,NULL,'','N',NULL),('041027000','Santa Teresita','041000000',5,4,NULL,'','N',NULL),('041028000','Santo Tomas','041000000',1,4,NULL,'','N',NULL),('041029000','Taal','041000000',3,4,NULL,'','N',NULL),('041030000','Talisay','041000000',3,4,NULL,'','N',NULL),('041031000','City of Tanauan','041000000',2,3,3,'','N',NULL),('041032000','Taysan','041000000',2,4,NULL,'','N',NULL),('041033000','Tingloy','041000000',5,4,NULL,'','N',NULL),('041034000','Tuy','041000000',3,4,NULL,'','N',NULL),('042100000','Cavite','040000000',1,2,NULL,'','N',NULL),('042101000','Alfonso','042100000',1,4,NULL,'','N',NULL),('042102000','Amadeo','042100000',4,4,NULL,'','N',NULL),('042103000','Bacoor City','042100000',NULL,3,3,'','N',NULL),('042104000','Carmona','042100000',1,4,NULL,'','N',NULL),('042105000','Cavite City','042100000',4,3,3,'','N',NULL),('042106000','City of Dasmarias','042100000',NULL,3,3,'','N',NULL),('042107000','General Emilio Aguinaldo','042100000',5,4,NULL,'','N',NULL),('042108000','City of General Trias','042100000',1,3,NULL,'','N',NULL),('042109000','Imus City','042100000',NULL,3,3,'','N',NULL),('042110000','Indang','042100000',1,4,NULL,'','N',NULL),('042111000','Kawit','042100000',1,4,NULL,'','N',NULL),('042112000','Magallanes','042100000',4,4,NULL,'','N',NULL),('042113000','Maragondon','042100000',3,4,NULL,'','N',NULL),('042114000','Mendez (Mendez-Nuez)','042100000',4,4,NULL,'','N',NULL),('042115000','Naic','042100000',1,4,NULL,'','N',NULL),('042116000','Noveleta','042100000',3,4,NULL,'','N',NULL),('042117000','Rosario','042100000',1,4,NULL,'','N',NULL),('042118000','Silang','042100000',1,4,NULL,'','N',NULL),('042119000','Tagaytay City','042100000',2,3,3,'','N',NULL),('042120000','Tanza','042100000',1,4,NULL,'','N',NULL),('042121000','Ternate','042100000',4,4,NULL,'','N',NULL),('042122000','Trece Martires City','042100000',4,3,3,'','N',NULL),('042123000','Gen. Mariano Alvarez','042100000',1,4,NULL,'','N',NULL),('043400000','Laguna','040000000',1,2,NULL,'','N',NULL),('043401000','Alaminos','043400000',3,4,NULL,'','N',NULL),('043402000','Bay','043400000',2,4,NULL,'','N',NULL),('043403000','City of Bian','043400000',NULL,3,3,'','N',NULL),('043404000','Cabuyao City','043400000',NULL,3,3,'','N',NULL),('043405000','City of Calamba','043400000',1,3,3,'','N',NULL),('043406000','Calauan','043400000',2,4,NULL,'','N',NULL),('043407000','Cavinti','043400000',3,4,NULL,'','N',NULL),('043408000','Famy','043400000',5,4,NULL,'','N',NULL),('043409000','Kalayaan','043400000',3,4,NULL,'','N',NULL),('043410000','Liliw','043400000',4,4,NULL,'','N',NULL),('043411000','Los Baos','043400000',1,4,NULL,'','N',NULL),('043412000','Luisiana','043400000',4,4,NULL,'','N',NULL),('043413000','Lumban','043400000',3,4,NULL,'','N',NULL),('043414000','Mabitac','043400000',5,4,NULL,'','N',NULL),('043415000','Magdalena','043400000',4,4,NULL,'','N',NULL),('043416000','Majayjay','043400000',4,4,NULL,'','N',NULL),('043417000','Nagcarlan','043400000',2,4,NULL,'','N',NULL),('043418000','Paete','043400000',4,4,NULL,'','N',NULL),('043419000','Pagsanjan','043400000',3,4,NULL,'','N',NULL),('043420000','Pakil','043400000',5,4,NULL,'','N',NULL),('043421000','Pangil','043400000',4,4,NULL,'','N',NULL),('043422000','Pila','043400000',3,4,NULL,'','N',NULL),('043423000','Rizal','043400000',5,4,NULL,'','N',NULL),('043424000','San Pablo City','043400000',1,3,3,'','N',NULL),('043425000','City of San Pedro','043400000',NULL,3,3,'','N',NULL),('043426000','Santa Cruz','043400000',1,4,NULL,'','N',NULL),('043427000','Santa Maria','043400000',4,4,NULL,'','N',NULL),('043428000','City of Santa Rosa','043400000',1,3,3,'','N',NULL),('043429000','Siniloan','043400000',2,4,NULL,'','N',NULL),('043430000','Victoria','043400000',4,4,NULL,'','N',NULL),('045600000','Quezon','040000000',1,2,NULL,'','N',NULL),('045601000','Agdangan','045600000',5,4,NULL,'','N',NULL),('045602000','Alabat','045600000',5,4,NULL,'','N',NULL),('045603000','Atimonan','045600000',1,4,NULL,'','N',NULL),('045605000','Buenavista','045600000',4,4,NULL,'','N',NULL),('045606000','Burdeos','045600000',4,4,NULL,'','N',NULL),('045607000','Calauag','045600000',1,4,NULL,'','N',NULL),('045608000','Candelaria','045600000',1,4,NULL,'','N',NULL),('045610000','Catanauan','045600000',1,4,NULL,'','N',NULL),('045615000','Dolores','045600000',4,4,NULL,'','N',NULL),('045616000','General Luna','045600000',4,4,NULL,'','N',NULL),('045617000','General Nakar','045600000',1,4,NULL,'','N',NULL),('045618000','Guinayangan','045600000',3,4,NULL,'','N',NULL),('045619000','Gumaca','045600000',1,4,NULL,'','N',NULL),('045620000','Infanta','045600000',1,4,NULL,'','N',NULL),('045621000','Jomalig','045600000',5,4,NULL,'','N',NULL),('045622000','Lopez','045600000',1,4,NULL,'','N',NULL),('045623000','Lucban','045600000',2,4,NULL,'','N',NULL),('045624000','Lucena City','045600000',2,3,2,'','N',NULL),('045625000','Macalelon','045600000',4,4,NULL,'','N',NULL),('045627000','Mauban','045600000',1,4,NULL,'','N',NULL),('045628000','Mulanay','045600000',1,4,NULL,'','N',NULL),('045629000','Padre Burgos','045600000',4,4,NULL,'','N',NULL),('045630000','Pagbilao','045600000',1,4,NULL,'','N',NULL),('045631000','Panukulan','045600000',4,4,NULL,'','N',NULL),('045632000','Patnanungan','045600000',5,4,NULL,'','N',NULL),('045633000','Perez','045600000',5,4,NULL,'','N',NULL),('045634000','Pitogo','045600000',4,4,NULL,'','N',NULL),('045635000','Plaridel','045600000',5,4,NULL,'','N',NULL),('045636000','Polillo','045600000',3,4,NULL,'','N',NULL),('045637000','Quezon','045600000',5,4,NULL,'','N',NULL),('045638000','Real','045600000',1,4,NULL,'','N',NULL),('045639000','Sampaloc','045600000',5,4,NULL,'','N',NULL),('045640000','San Andres','045600000',4,4,NULL,'','N',NULL),('045641000','San Antonio','045600000',4,4,NULL,'','N',NULL),('045642000','San Francisco (Aurora)','045600000',2,4,NULL,'','N',NULL),('045644000','San Narciso','045600000',3,4,NULL,'','N',NULL),('045645000','Sariaya','045600000',1,4,NULL,'','N',NULL),('045646000','Tagkawayan','045600000',1,4,NULL,'','N',NULL),('045647000','City of Tayabas','045600000',6,3,3,'','N',NULL),('045648000','Tiaong','045600000',1,4,NULL,'','N',NULL),('045649000','Unisan','045600000',4,4,NULL,'','N',NULL),('045800000','Rizal','040000000',1,2,NULL,'','N',NULL),('045801000','Angono','045800000',1,4,NULL,'','N',NULL),('045802000','City of Antipolo','045800000',1,3,3,'','N',NULL),('045803000','Baras','045800000',4,4,NULL,'','N',NULL),('045804000','Binangonan','045800000',1,4,NULL,'','N',NULL),('045805000','Cainta','045800000',1,4,NULL,'','N',NULL),('045806000','Cardona','045800000',3,4,NULL,'','N',NULL),('045807000','Jala-Jala','045800000',4,4,NULL,'','N',NULL),('045808000','Rodriguez (Montalban)','045800000',1,4,NULL,'','N',NULL),('045809000','Morong','045800000',2,4,NULL,'','N',NULL),('045810000','Pililla','045800000',1,4,NULL,'','N',NULL),('045811000','San Mateo','045800000',1,4,NULL,'','N',NULL),('045812000','Tanay','045800000',1,4,NULL,'','N',NULL),('045813000','Taytay','045800000',1,4,NULL,'','N',NULL),('045814000','Teresa','045800000',2,4,NULL,'','N',NULL),('050000000','Region V  Bicol',NULL,NULL,1,NULL,'','N',NULL),('050500000','Albay','050000000',1,2,NULL,'','N',NULL),('050501000','Bacacay','050500000',2,4,NULL,'','N',NULL),('050502000','Camalig','050500000',1,4,NULL,'','N',NULL),('050503000','Daraga (Locsin)','050500000',1,4,NULL,'','N',NULL),('050504000','Guinobatan','050500000',1,4,NULL,'','N',NULL),('050505000','Jovellar','050500000',4,4,NULL,'','N',NULL),('050506000','Legazpi City','050500000',2,3,3,'','N',NULL),('050507000','Libon','050500000',1,4,NULL,'','N',NULL),('050508000','City of Ligao','050500000',4,3,3,'','N',NULL),('050509000','Malilipot','050500000',4,4,NULL,'','N',NULL),('050510000','Malinao','050500000',3,4,NULL,'','N',NULL),('050511000','Manito','050500000',4,4,NULL,'','N',NULL),('050512000','Oas','050500000',1,4,NULL,'','N',NULL),('050513000','Pio Duran','050500000',3,4,NULL,'','N',NULL),('050514000','Polangui','050500000',1,4,NULL,'','N',NULL),('050515000','Rapu-rapu','050500000',3,4,NULL,'','N',NULL),('050516000','Santo Domingo (Libog)','050500000',4,4,NULL,'','N',NULL),('050517000','City of Tabaco','050500000',4,3,3,'','N',NULL),('050518000','Tiwi','050500000',1,4,NULL,'','N',NULL),('051600000','Camarines Norte','050000000',2,2,NULL,'','N',NULL),('051601000','Basud','051600000',3,4,NULL,'','N',NULL),('051602000','Capalonga','051600000',3,4,NULL,'','N',NULL),('051603000','Daet','051600000',1,4,NULL,'','N',NULL),('051604000','San Lorenzo Ruiz (Imelda)','051600000',5,4,NULL,'','N',NULL),('051605000','Jose Panganiban','051600000',2,4,NULL,'','N',NULL),('051606000','Labo','051600000',1,4,NULL,'','N',NULL),('051607000','Mercedes','051600000',2,4,NULL,'','N',NULL),('051608000','Paracale','051600000',3,4,NULL,'','N',NULL),('051609000','San Vicente','051600000',5,4,NULL,'','N',NULL),('051610000','Santa Elena','051600000',3,4,NULL,'','N',NULL),('051611000','Talisay','051600000',4,4,NULL,'','N',NULL),('051612000','Vinzons','051600000',3,4,NULL,'','N',NULL),('051700000','Camarines Sur','050000000',1,2,NULL,'','N',NULL),('051701000','Baao','051700000',3,4,NULL,'','N',NULL),('051702000','Balatan','051700000',4,4,NULL,'','N',NULL),('051703000','Bato','051700000',3,4,NULL,'','N',NULL),('051704000','Bombon','051700000',5,4,NULL,'','N',NULL),('051705000','Buhi','051700000',1,4,NULL,'','N',NULL),('051706000','Bula','051700000',2,4,NULL,'','N',NULL),('051707000','Cabusao','051700000',5,4,NULL,'','N',NULL),('051708000','Calabanga','051700000',1,4,NULL,'','N',NULL),('051709000','Camaligan','051700000',5,4,NULL,'','N',NULL),('051710000','Canaman','051700000',4,4,NULL,'','N',NULL),('051711000','Caramoan','051700000',2,4,NULL,'','N',NULL),('051712000','Del Gallego','051700000',4,4,NULL,'','N',NULL),('051713000','Gainza','051700000',5,4,NULL,'','N',NULL),('051714000','Garchitorena','051700000',4,4,NULL,'','N',NULL),('051715000','Goa','051700000',2,4,NULL,'','N',NULL),('051716000','Iriga City','051700000',4,3,3,'','N',NULL),('051717000','Lagonoy','051700000',2,4,NULL,'','N',NULL),('051718000','Libmanan','051700000',1,4,NULL,'','N',NULL),('051719000','Lupi','051700000',3,4,NULL,'','N',NULL),('051720000','Magarao','051700000',4,4,NULL,'','N',NULL),('051721000','Milaor','051700000',4,4,NULL,'','N',NULL),('051722000','Minalabac','051700000',3,4,NULL,'','N',NULL),('051723000','Nabua','051700000',1,4,NULL,'','N',NULL),('051724000','Naga City','051700000',2,3,4,'','N',NULL),('051725000','Ocampo','051700000',3,4,NULL,'','N',NULL),('051726000','Pamplona','051700000',4,4,NULL,'','N',NULL),('051727000','Pasacao','051700000',3,4,NULL,'','N',NULL),('051728000','Pili','051700000',1,4,NULL,'','N',NULL),('051729000','Presentacion (Parubcan)','051700000',4,4,NULL,'','N',NULL),('051730000','Ragay','051700000',1,4,NULL,'','N',NULL),('051731000','Sagay','051700000',4,4,NULL,'','N',NULL),('051732000','San Fernando','051700000',4,4,NULL,'','N',NULL),('051733000','San Jose','051700000',4,4,NULL,'','N',NULL),('051734000','Sipocot','051700000',1,4,NULL,'','N',NULL),('051735000','Siruma','051700000',4,4,NULL,'','N',NULL),('051736000','Tigaon','051700000',3,4,NULL,'','N',NULL),('051737000','Tinambac','051700000',1,4,NULL,'','N',NULL),('052000000','Catanduanes','050000000',3,2,NULL,'','N',NULL),('052001000','Bagamanoc','052000000',5,4,NULL,'','N',NULL),('052002000','Baras','052000000',5,4,NULL,'','N',NULL),('052003000','Bato','052000000',5,4,NULL,'','N',NULL),('052004000','Caramoran','052000000',3,4,NULL,'','N',NULL),('052005000','Gigmoto','052000000',5,4,NULL,'','N',NULL),('052006000','Pandan','052000000',4,4,NULL,'','N',NULL),('052007000','Panganiban (Payo)','052000000',5,4,NULL,'','N',NULL),('052008000','San Andres (Calolbon)','052000000',3,4,NULL,'','N',NULL),('052009000','San Miguel','052000000',5,4,NULL,'','N',NULL),('052010000','Viga','052000000',4,4,NULL,'','N',NULL),('052011000','Virac','052000000',1,4,NULL,'','N',NULL),('054100000','Masbate','050000000',1,2,NULL,'','N',NULL),('054101000','Aroroy','054100000',1,4,NULL,'','N',NULL),('054102000','Baleno','054100000',4,4,NULL,'','N',NULL),('054103000','Balud','054100000',4,4,NULL,'','N',NULL),('054104000','Batuan','054100000',5,4,NULL,'','N',NULL),('054105000','Cataingan','054100000',2,4,NULL,'','N',NULL),('054106000','Cawayan','054100000',2,4,NULL,'','N',NULL),('054107000','Claveria','054100000',3,4,NULL,'','N',NULL),('054108000','Dimasalang','054100000',4,4,NULL,'','N',NULL),('054109000','Esperanza','054100000',5,4,NULL,'','N',NULL),('054110000','Mandaon','054100000',3,4,NULL,'','N',NULL),('054111000','City of Masbate','054100000',4,3,3,'','N',NULL),('054112000','Milagros','054100000',1,4,NULL,'','N',NULL),('054113000','Mobo','054100000',4,4,NULL,'','N',NULL),('054114000','Monreal','054100000',4,4,NULL,'','N',NULL),('054115000','Palanas','054100000',4,4,NULL,'','N',NULL),('054116000','Pio V. Corpuz (Limbuhan)','054100000',4,4,NULL,'','N',NULL),('054117000','Placer','054100000',2,4,NULL,'','N',NULL),('054118000','San Fernando','054100000',5,4,NULL,'','N',NULL),('054119000','San Jacinto','054100000',4,4,NULL,'','N',NULL),('054120000','San Pascual','054100000',3,4,NULL,'','N',NULL),('054121000','Uson','054100000',3,4,NULL,'','N',NULL),('056200000','Sorsogon','050000000',2,2,NULL,'','N',NULL),('056202000','Barcelona','056200000',5,4,NULL,'','N',NULL),('056203000','Bulan','056200000',1,4,NULL,'','N',NULL),('056204000','Bulusan','056200000',4,4,NULL,'','N',NULL),('056205000','Casiguran','056200000',4,4,NULL,'','N',NULL),('056206000','Castilla','056200000',3,4,NULL,'','N',NULL),('056207000','Donsol','056200000',3,4,NULL,'','N',NULL),('056208000','Gubat','056200000',2,4,NULL,'','N',NULL),('056209000','Irosin','056200000',2,4,NULL,'','N',NULL),('056210000','Juban','056200000',4,4,NULL,'','N',NULL),('056211000','Magallanes','056200000',3,4,NULL,'','N',NULL),('056212000','Matnog','056200000',3,4,NULL,'','N',NULL),('056213000','Pilar','056200000',1,4,NULL,'','N',NULL),('056214000','Prieto Diaz','056200000',5,4,NULL,'','N',NULL),('056215000','Santa Magdalena','056200000',5,4,NULL,'','N',NULL),('056216000','City of Sorsogon','056200000',3,3,3,'','N',NULL),('060000000','Region VI  Western Visayas',NULL,NULL,1,NULL,'','N',NULL),('060400000','Aklan','060000000',2,2,NULL,'','N',NULL),('060401000','Altavas','060400000',4,4,NULL,'','N',NULL),('060402000','Balete','060400000',4,4,NULL,'','N',NULL),('060403000','Banga','060400000',3,4,NULL,'','N',NULL),('060404000','Batan','060400000',4,4,NULL,'','N',NULL),('060405000','Buruanga','060400000',5,4,NULL,'','N',NULL),('060406000','Ibajay','060400000',3,4,NULL,'','N',NULL),('060407000','Kalibo','060400000',1,4,NULL,'','N',NULL),('060408000','Lezo','060400000',5,4,NULL,'','N',NULL),('060409000','Libacao','060400000',3,4,NULL,'','N',NULL),('060410000','Madalag','060400000',4,4,NULL,'','N',NULL),('060411000','Makato','060400000',4,4,NULL,'','N',NULL),('060412000','Malay','060400000',1,4,NULL,'','N',NULL),('060413000','Malinao','060400000',4,4,NULL,'','N',NULL),('060414000','Nabas','060400000',4,4,NULL,'','N',NULL),('060415000','New Washington','060400000',3,4,NULL,'','N',NULL),('060416000','Numancia','060400000',4,4,NULL,'','N',NULL),('060417000','Tangalan','060400000',5,4,NULL,'','N',NULL),('060600000','Antique','060000000',2,2,NULL,'','N',NULL),('060601000','Anini-y','060600000',4,4,NULL,'','N',NULL),('060602000','Barbaza','060600000',4,4,NULL,'','N',NULL),('060603000','Belison','060600000',5,4,NULL,'','N',NULL),('060604000','Bugasong','060600000',3,4,NULL,'','N',NULL),('060605000','Caluya','060600000',1,4,NULL,'','N',NULL),('060606000','Culasi','060600000',3,4,NULL,'','N',NULL),('060607000','Tobias Fornier (dao)','060600000',4,4,NULL,'','N',NULL),('060608000','Hamtic','060600000',3,4,NULL,'','N',NULL),('060609000','Laua-an','060600000',4,4,NULL,'','N',NULL),('060610000','Libertad','060600000',5,4,NULL,'','N',NULL),('060611000','Pandan','060600000',4,4,NULL,'','N',NULL),('060612000','Patnongon','060600000',3,4,NULL,'','N',NULL),('060613000','San Jose','060600000',1,4,NULL,'','N',NULL),('060614000','San Remigio','060600000',3,4,NULL,'','N',NULL),('060615000','Sebaste','060600000',4,4,NULL,'','N',NULL),('060616000','Sibalom','060600000',2,4,NULL,'','N',NULL),('060617000','Tibiao','060600000',4,4,NULL,'','N',NULL),('060618000','Valderrama','060600000',4,4,NULL,'','N',NULL),('061900000','Capiz','060000000',1,2,NULL,'','N',NULL),('061901000','Cuartero','061900000',4,4,NULL,'','N',NULL),('061902000','Dao','061900000',4,4,NULL,'','N',NULL),('061903000','Dumalag','061900000',4,4,NULL,'','N',NULL),('061904000','Dumarao','061900000',2,4,NULL,'','N',NULL),('061905000','Ivisan','061900000',4,4,NULL,'','N',NULL),('061906000','Jamindan','061900000',2,4,NULL,'','N',NULL),('061907000','Ma-ayon','061900000',3,4,NULL,'','N',NULL),('061908000','Mambusao','061900000',3,4,NULL,'','N',NULL),('061909000','Panay','061900000',3,4,NULL,'','N',NULL),('061910000','Panitan','061900000',3,4,NULL,'','N',NULL),('061911000','Pilar','061900000',3,4,NULL,'','N',NULL),('061912000','Pontevedra','061900000',3,4,NULL,'','N',NULL),('061913000','President Roxas','061900000',4,4,NULL,'','N',NULL),('061914000','Roxas City','061900000',3,3,3,'','N',NULL),('061915000','Sapi-an','061900000',4,4,NULL,'','N',NULL),('061916000','Sigma','061900000',4,4,NULL,'','N',NULL),('061917000','Tapaz','061900000',1,4,NULL,'','N',NULL),('063000000','Iloilo','060000000',1,2,NULL,'','N',NULL),('063001000','Ajuy','063000000',2,4,NULL,'','N',NULL),('063002000','Alimodian','063000000',3,4,NULL,'','N',NULL),('063003000','Anilao','063000000',4,4,NULL,'','N',NULL),('063004000','Badiangan','063000000',4,4,NULL,'','N',NULL),('063005000','Balasan','063000000',4,4,NULL,'','N',NULL),('063006000','Banate','063000000',4,4,NULL,'','N',NULL),('063007000','Barotac Nuevo','063000000',2,4,NULL,'','N',NULL),('063008000','Barotac Viejo','063000000',3,4,NULL,'','N',NULL),('063009000','Batad','063000000',5,4,NULL,'','N',NULL),('063010000','Bingawan','063000000',5,4,NULL,'','N',NULL),('063012000','Cabatuan','063000000',2,4,NULL,'','N',NULL),('063013000','Calinog','063000000',1,4,NULL,'','N',NULL),('063014000','Carles','063000000',2,4,NULL,'','N',NULL),('063015000','Concepcion','063000000',3,4,NULL,'','N',NULL),('063016000','Dingle','063000000',3,4,NULL,'','N',NULL),('063017000','Dueas','063000000',4,4,NULL,'','N',NULL),('063018000','Dumangas','063000000',1,4,NULL,'','N',NULL),('063019000','Estancia','063000000',2,4,NULL,'','N',NULL),('063020000','Guimbal','063000000',4,4,NULL,'','N',NULL),('063021000','Igbaras','063000000',3,4,NULL,'','N',NULL),('063022000','Iloilo City','063000000',1,3,2,'','N',NULL),('063023000','Janiuay','063000000',1,4,NULL,'','N',NULL),('063025000','Lambunao','063000000',1,4,NULL,'','N',NULL),('063026000','Leganes','063000000',4,4,NULL,'','N',NULL),('063027000','Lemery','063000000',4,4,NULL,'','N',NULL),('063028000','Leon','063000000',2,4,NULL,'','N',NULL),('063029000','Maasin','063000000',3,4,NULL,'','N',NULL),('063030000','Miagao','063000000',1,4,NULL,'','N',NULL),('063031000','Mina','063000000',5,4,NULL,'','N',NULL),('063032000','New Lucena','063000000',4,4,NULL,'','N',NULL),('063034000','Oton','063000000',1,4,NULL,'','N',NULL),('063035000','City of Passi','063000000',4,3,3,'','N',NULL),('063036000','Pavia','063000000',2,4,NULL,'','N',NULL),('063037000','Pototan','063000000',1,4,NULL,'','N',NULL),('063038000','San Dionisio','063000000',4,4,NULL,'','N',NULL),('063039000','San Enrique','063000000',3,4,NULL,'','N',NULL),('063040000','San Joaquin','063000000',2,4,NULL,'','N',NULL),('063041000','San Miguel','063000000',4,4,NULL,'','N',NULL),('063042000','San Rafael','063000000',5,4,NULL,'','N',NULL),('063043000','Santa Barbara','063000000',2,4,NULL,'','N',NULL),('063044000','Sara','063000000',2,4,NULL,'','N',NULL),('063045000','Tigbauan','063000000',2,4,NULL,'','N',NULL),('063046000','Tubungan','063000000',4,4,NULL,'','N',NULL),('063047000','Zarraga','063000000',4,4,NULL,'','N',NULL),('067900000','Guimaras','060000000',4,2,NULL,'','N',NULL),('067901000','Buenavista','067900000',2,4,NULL,'','N',NULL),('067902000','Jordan','067900000',3,4,NULL,'','N',NULL),('067903000','Nueva Valencia','067900000',3,4,NULL,'','N',NULL),('067904000','San Lorenzo','067900000',5,4,NULL,'','N',NULL),('067905000','Sibunag','067900000',4,4,NULL,'','N',NULL),('070000000','Region VII  Central Visayas',NULL,NULL,1,NULL,'','N',NULL),('071200000','Bohol','070000000',1,2,NULL,'','N',NULL),('071201000','Alburquerque','071200000',5,4,NULL,'','N',NULL),('071202000','Alicia','071200000',4,4,NULL,'','N',NULL),('071203000','Anda','071200000',5,4,NULL,'','N',NULL),('071204000','Antequera','071200000',4,4,NULL,'','N',NULL),('071205000','Baclayon','071200000',4,4,NULL,'','N',NULL),('071206000','Balilihan','071200000',4,4,NULL,'','N',NULL),('071207000','Batuan','071200000',5,4,NULL,'','N',NULL),('071208000','Bilar','071200000',4,4,NULL,'','N',NULL),('071209000','Buenavista','071200000',4,4,NULL,'','N',NULL),('071210000','Calape','071200000',3,4,NULL,'','N',NULL),('071211000','Candijay','071200000',4,4,NULL,'','N',NULL),('071212000','Carmen','071200000',2,4,NULL,'','N',NULL),('071213000','Catigbian','071200000',4,4,NULL,'','N',NULL),('071214000','Clarin','071200000',5,4,NULL,'','N',NULL),('071215000','Corella','071200000',5,4,NULL,'','N',NULL),('071216000','Cortes','071200000',5,4,NULL,'','N',NULL),('071217000','Dagohoy','071200000',5,4,NULL,'','N',NULL),('071218000','Danao','071200000',4,4,NULL,'','N',NULL),('071219000','Dauis','071200000',4,4,NULL,'','N',NULL),('071220000','Dimiao','071200000',4,4,NULL,'','N',NULL),('071221000','Duero','071200000',4,4,NULL,'','N',NULL),('071222000','Garcia Hernandez','071200000',4,4,NULL,'','N',NULL),('071223000','Guindulman','071200000',4,4,NULL,'','N',NULL),('071224000','Inabanga','071200000',3,4,NULL,'','N',NULL),('071225000','Jagna','071200000',3,4,NULL,'','N',NULL),('071226000','Jetafe','071200000',3,4,NULL,'','N',NULL),('071227000','Lila','071200000',5,4,NULL,'','N',NULL),('071228000','Loay','071200000',5,4,NULL,'','N',NULL),('071229000','Loboc','071200000',4,4,NULL,'','N',NULL),('071230000','Loon','071200000',2,4,NULL,'','N',NULL),('071231000','Mabini','071200000',4,4,NULL,'','N',NULL),('071232000','Maribojoc','071200000',4,4,NULL,'','N',NULL),('071233000','Panglao','071200000',4,4,NULL,'','N',NULL),('071234000','Pilar','071200000',4,4,NULL,'','N',NULL),('071235000','Pres. Carlos P. Garcia (Pitogo)','071200000',4,4,NULL,'','N',NULL),('071236000','Sagbayan (Borja)','071200000',4,4,NULL,'','N',NULL),('071237000','San Isidro','071200000',5,4,NULL,'','N',NULL),('071238000','San Miguel','071200000',4,4,NULL,'','N',NULL),('071239000','Sevilla','071200000',5,4,NULL,'','N',NULL),('071240000','Sierra Bullones','071200000',3,4,NULL,'','N',NULL),('071241000','Sikatuna','071200000',5,4,NULL,'','N',NULL),('071242000','Tagbilaran City','071200000',3,3,3,'','N',NULL),('071243000','Talibon','071200000',1,4,NULL,'','N',NULL),('071244000','Trinidad','071200000',3,4,NULL,'','N',NULL),('071245000','Tubigon','071200000',1,4,NULL,'','N',NULL),('071246000','Ubay','071200000',1,4,NULL,'','N',NULL),('071247000','Valencia','071200000',4,4,NULL,'','N',NULL),('071248000','Bien Unido','071200000',4,4,NULL,'','N',NULL),('072200000','Cebu','070000000',1,2,NULL,'','N',NULL),('072201000','Alcantara','072200000',5,4,NULL,'','N',NULL),('072202000','Alcoy','072200000',5,4,NULL,'','N',NULL),('072203000','Alegria','072200000',4,4,NULL,'','N',NULL),('072204000','Aloguinsan','072200000',4,4,NULL,'','N',NULL),('072205000','Argao','072200000',1,4,NULL,'','N',NULL),('072206000','Asturias','072200000',3,4,NULL,'','N',NULL),('072207000','Badian','072200000',3,4,NULL,'','N',NULL),('072208000','Balamban','072200000',1,4,NULL,'','N',NULL),('072209000','Bantayan','072200000',1,4,NULL,'','N',NULL),('072210000','Barili','072200000',2,4,NULL,'','N',NULL),('072211000','City of Bogo','072200000',6,3,3,'','N',NULL),('072212000','Boljoon','072200000',5,4,NULL,'','N',NULL),('072213000','Borbon','072200000',4,4,NULL,'','N',NULL),('072214000','City of Carcar','072200000',5,3,3,'','N',NULL),('072215000','Carmen','072200000',3,4,NULL,'','N',NULL),('072216000','Catmon','072200000',4,4,NULL,'','N',NULL),('072217000','Cebu City','072200000',1,3,2,'','N',NULL),('072218000','Compostela','072200000',3,4,NULL,'','N',NULL),('072219000','Consolacion','072200000',1,4,NULL,'','N',NULL),('072220000','Cordova','072200000',3,4,NULL,'','N',NULL),('072221000','Daanbantayan','072200000',1,4,NULL,'','N',NULL),('072222000','Dalaguete','072200000',1,4,NULL,'','N',NULL),('072223000','Danao City','072200000',3,3,3,'','N',NULL),('072224000','Dumanjug','072200000',3,4,NULL,'','N',NULL),('072225000','Ginatilan','072200000',5,4,NULL,'','N',NULL),('072226000','Lapu-Lapu City (Opon)','072200000',1,3,2,'','N',NULL),('072227000','Liloan','072200000',1,4,NULL,'','N',NULL),('072228000','Madridejos','072200000',4,4,NULL,'','N',NULL),('072229000','Malabuyoc','072200000',5,4,NULL,'','N',NULL),('072230000','Mandaue City','072200000',1,3,2,'','N',NULL),('072231000','Medellin','072200000',2,4,NULL,'','N',NULL),('072232000','Minglanilla','072200000',1,4,NULL,'','N',NULL),('072233000','Moalboal','072200000',4,4,NULL,'','N',NULL),('072234000','City of Naga','072200000',NULL,3,3,'','N',NULL),('072235000','Oslob','072200000',4,4,NULL,'','N',NULL),('072236000','Pilar','072200000',5,4,NULL,'','N',NULL),('072237000','Pinamungahan','072200000',2,4,NULL,'','N',NULL),('072238000','Poro','072200000',4,4,NULL,'','N',NULL),('072239000','Ronda','072200000',5,4,NULL,'','N',NULL),('072240000','Samboan','072200000',5,4,NULL,'','N',NULL),('072241000','San Fernando','072200000',2,4,NULL,'','N',NULL),('072242000','San Francisco','072200000',3,4,NULL,'','N',NULL),('072243000','San Remigio','072200000',3,4,NULL,'','N',NULL),('072244000','Santa Fe','072200000',4,4,NULL,'','N',NULL),('072245000','Santander','072200000',4,4,NULL,'','N',NULL),('072246000','Sibonga','072200000',3,4,NULL,'','N',NULL),('072247000','Sogod','072200000',4,4,NULL,'','N',NULL),('072248000','Tabogon','072200000',3,4,NULL,'','N',NULL),('072249000','Tabuelan','072200000',4,4,NULL,'','N',NULL),('072250000','City of Talisay','072200000',3,3,3,'','N',NULL),('072251000','Toledo City','072200000',3,3,3,'','N',NULL),('072252000','Tuburan','072200000',2,4,NULL,'','N',NULL),('072253000','Tudela','072200000',5,4,NULL,'','N',NULL),('076100000','Siquijor','070000000',5,2,NULL,'','N',NULL),('076101000','Enrique Villanueva','076100000',5,4,NULL,'','N',NULL),('076102000','Larena','076100000',5,4,NULL,'','N',NULL),('076103000','Lazi','076100000',4,4,NULL,'','N',NULL),('076104000','Maria','076100000',5,4,NULL,'','N',NULL),('076105000','San Juan','076100000',5,4,NULL,'','N',NULL),('076106000','Siquijor','076100000',4,4,NULL,'','N',NULL),('080000000','Region VIII  Eastern Visayas',NULL,NULL,1,NULL,'','N',NULL),('082600000','Eastern Samar','080000000',2,2,NULL,'','N',NULL),('082601000','Arteche','082600000',3,4,NULL,'','N',NULL),('082602000','Balangiga','082600000',4,4,NULL,'','N',NULL),('082603000','Balangkayan','082600000',5,4,NULL,'','N',NULL),('082604000','City of Borongan','082600000',NULL,3,3,'','N',NULL),('082605000','Can-avid','082600000',4,4,NULL,'','N',NULL),('082606000','Dolores','082600000',5,4,NULL,'','N',NULL),('082607000','General Macarthur','082600000',5,4,NULL,'','N',NULL),('082608000','Giporlos','082600000',5,4,NULL,'','N',NULL),('082609000','Guiuan','082600000',2,4,NULL,'','N',NULL),('082610000','Hernani','082600000',5,4,NULL,'','N',NULL),('082611000','Jipapad','082600000',5,4,NULL,'','N',NULL),('082612000','Lawaan','082600000',5,4,NULL,'','N',NULL),('082613000','Llorente','082600000',3,4,NULL,'','N',NULL),('082614000','Maslog','082600000',5,4,NULL,'','N',NULL),('082615000','Maydolong','082600000',4,4,NULL,'','N',NULL),('082616000','Mercedes','082600000',5,4,NULL,'','N',NULL),('082617000','Oras','082600000',4,4,NULL,'','N',NULL),('082618000','Quinapondan','082600000',5,4,NULL,'','N',NULL),('082619000','Salcedo','082600000',5,4,NULL,'','N',NULL),('082620000','San Julian','082600000',5,4,NULL,'','N',NULL),('082621000','San Policarpo','082600000',5,4,NULL,'','N',NULL),('082622000','Sulat','082600000',4,4,NULL,'','N',NULL),('082623000','Taft','082600000',4,4,NULL,'','N',NULL),('083700000','Leyte','080000000',1,2,NULL,'','N',NULL),('083701000','Abuyog','083700000',1,4,NULL,'','N',NULL),('083702000','Alangalang','083700000',2,4,NULL,'','N',NULL),('083703000','Albuera','083700000',3,4,NULL,'','N',NULL),('083705000','Babatngon','083700000',4,4,NULL,'','N',NULL),('083706000','Barugo','083700000',4,4,NULL,'','N',NULL),('083707000','Bato','083700000',4,4,NULL,'','N',NULL),('083708000','City of Baybay','083700000',NULL,3,3,'','N',NULL),('083710000','Burauen','083700000',1,4,NULL,'','N',NULL),('083713000','Calubian','083700000',4,4,NULL,'','N',NULL),('083714000','Capoocan','083700000',4,4,NULL,'','N',NULL),('083715000','Carigara','083700000',2,4,NULL,'','N',NULL),('083717000','Dagami','083700000',3,4,NULL,'','N',NULL),('083718000','Dulag','083700000',3,4,NULL,'','N',NULL),('083719000','Hilongos','083700000',2,4,NULL,'','N',NULL),('083720000','Hindang','083700000',5,4,NULL,'','N',NULL),('083721000','Inopacan','083700000',4,4,NULL,'','N',NULL),('083722000','Isabel','083700000',1,4,NULL,'','N',NULL),('083723000','Jaro','083700000',3,4,NULL,'','N',NULL),('083724000','Javier (Bugho)','083700000',4,4,NULL,'','N',NULL),('083725000','Julita','083700000',5,4,NULL,'','N',NULL),('083726000','Kananga','083700000',1,4,NULL,'','N',NULL),('083728000','La Paz','083700000',5,4,NULL,'','N',NULL),('083729000','Leyte','083700000',4,4,NULL,'','N',NULL),('083730000','Macarthur','083700000',NULL,4,NULL,'','N',NULL),('083731000','Mahaplag','083700000',4,4,NULL,'','N',NULL),('083733000','Matag-ob','083700000',4,4,NULL,'','N',NULL),('083734000','Matalom','083700000',3,4,NULL,'','N',NULL),('083735000','Mayorga','083700000',5,4,NULL,'','N',NULL),('083736000','Merida','083700000',5,4,NULL,'','N',NULL),('083738000','Ormoc City','083700000',1,3,4,'','N',NULL),('083739000','Palo','083700000',3,4,NULL,'','N',NULL),('083740000','Palompon','083700000',2,4,NULL,'','N',NULL),('083741000','Pastrana','083700000',5,4,NULL,'','N',NULL),('083742000','San Isidro','083700000',4,4,NULL,'','N',NULL),('083743000','San Miguel','083700000',4,4,NULL,'','N',NULL),('083744000','Santa Fe','083700000',5,4,NULL,'','N',NULL),('083745000','Tabango','083700000',4,4,NULL,'','N',NULL),('083746000','Tabontabon','083700000',5,4,NULL,'','N',NULL),('083747000','Tacloban City','083700000',1,3,2,'','N',NULL),('083748000','Tanauan','083700000',2,4,NULL,'','N',NULL),('083749000','Tolosa','083700000',5,4,NULL,'','N',NULL),('083750000','Tunga','083700000',6,4,NULL,'','N',NULL),('083751000','Villaba','083700000',3,4,NULL,'','N',NULL),('084800000','Northern Samar','080000000',2,2,NULL,'','N',NULL),('084801000','Allen','084800000',5,4,NULL,'','N',NULL),('084802000','Biri','084800000',5,4,NULL,'','N',NULL),('084803000','Bobon','084800000',4,4,NULL,'','N',NULL),('084804000','Capul','084800000',5,4,NULL,'','N',NULL),('084805000','Catarman','084800000',1,4,NULL,'','N',NULL),('084806000','Catubig','084800000',3,4,NULL,'','N',NULL),('084807000','Gamay','084800000',4,4,NULL,'','N',NULL),('084808000','Laoang','084800000',2,4,NULL,'','N',NULL),('084809000','Lapinig','084800000',5,4,NULL,'','N',NULL),('084810000','Las Navas','084800000',4,4,NULL,'','N',NULL),('084811000','Lavezares','084800000',4,4,NULL,'','N',NULL),('084812000','Mapanas','084800000',5,4,NULL,'','N',NULL),('084813000','Mondragon','084800000',3,4,NULL,'','N',NULL),('084814000','Palapag','084800000',3,4,NULL,'','N',NULL),('084815000','Pambujan','084800000',4,4,NULL,'','N',NULL),('084816000','Rosario','084800000',5,4,NULL,'','N',NULL),('084817000','San Antonio','084800000',5,4,NULL,'','N',NULL),('084818000','San Isidro','084800000',4,4,NULL,'','N',NULL),('084819000','San Jose','084800000',5,4,NULL,'','N',NULL),('084820000','San Roque','084800000',4,4,NULL,'','N',NULL),('084821000','San Vicente','084800000',6,4,NULL,'','N',NULL),('084822000','Silvino Lobos','084800000',4,4,NULL,'','N',NULL),('084823000','Victoria','084800000',5,4,NULL,'','N',NULL),('084824000','Lope De Vega','084800000',4,4,NULL,'','N',NULL),('086000000','Samar (Western Samar)','080000000',1,2,NULL,'','N',NULL),('086001000','Almagro','086000000',5,4,NULL,'','N',NULL),('086002000','Basey','086000000',1,4,NULL,'','N',NULL),('086003000','Calbayog City','086000000',1,3,3,'','N',NULL),('086004000','Calbiga','086000000',4,4,NULL,'','N',NULL),('086005000','City of Catbalogan','086000000',5,3,3,'','N',NULL),('086006000','Daram','086000000',3,4,NULL,'','N',NULL),('086007000','Gandara','086000000',2,4,NULL,'','N',NULL),('086008000','Hinabangan','086000000',4,4,NULL,'','N',NULL),('086009000','Jiabong','086000000',5,4,NULL,'','N',NULL),('086010000','Marabut','086000000',5,4,NULL,'','N',NULL),('086011000','Matuguinao','086000000',5,4,NULL,'','N',NULL),('086012000','Motiong','086000000',4,4,NULL,'','N',NULL),('086013000','Pinabacdao','086000000',4,4,NULL,'','N',NULL),('086014000','San Jose De Buan','086000000',4,4,NULL,'','N',NULL),('086015000','San Sebastian','086000000',6,4,NULL,'','N',NULL),('086016000','Santa Margarita','086000000',4,4,NULL,'','N',NULL),('086017000','Santa Rita','086000000',3,4,NULL,'','N',NULL),('086018000','Santo Nio','086000000',5,4,NULL,'','N',NULL),('086019000','Talalora','086000000',6,4,NULL,'','N',NULL),('086020000','Tarangnan','086000000',4,4,NULL,'','N',NULL),('086021000','Villareal','086000000',4,4,NULL,'','N',NULL),('086022000','Paranas (Wright)','086000000',2,4,NULL,'','N',NULL),('086023000','Zumarraga','086000000',5,4,NULL,'','N',NULL),('086024000','Tagapul-an','086000000',5,4,NULL,'','N',NULL),('086025000','San Jorge','086000000',4,4,NULL,'','N',NULL),('086026000','Pagsanghan','086000000',5,4,NULL,'','N',NULL),('086400000','Southern Leyte','080000000',3,2,NULL,'','N',NULL),('086401000','Anahawan','086400000',5,4,NULL,'','N',NULL),('086402000','Bontoc','086400000',4,4,NULL,'','N',NULL),('086403000','Hinunangan','086400000',3,4,NULL,'','N',NULL),('086404000','Hinundayan','086400000',5,4,NULL,'','N',NULL),('086405000','Libagon','086400000',5,4,NULL,'','N',NULL),('086406000','Liloan','086400000',4,4,NULL,'','N',NULL),('086407000','City of Maasin','086400000',4,3,3,'','N',NULL),('086408000','Macrohon','086400000',4,4,NULL,'','N',NULL),('086409000','Malitbog','086400000',4,4,NULL,'','N',NULL),('086410000','Padre Burgos','086400000',5,4,NULL,'','N',NULL),('086411000','Pintuyan','086400000',5,4,NULL,'','N',NULL),('086412000','Saint Bernard','086400000',4,4,NULL,'','N',NULL),('086413000','San Francisco','086400000',5,4,NULL,'','N',NULL),('086414000','San Juan (Cabalian)','086400000',5,4,NULL,'','N',NULL),('086415000','San Ricardo','086400000',5,4,NULL,'','N',NULL),('086416000','Silago','086400000',4,4,NULL,'','N',NULL),('086417000','Sogod','086400000',2,4,NULL,'','N',NULL),('086418000','Tomas oppus','086400000',5,4,NULL,'','N',NULL),('086419000','Limasawa','086400000',6,4,NULL,'','N',NULL),('087800000','Biliran','080000000',4,2,NULL,'','N',NULL),('087801000','Almeria','087800000',5,4,NULL,'','N',NULL),('087802000','Biliran','087800000',5,4,NULL,'','N',NULL),('087803000','Cabucgayan','087800000',5,4,NULL,'','N',NULL),('087804000','Caibiran','087800000',5,4,NULL,'','N',NULL),('087805000','Culaba','087800000',5,4,NULL,'','N',NULL),('087806000','Kawayan','087800000',5,4,NULL,'','N',NULL),('087807000','Maripipi','087800000',5,4,NULL,'','N',NULL),('087808000','Naval','087800000',2,4,NULL,'','N',NULL),('090000000','Region IX  Zamboanga Peninsula',NULL,NULL,1,NULL,'','N',NULL),('097200000','Zamboanga Del Norte','090000000',1,2,NULL,'','N',NULL),('097201000','Dapitan City','097200000',3,3,3,'','N',NULL),('097202000','Dipolog City','097200000',3,3,3,'','N',NULL),('097203000','Katipunan','097200000',2,4,NULL,'','N',NULL),('097204000','La Libertad','097200000',5,4,NULL,'','N',NULL),('097205000','Labason','097200000',3,4,NULL,'','N',NULL),('097206000','Liloy','097200000',3,4,NULL,'','N',NULL),('097207000','Manukan','097200000',3,4,NULL,'','N',NULL),('097208000','Mutia','097200000',5,4,NULL,'','N',NULL),('097209000','Pian (New Pian)','097200000',4,4,NULL,'','N',NULL),('097210000','Polanco','097200000',3,4,NULL,'','N',NULL),('097211000','Pres. Manuel A. Roxas','097200000',5,4,NULL,'','N',NULL),('097212000','Rizal','097200000',5,4,NULL,'','N',NULL),('097213000','Salug','097200000',3,4,NULL,'','N',NULL),('097214000','Sergio osmea Sr.','097200000',2,4,NULL,'','N',NULL),('097215000','Siayan','097200000',2,4,NULL,'','N',NULL),('097216000','Sibuco','097200000',1,4,NULL,'','N',NULL),('097217000','Sibutad','097200000',5,4,NULL,'','N',NULL),('097218000','Sindangan','097200000',1,4,NULL,'','N',NULL),('097219000','Siocon','097200000',1,4,NULL,'','N',NULL),('097220000','Sirawai','097200000',4,4,NULL,'','N',NULL),('097221000','Tampilisan','097200000',4,4,NULL,'','N',NULL),('097222000','Jose Dalman (Ponot)','097200000',5,4,NULL,'','N',NULL),('097223000','Gutalac','097200000',2,4,NULL,'','N',NULL),('097224000','Baliguian','097200000',3,4,NULL,'','N',NULL),('097225000','Godod','097200000',4,4,NULL,'','N',NULL),('097226000','Bacungan (Leon T. Postigo)','097200000',4,4,NULL,'','N',NULL),('097227000','Kalawit','097200000',4,4,NULL,'','N',NULL),('097300000','Zamboanga Del Sur','090000000',1,2,NULL,'','N',NULL),('097302000','Aurora','097300000',2,4,NULL,'','N',NULL),('097303000','Bayog','097300000',3,4,NULL,'','N',NULL),('097305000','Dimataling','097300000',4,4,NULL,'','N',NULL),('097306000','Dinas','097300000',4,4,NULL,'','N',NULL),('097307000','Dumalinao','097300000',4,4,NULL,'','N',NULL),('097308000','Dumingag','097300000',2,4,NULL,'','N',NULL),('097311000','Kumalarang','097300000',4,4,NULL,'','N',NULL),('097312000','Labangan','097300000',3,4,NULL,'','N',NULL),('097313000','Lapuyan','097300000',3,4,NULL,'','N',NULL),('097315000','Mahayag','097300000',3,4,NULL,'','N',NULL),('097317000','Margosatubig','097300000',3,4,NULL,'','N',NULL),('097318000','Midsalip','097300000',4,4,NULL,'','N',NULL),('097319000','Molave','097300000',1,4,NULL,'','N',NULL),('097322000','Pagadian City','097300000',2,3,3,'','N',NULL),('097323000','Ramon Magsaysay (liargo)','097300000',4,4,NULL,'','N',NULL),('097324000','San Miguel','097300000',4,4,NULL,'','N',NULL),('097325000','San Pablo','097300000',4,4,NULL,'','N',NULL),('097327000','Tabina','097300000',4,4,NULL,'','N',NULL),('097328000','Tambulig','097300000',4,4,NULL,'','N',NULL),('097330000','Tukuran','097300000',4,4,NULL,'','N',NULL),('097332000','Zamboanga City','097300000',1,3,2,'','N',NULL),('097333000','Lakewood','097300000',4,4,NULL,'','N',NULL),('097337000','Josefina','097300000',5,4,NULL,'','N',NULL),('097338000','Pitogo','097300000',4,4,NULL,'','N',NULL),('097340000','Sominot (Don Mariano Marcos)','097300000',5,4,NULL,'','N',NULL),('097341000','Vincenzo A. Sagun','097300000',5,4,NULL,'','N',NULL),('097343000','Guipos','097300000',4,4,NULL,'','N',NULL),('097344000','Tigbao','097300000',5,4,NULL,'','N',NULL),('098300000','Zamboanga Sibugay','090000000',2,2,NULL,'','N',NULL),('098301000','Alicia','098300000',3,4,NULL,'','N',NULL),('098302000','Buug','098300000',3,4,NULL,'','N',NULL),('098303000','Diplahan','098300000',3,4,NULL,'','N',NULL),('098304000','Imelda','098300000',4,4,NULL,'','N',NULL),('098305000','Ipil','098300000',1,4,NULL,'','N',NULL),('098306000','Kabasalan','098300000',2,4,NULL,'','N',NULL),('098307000','Mabuhay','098300000',4,4,NULL,'','N',NULL),('098308000','Malangas','098300000',3,4,NULL,'','N',NULL),('098309000','Naga','098300000',3,4,NULL,'','N',NULL),('098310000','Olutanga','098300000',4,4,NULL,'','N',NULL),('098311000','Payao','098300000',3,4,NULL,'','N',NULL),('098312000','Roseller Lim','098300000',3,4,NULL,'','N',NULL),('098313000','Siay','098300000',2,4,NULL,'','N',NULL),('098314000','Talusan','098300000',5,4,NULL,'','N',NULL),('098315000','Titay','098300000',2,4,NULL,'','N',NULL),('098316000','Tungawan','098300000',2,4,NULL,'','N',NULL),('099700000','City of Isabela (Not a Province)','090000000',NULL,2,NULL,'','N',NULL),('099701000','City of Isabela','099700000',4,3,3,'','N',NULL),('100000000','Region X  Northern Mindanao',NULL,NULL,1,NULL,'','N',NULL),('101300000','Bukidnon','100000000',1,2,NULL,'','N',NULL),('101301000','Baungon','101300000',2,4,NULL,'','N',NULL),('101302000','Damulog','101300000',4,4,NULL,'','N',NULL),('101303000','Dangcagan','101300000',3,4,NULL,'','N',NULL),('101304000','Don Carlos','101300000',1,4,NULL,'','N',NULL),('101305000','Impasug-ong','101300000',1,4,NULL,'','N',NULL),('101306000','Kadingilan','101300000',3,4,NULL,'','N',NULL),('101307000','Kalilangan','101300000',2,4,NULL,'','N',NULL),('101308000','Kibawe','101300000',2,4,NULL,'','N',NULL),('101309000','Kitaotao','101300000',1,4,NULL,'','N',NULL),('101310000','Lantapan','101300000',1,4,NULL,'','N',NULL),('101311000','Libona','101300000',1,4,NULL,'','N',NULL),('101312000','City of Malaybalay','101300000',1,3,3,'','N',NULL),('101313000','Malitbog','101300000',2,4,NULL,'','N',NULL),('101314000','Manolo Fortich','101300000',1,4,NULL,'','N',NULL),('101315000','Maramag','101300000',1,4,NULL,'','N',NULL),('101316000','Pangantucan','101300000',1,4,NULL,'','N',NULL),('101317000','Quezon','101300000',1,4,NULL,'','N',NULL),('101318000','San Fernando','101300000',1,4,NULL,'','N',NULL),('101319000','Sumilao','101300000',4,4,NULL,'','N',NULL),('101320000','Talakag','101300000',1,4,NULL,'','N',NULL),('101321000','City of Valencia','101300000',2,3,3,'','N',NULL),('101322000','Cabanglasan','101300000',3,4,NULL,'','N',NULL),('101800000','Camiguin','100000000',5,2,NULL,'','N',NULL),('101801000','Catarman','101800000',5,4,NULL,'','N',NULL),('101802000','Guinsiliban','101800000',6,4,NULL,'','N',NULL),('101803000','Mahinog','101800000',5,4,NULL,'','N',NULL),('101804000','Mambajao','101800000',3,4,NULL,'','N',NULL),('101805000','Sagay','101800000',5,4,NULL,'','N',NULL),('103500000','Lanao Del Norte','100000000',2,2,NULL,'','N',NULL),('103501000','Bacolod','103500000',4,4,NULL,'','N',NULL),('103502000','Baloi','103500000',3,4,NULL,'','N',NULL),('103503000','Baroy','103500000',4,4,NULL,'','N',NULL),('103504000','Iligan City','103500000',1,3,2,'','N',NULL),('103505000','Kapatagan','103500000',2,4,NULL,'','N',NULL),('103506000','Sultan Naga Dimaporo (karomatan)','103500000',5,4,NULL,'','N',NULL),('103507000','Kauswagan','103500000',5,4,NULL,'','N',NULL),('103508000','Kolambugan','103500000',4,4,NULL,'','N',NULL),('103509000','Lala','103500000',1,4,NULL,'','N',NULL),('103510000','Linamon','103500000',5,4,NULL,'','N',NULL),('103511000','Magsaysay','103500000',5,4,NULL,'','N',NULL),('103512000','Maigo','103500000',4,4,NULL,'','N',NULL),('103513000','Matungao','103500000',5,4,NULL,'','N',NULL),('103514000','Munai','103500000',4,4,NULL,'','N',NULL),('103515000','Nunungan','103500000',3,4,NULL,'','N',NULL),('103516000','Pantao Ragat','103500000',4,4,NULL,'','N',NULL),('103517000','Poona Piagapo','103500000',4,4,NULL,'','N',NULL),('103518000','Salvador','103500000',5,4,NULL,'','N',NULL),('103519000','Sapad','103500000',5,4,NULL,'','N',NULL),('103520000','Tagoloan','103500000',5,4,NULL,'','N',NULL),('103521000','Tangcal','103500000',5,4,NULL,'','N',NULL),('103522000','Tubod','103500000',2,4,NULL,'','N',NULL),('103523000','Pantar','103500000',5,4,NULL,'','N',NULL),('104200000','Misamis Occidental','100000000',2,2,NULL,'','N',NULL),('104201000','Aloran','104200000',4,4,NULL,'','N',NULL),('104202000','Baliangao','104200000',5,4,NULL,'','N',NULL),('104203000','Bonifacio','104200000',4,4,NULL,'','N',NULL),('104204000','Calamba','104200000',4,4,NULL,'','N',NULL),('104205000','Clarin','104200000',4,4,NULL,'','N',NULL),('104206000','Concepcion','104200000',6,4,NULL,'','N',NULL),('104207000','Jimenez','104200000',3,4,NULL,'','N',NULL),('104208000','Lopez Jaena','104200000',4,4,NULL,'','N',NULL),('104209000','Oroquieta City','104200000',4,3,3,'','N',NULL),('104210000','Ozamis City','104200000',3,3,3,'','N',NULL),('104211000','Panaon','104200000',5,4,NULL,'','N',NULL),('104212000','Plaridel','104200000',3,4,NULL,'','N',NULL),('104213000','Sapang Dalaga','104200000',5,4,NULL,'','N',NULL),('104214000','Sinacaban','104200000',5,4,NULL,'','N',NULL),('104215000','Tangub City','104200000',4,3,3,'','N',NULL),('104216000','Tudela','104200000',4,4,NULL,'','N',NULL),('104217000','Don Victoriano Chiongbian  (Don Mariano Marcos)','104200000',4,4,NULL,'','N',NULL),('104300000','Misamis Oriental','100000000',1,2,NULL,'','N',NULL),('104301000','Alubijid','104300000',4,4,NULL,'','N',NULL),('104302000','Balingasag','104300000',2,4,NULL,'','N',NULL),('104303000','Balingoan','104300000',5,4,NULL,'','N',NULL),('104304000','Binuangan','104300000',6,4,NULL,'','N',NULL),('104305000','Cagayan De Oro City','104300000',1,3,2,'','N',NULL),('104306000','Claveria','104300000',1,4,NULL,'','N',NULL),('104307000','City of El Salvador','104300000',6,3,3,'','N',NULL),('104308000','Gingoog City','104300000',2,3,3,'','N',NULL),('104309000','Gitagum','104300000',5,4,NULL,'','N',NULL),('104310000','Initao','104300000',3,4,NULL,'','N',NULL),('104311000','Jasaan','104300000',2,4,NULL,'','N',NULL),('104312000','Kinoguitan','104300000',5,4,NULL,'','N',NULL),('104313000','Lagonglong','104300000',5,4,NULL,'','N',NULL),('104314000','Laguindingan','104300000',4,4,NULL,'','N',NULL),('104315000','Libertad','104300000',5,4,NULL,'','N',NULL),('104316000','Lugait','104300000',2,4,NULL,'','N',NULL),('104317000','Magsaysay (Linugos)','104300000',4,4,NULL,'','N',NULL),('104318000','Manticao','104300000',4,4,NULL,'','N',NULL),('104319000','Medina','104300000',4,4,NULL,'','N',NULL),('104320000','Naawan','104300000',4,4,NULL,'','N',NULL),('104321000','Opol','104300000',2,4,NULL,'','N',NULL),('104322000','Salay','104300000',4,4,NULL,'','N',NULL),('104323000','Sugbongcogon','104300000',5,4,NULL,'','N',NULL),('104324000','Tagoloan','104300000',1,4,NULL,'','N',NULL),('104325000','Talisayan','104300000',4,4,NULL,'','N',NULL),('104326000','Villanueva','104300000',2,4,NULL,'','N',NULL),('110000000','Region XI  Davao',NULL,NULL,1,NULL,'','N',NULL),('112300000','Davao Del Norte','110000000',1,2,NULL,'','N',NULL),('112301000','Asuncion (Saug)','112300000',1,4,NULL,'','N',NULL),('112303000','Carmen','112300000',1,4,NULL,'','N',NULL),('112305000','Kapalong','112300000',1,4,NULL,'','N',NULL),('112314000','New Corella','112300000',2,4,NULL,'','N',NULL),('112315000','City of Panabo','112300000',3,3,3,'','N',NULL),('112317000','Island Garden City of Samal','112300000',4,3,3,'','N',NULL),('112318000','Santo Tomas','112300000',1,4,NULL,'','N',NULL),('112319000','City of Tagum','112300000',1,3,3,'','N',NULL),('112322000','Talaingod','112300000',2,4,NULL,'','N',NULL),('112323000','Braulio E. Dujali','112300000',4,4,NULL,'','N',NULL),('112324000','San Isidro','112300000',5,4,NULL,'','N',NULL),('112400000','Davao Del Sur','110000000',1,2,NULL,'','N',NULL),('112401000','Bansalan','112400000',1,4,NULL,'','N',NULL),('112402000','Davao City','112400000',1,3,2,'','N',NULL),('112403000','City of Digos','112400000',2,3,3,'','N',NULL),('112404000','Hagonoy','112400000',3,4,NULL,'','N',NULL),('112406000','Kiblawan','112400000',2,4,NULL,'','N',NULL),('112407000','Magsaysay','112400000',3,4,NULL,'','N',NULL),('112408000','Malalag','112400000',2,4,NULL,'','N',NULL),('112410000','Matanao','112400000',2,4,NULL,'','N',NULL),('112411000','Padada','112400000',3,4,NULL,'','N',NULL),('112412000','Santa Cruz','112400000',1,4,NULL,'','N',NULL),('112414000','Sulop','112400000',3,4,NULL,'','N',NULL),('112500000','Davao Oriental','110000000',1,2,NULL,'','N',NULL),('112501000','Baganga','112500000',1,4,NULL,'','N',NULL),('112502000','Banaybanay','112500000',2,4,NULL,'','N',NULL),('112503000','Boston','112500000',3,4,NULL,'','N',NULL),('112504000','Caraga','112500000',1,4,NULL,'','N',NULL),('112505000','Cateel','112500000',2,4,NULL,'','N',NULL),('112506000','Governor Generoso','112500000',2,4,NULL,'','N',NULL),('112507000','Lupon','112500000',1,4,NULL,'','N',NULL),('112508000','Manay','112500000',2,4,NULL,'','N',NULL),('112509000','City of Mati','112500000',5,3,3,'','N',NULL),('112510000','San Isidro','112500000',4,4,NULL,'','N',NULL),('112511000','Tarragona','112500000',3,4,NULL,'','N',NULL),('118200000','Compostela Valley','110000000',1,2,NULL,'','N',NULL),('118201000','Compostela','118200000',1,4,NULL,'','N',NULL),('118202000','Laak (San Vicente)','118200000',1,4,NULL,'','N',NULL),('118203000','Mabini (Doa Alicia)','118200000',2,4,NULL,'','N',NULL),('118204000','Maco','118200000',1,4,NULL,'','N',NULL),('118205000','Maragusan (San Mariano)','118200000',1,4,NULL,'','N',NULL),('118206000','Mawab','118200000',3,4,NULL,'','N',NULL),('118207000','Monkayo','118200000',1,4,NULL,'','N',NULL),('118208000','Montevista','118200000',3,4,NULL,'','N',NULL),('118209000','Nabunturan','118200000',1,4,NULL,'','N',NULL),('118210000','New Bataan','118200000',1,4,NULL,'','N',NULL),('118211000','Pantukan','118200000',1,4,NULL,'','N',NULL),('118600000','Davao Occidental','110000000',NULL,2,NULL,'','N',NULL),('118601000','Don Marcelino','118600000',3,4,NULL,'','N',NULL),('118602000','Jose Abad Santos (Trinidad)','118600000',1,4,NULL,'','N',NULL),('118603000','Malita','118600000',1,4,NULL,'','N',NULL),('118604000','Santa Maria','118600000',2,4,NULL,'','N',NULL),('118605000','Sarangani','118600000',4,4,NULL,'','N',NULL),('120000000','Region XII  SOCCSKSARGEN',NULL,NULL,1,NULL,'','N',NULL),('124700000','Cotabato (North Cotabato)','120000000',1,2,NULL,'','N',NULL),('124701000','Alamada','124700000',1,4,NULL,'','N',NULL),('124702000','Carmen','124700000',1,4,NULL,'','N',NULL),('124703000','Kabacan','124700000',1,4,NULL,'','N',NULL),('124704000','City of Kidapawan','124700000',3,3,3,'','N',NULL),('124705000','Libungan','124700000',2,4,NULL,'','N',NULL),('124706000','Magpet','124700000',1,4,NULL,'','N',NULL),('124707000','Makilala','124700000',1,4,NULL,'','N',NULL),('124708000','Matalam','124700000',1,4,NULL,'','N',NULL),('124709000','Midsayap','124700000',1,4,NULL,'','N',NULL),('124710000','M\'Lang','124700000',1,4,NULL,'','N',NULL),('124711000','Pigkawayan','124700000',1,4,NULL,'','N',NULL),('124712000','Pikit','124700000',1,4,NULL,'','N',NULL),('124713000','President Roxas','124700000',1,4,NULL,'','N',NULL),('124714000','Tulunan','124700000',2,4,NULL,'','N',NULL),('124715000','Antipas','124700000',2,4,NULL,'','N',NULL),('124716000','Banisilan','124700000',2,4,NULL,'','N',NULL),('124717000','Aleosan','124700000',3,4,NULL,'','N',NULL),('124718000','Arakan','124700000',2,4,NULL,'','N',NULL),('126300000','South Cotabato','120000000',1,2,NULL,'','N',NULL),('126302000','Banga','126300000',1,4,NULL,'','N',NULL),('126303000','General Santos City (Dadiangas)','126300000',1,3,2,'','N',NULL),('126306000','City of Koronadal','126300000',3,3,3,'','N',NULL),('126311000','Norala','126300000',3,4,NULL,'','N',NULL),('126312000','Polomolok','126300000',1,4,NULL,'','N',NULL),('126313000','Surallah','126300000',1,4,NULL,'','N',NULL),('126314000','Tampakan','126300000',2,4,NULL,'','N',NULL),('126315000','Tantangan','126300000',3,4,NULL,'','N',NULL),('126316000','T\'Boli','126300000',1,4,NULL,'','N',NULL),('126317000','Tupi','126300000',1,4,NULL,'','N',NULL),('126318000','Santo Nio','126300000',3,4,NULL,'','N',NULL),('126319000','Lake Sebu','126300000',1,4,NULL,'','N',NULL),('126500000','Sultan Kudarat','120000000',1,2,NULL,'','N',NULL),('126501000','Bagumbayan','126500000',1,4,NULL,'','N',NULL),('126502000','Columbio','126500000',1,4,NULL,'','N',NULL),('126503000','Esperanza','126500000',1,4,NULL,'','N',NULL),('126504000','Isulan','126500000',1,4,NULL,'','N',NULL),('126505000','Kalamansig','126500000',1,4,NULL,'','N',NULL),('126506000','Lebak','126500000',1,4,NULL,'','N',NULL),('126507000','Lutayan','126500000',2,4,NULL,'','N',NULL),('126508000','Lambayong (Mariano Marcos)','126500000',2,4,NULL,'','N',NULL),('126509000','Palimbang','126500000',2,4,NULL,'','N',NULL),('126510000','President Quirino','126500000',3,4,NULL,'','N',NULL),('126511000','City of Tacurong','126500000',4,3,3,'','N',NULL),('126512000','Sen. Ninoy Aquino','126500000',3,4,NULL,'','N',NULL),('128000000','Sarangani','120000000',2,2,NULL,'','N',NULL),('128001000','Alabel','128000000',1,4,NULL,'','N',NULL),('128002000','Glan','128000000',1,4,NULL,'','N',NULL),('128003000','Kiamba','128000000',1,4,NULL,'','N',NULL),('128004000','Maasim','128000000',1,4,NULL,'','N',NULL),('128005000','Maitum','128000000',2,4,NULL,'','N',NULL),('128006000','Malapatan','128000000',1,4,NULL,'','N',NULL),('128007000','Malungon','128000000',1,4,NULL,'','N',NULL),('129800000','Cotabato City (Not a Province)','120000000',NULL,2,NULL,'','N',NULL),('129804000','Cotabato City','129800000',3,3,4,'','N',NULL),('130000000','National Capital Region (NCR)',NULL,NULL,1,NULL,'','N',NULL),('133900000','NCR, City of Manila, First District','130000000',NULL,2,NULL,'','N',NULL),('133901000','Tondo I / II','133900000',NULL,3,2,'','N',NULL),('133902000','Binondo','133900000',NULL,3,2,'','N',NULL),('133903000','Quiapo','133900000',NULL,3,2,'','N',NULL),('133904000','San Nicolas','133900000',NULL,3,2,'','N',NULL),('133905000','Santa Cruz','133900000',NULL,3,2,'','N',NULL),('133906000','Sampaloc','133900000',NULL,3,2,'','N',NULL),('133907000','San Miguel','133900000',NULL,3,2,'','N',NULL),('133908000','Ermita','133900000',NULL,3,2,'','N',NULL),('133909000','Intramuros','133900000',NULL,3,2,'','N',NULL),('133910000','Malate','133900000',NULL,3,2,'','N',NULL),('133911000','Paco','133900000',NULL,3,2,'','N',NULL),('133912000','Pandacan','133900000',NULL,3,2,'','N',NULL),('133913000','Port Area','133900000',NULL,3,2,'','N',NULL),('133914000','Santa Ana','133900000',NULL,3,2,'','N',NULL),('137400000','NCR, Second District','130000000',NULL,2,NULL,'','N',NULL),('137401000','City of Mandaluyong','137400000',1,3,2,'','N',NULL),('137402000','City of Marikina','137400000',1,3,2,'','N',NULL),('137403000','City of Pasig','137400000',1,3,2,'','N',NULL),('137404000','Quezon City','137400000',NULL,3,2,'','N',NULL),('137405000','City of San Juan','137400000',1,3,2,'','N',NULL),('137500000','NCR, Third District','130000000',NULL,2,NULL,'','N',NULL),('137501000','Caloocan City','137500000',1,3,2,'','N',NULL),('137502000','City of Malabon','137500000',1,3,2,'','N',NULL),('137503000','City of Navotas','137500000',2,3,2,'','N',NULL),('137504000','City of Valenzuela','137500000',1,3,2,'','N',NULL),('137600000','NCR, Fourth District','130000000',NULL,2,NULL,'','N',NULL),('137601000','City of Las Pias','137600000',1,3,2,'','N',NULL),('137602000','City of Makati','137600000',1,3,2,'','N',NULL),('137603000','City of Muntinlupa','137600000',1,3,2,'','N',NULL),('137604000','City of Paraaque','137600000',1,3,2,'','N',NULL),('137605000','Pasay City','137600000',1,3,2,'','N',NULL),('137606000','Pateros','137600000',1,3,NULL,'','N',NULL),('137607000','Taguig City','137600000',1,3,2,'','N',NULL),('140000000','Cordillera Administrative Region (CAR)',NULL,NULL,1,NULL,'','N',NULL),('140100000','Abra','140000000',3,2,NULL,'','N',NULL),('140101000','Bangued','140100000',1,4,NULL,'','N',NULL),('140102000','Boliney','140100000',5,4,NULL,'','N',NULL),('140103000','Bucay','140100000',5,4,NULL,'','N',NULL),('140104000','Bucloc','140100000',6,4,NULL,'','N',NULL),('140105000','Daguioman','140100000',5,4,NULL,'','N',NULL),('140106000','Danglas','140100000',5,4,NULL,'','N',NULL),('140107000','Dolores','140100000',5,4,NULL,'','N',NULL),('140108000','La Paz','140100000',5,4,NULL,'','N',NULL),('140109000','Lacub','140100000',5,4,NULL,'','N',NULL),('140110000','Lagangilang','140100000',5,4,NULL,'','N',NULL),('140111000','Lagayan','140100000',5,4,NULL,'','N',NULL),('140112000','Langiden','140100000',5,4,NULL,'','N',NULL),('140113000','Licuan-baay (Licuan)','140100000',5,4,NULL,'','N',NULL),('140114000','Luba','140100000',5,4,NULL,'','N',NULL),('140115000','Malibcong','140100000',5,4,NULL,'','N',NULL),('140116000','Manabo','140100000',5,4,NULL,'','N',NULL),('140117000','Pearrubia','140100000',6,4,NULL,'','N',NULL),('140118000','Pidigan','140100000',5,4,NULL,'','N',NULL),('140119000','Pilar','140100000',5,4,NULL,'','N',NULL),('140120000','Sallapadan','140100000',5,4,NULL,'','N',NULL),('140121000','San Isidro','140100000',5,4,NULL,'','N',NULL),('140122000','San Juan','140100000',5,4,NULL,'','N',NULL),('140123000','San Quintin','140100000',5,4,NULL,'','N',NULL),('140124000','Tayum','140100000',5,4,NULL,'','N',NULL),('140125000','Tineg','140100000',2,4,NULL,'','N',NULL),('140126000','Tubo','140100000',4,4,NULL,'','N',NULL),('140127000','Villaviciosa','140100000',5,4,NULL,'','N',NULL),('141100000','Benguet','140000000',2,2,NULL,'','N',NULL),('141101000','Atok','141100000',4,4,NULL,'','N',NULL),('141102000','Baguio City','141100000',1,3,2,'','N',NULL),('141103000','Bakun','141100000',3,4,NULL,'','N',NULL),('141104000','Bokod','141100000',4,4,NULL,'','N',NULL),('141105000','Buguias','141100000',3,4,NULL,'','N',NULL),('141106000','Itogon','141100000',1,4,NULL,'','N',NULL),('141107000','Kabayan','141100000',4,4,NULL,'','N',NULL),('141108000','Kapangan','141100000',4,4,NULL,'','N',NULL),('141109000','Kibungan','141100000',4,4,NULL,'','N',NULL),('141110000','La Trinidad','141100000',1,4,NULL,'','N',NULL),('141111000','Mankayan','141100000',1,4,NULL,'','N',NULL),('141112000','Sablan','141100000',5,4,NULL,'','N',NULL),('141113000','Tuba','141100000',1,4,NULL,'','N',NULL),('141114000','Tublay','141100000',5,4,NULL,'','N',NULL),('142700000','Ifugao','140000000',3,2,NULL,'','N',NULL),('142701000','Banaue','142700000',4,4,NULL,'','N',NULL),('142702000','Hungduan','142700000',4,4,NULL,'','N',NULL),('142703000','Kiangan','142700000',4,4,NULL,'','N',NULL),('142704000','Lagawe','142700000',4,4,NULL,'','N',NULL),('142705000','Lamut','142700000',4,4,NULL,'','N',NULL),('142706000','Mayoyao','142700000',4,4,NULL,'','N',NULL),('142707000','Alfonso Lista (Potia)','142700000',3,4,NULL,'','N',NULL),('142708000','Aguinaldo','142700000',2,4,NULL,'','N',NULL),('142709000','Hingyon','142700000',5,4,NULL,'','N',NULL),('142710000','Tinoc','142700000',4,4,NULL,'','N',NULL),('142711000','Asipulo','142700000',5,4,NULL,'','N',NULL),('143200000','Kalinga','140000000',3,2,NULL,'','N',NULL),('143201000','Balbalan','143200000',3,4,NULL,'','N',NULL),('143206000','Lubuagan','143200000',4,4,NULL,'','N',NULL),('143208000','Pasil','143200000',5,4,NULL,'','N',NULL),('143209000','Pinukpuk','143200000',1,4,NULL,'','N',NULL),('143211000','Rizal (Liwan)','143200000',4,4,NULL,'','N',NULL),('143213000','City of Tabuk','143200000',5,3,3,'','N',NULL),('143214000','Tanudan','143200000',4,4,NULL,'','N',NULL),('143215000','Tinglayan','143200000',4,4,NULL,'','N',NULL),('144400000','Mountain Province','140000000',4,2,NULL,'','N',NULL),('144401000','Barlig','144400000',5,4,NULL,'','N',NULL),('144402000','Bauko','144400000',4,4,NULL,'','N',NULL),('144403000','Besao','144400000',5,4,NULL,'','N',NULL),('144404000','Bontoc','144400000',2,4,NULL,'','N',NULL),('144405000','Natonin','144400000',4,4,NULL,'','N',NULL),('144406000','Paracelis','144400000',2,4,NULL,'','N',NULL),('144407000','Sabangan','144400000',5,4,NULL,'','N',NULL),('144408000','Sadanga','144400000',5,4,NULL,'','N',NULL),('144409000','Sagada','144400000',5,4,NULL,'','N',NULL),('144410000','Tadian','144400000',4,4,NULL,'','N',NULL),('148100000','Apayao','140000000',3,2,NULL,'','N',NULL),('148101000','Calanasan (Bayag)','148100000',1,4,NULL,'','N',NULL),('148102000','Conner','148100000',2,4,NULL,'','N',NULL),('148103000','Flora','148100000',3,4,NULL,'','N',NULL),('148104000','Kabugao','148100000',1,4,NULL,'','N',NULL),('148105000','Luna','148100000',2,4,NULL,'','N',NULL),('148106000','Pudtol','148100000',4,4,NULL,'','N',NULL),('148107000','Santa Marcela','148100000',4,4,NULL,'','N',NULL),('150000000','Autonomous Region in Muslim Mindanao (ARMM)',NULL,NULL,1,NULL,'','N',NULL),('150700000','Basilan','150000000',3,2,NULL,'','N',NULL),('150702000','City of Lamitan','150700000',6,3,3,'','N',NULL),('150703000','Lantawan','150700000',3,4,NULL,'','N',NULL),('150704000','Maluso','150700000',4,4,NULL,'','N',NULL),('150705000','Sumisip','150700000',1,4,NULL,'','N',NULL),('150706000','Tipo-tipo','150700000',3,4,NULL,'','N',NULL),('150707000','Tuburan','150700000',2,4,NULL,'','N',NULL),('150708000','Akbar','150700000',NULL,4,NULL,'','N',NULL),('150709000','Al-barka','150700000',NULL,4,NULL,'','N',NULL),('150710000','Hadji Mohammad Ajul','150700000',NULL,4,NULL,'','N',NULL),('150711000','Ungkaya Pukan','150700000',NULL,4,NULL,'','N',NULL),('150712000','Hadji Muhtamad','150700000',NULL,4,NULL,'','N',NULL),('150713000','Tabuan-lasa','150700000',NULL,4,NULL,'','N',NULL),('153600000','Lanao Del Sur','150000000',1,2,NULL,'','N',NULL),('153601000','Bacolod-Kalawi (Bacolod Grande)','153600000',3,4,NULL,'','N',NULL),('153602000','Balabagan','153600000',4,4,NULL,'','N',NULL),('153603000','Balindong (Watu)','153600000',4,4,NULL,'','N',NULL),('153604000','Bayang','153600000',5,4,NULL,'','N',NULL),('153605000','Binidayan','153600000',4,4,NULL,'','N',NULL),('153606000','Bubong','153600000',2,4,NULL,'','N',NULL),('153607000','Butig','153600000',6,4,NULL,'','N',NULL),('153609000','Ganassi','153600000',4,4,NULL,'','N',NULL),('153610000','Kapai','153600000',4,4,NULL,'','N',NULL),('153611000','Lumba-Bayabao (Maguing)','153600000',2,4,NULL,'','N',NULL),('153612000','Lumbatan','153600000',5,4,NULL,'','N',NULL),('153613000','Madalum','153600000',3,4,NULL,'','N',NULL),('153614000','Madamba','153600000',4,4,NULL,'','N',NULL),('153615000','Malabang','153600000',3,4,NULL,'','N',NULL),('153616000','Marantao','153600000',2,4,NULL,'','N',NULL),('153617000','Marawi City','153600000',4,3,3,'','N',NULL),('153618000','Masiu','153600000',5,4,NULL,'','N',NULL),('153619000','Mulondo','153600000',3,4,NULL,'','N',NULL),('153620000','Pagayawan (Tatarikan)','153600000',5,4,NULL,'','N',NULL),('153621000','Piagapo','153600000',4,4,NULL,'','N',NULL),('153622000','Poona Bayabao (Gata)','153600000',4,4,NULL,'','N',NULL),('153623000','Pualas','153600000',5,4,NULL,'','N',NULL),('153624000','Ditsaan-Ramain','153600000',3,4,NULL,'','N',NULL),('153625000','Saguiaran','153600000',4,4,NULL,'','N',NULL),('153626000','Tamparan','153600000',5,4,NULL,'','N',NULL),('153627000','Taraka','153600000',4,4,NULL,'','N',NULL),('153628000','Tubaran','153600000',4,4,NULL,'','N',NULL),('153629000','Tugaya','153600000',5,4,NULL,'','N',NULL),('153630000','Wao','153600000',2,4,NULL,'','N',NULL),('153631000','Marogong','153600000',4,4,NULL,'','N',NULL),('153632000','Calanogas','153600000',5,4,NULL,'','N',NULL),('153633000','Buadiposo-buntong','153600000',4,4,NULL,'','N',NULL),('153634000','Maguing','153600000',2,4,NULL,'','N',NULL),('153635000','Picong (Sultan Gumander)','153600000',NULL,4,NULL,'','N',NULL),('153636000','Lumbayanague','153600000',4,4,NULL,'','N',NULL),('153637000','Bumbaran','153600000',3,4,NULL,'','N',NULL),('153638000','Tagoloan Ii','153600000',4,4,NULL,'','N',NULL),('153639000','Kapatagan','153600000',4,4,NULL,'','N',NULL),('153640000','Sultan Dumalondong','153600000',6,4,NULL,'','N',NULL),('153641000','Lumbaca-Unayan','153600000',NULL,4,NULL,'','N',NULL),('153800000','Maguindanao','150000000',1,2,NULL,'','N',NULL),('153801000','Ampatuan','153800000',4,4,NULL,'','N',NULL),('153802000','Buldon','153800000',4,4,NULL,'','N',NULL),('153803000','Buluan','153800000',4,4,NULL,'','N',NULL),('153805000','Datu Paglas','153800000',4,4,NULL,'','N',NULL),('153806000','Datu Piang','153800000',2,4,NULL,'','N',NULL),('153807000','Datu odin Sinsuat (Dinaig)','153800000',NULL,4,NULL,'','N',NULL),('153808000','Shariff Aguak (Maganoy)','153800000',3,4,NULL,'','N',NULL),('153809000','Matanog','153800000',4,4,NULL,'','N',NULL),('153810000','Pagalungan','153800000',1,4,NULL,'','N',NULL),('153811000','Parang','153800000',1,4,NULL,'','N',NULL),('153812000','Sultan Kudarat (Nuling)','153800000',1,4,NULL,'','N',NULL),('153813000','Sultan Sa Barongis (Lambayong)','153800000',2,4,NULL,'','N',NULL),('153814000','Kabuntalan (Tumbao)','153800000',5,4,NULL,'','N',NULL),('153815000','Upi','153800000',1,4,NULL,'','N',NULL),('153816000','Talayan','153800000',4,4,NULL,'','N',NULL),('153817000','South Upi','153800000',4,4,NULL,'','N',NULL),('153818000','Barira','153800000',4,4,NULL,'','N',NULL),('153819000','Gen. S. K. Pendatun','153800000',4,4,NULL,'','N',NULL),('153820000','Mamasapano','153800000',5,4,NULL,'','N',NULL),('153821000','Talitay','153800000',NULL,4,NULL,'','N',NULL),('153822000','Pagagawan','153800000',NULL,4,NULL,'','N',NULL),('153823000','Paglat','153800000',NULL,4,NULL,'','N',NULL),('153824000','Sultan Mastura','153800000',5,4,NULL,'','N',NULL),('153825000','Guindulungan','153800000',NULL,4,NULL,'','N',NULL),('153826000','Datu Saudi-Ampatuan','153800000',4,4,NULL,'','N',NULL),('153827000','Datu Unsay','153800000',5,4,NULL,'','N',NULL),('153828000','Datu Abdullah Sangki','153800000',NULL,4,NULL,'','N',NULL),('153829000','Rajah Buayan','153800000',NULL,4,NULL,'','N',NULL),('153830000','Datu Blah T. Sinsuat','153800000',1,4,NULL,'','N',NULL),('153831000','Datu Anggal Midtimbang','153800000',NULL,4,NULL,'','N',NULL),('153832000','Mangudadatu','153800000',NULL,4,NULL,'','N',NULL),('153833000','Pandag','153800000',NULL,4,NULL,'','N',NULL),('153834000','Northern Kabuntalan','153800000',5,4,NULL,'','N',NULL),('153835000','Datu Hoffer Ampatuan','153800000',NULL,4,NULL,'','N',NULL),('153836000','Datu Salibo','153800000',NULL,4,NULL,'','N',NULL),('153837000','Shariff Saydona Mustapha','153800000',NULL,4,NULL,'','N',NULL),('156600000','Sulu','150000000',2,2,NULL,'','N',NULL),('156601000','Indanan','156600000',3,4,NULL,'','N',NULL),('156602000','Jolo','156600000',1,4,NULL,'','N',NULL),('156603000','Kalingalan Caluang','156600000',5,4,NULL,'','N',NULL),('156604000','Luuk','156600000',3,4,NULL,'','N',NULL),('156605000','Maimbung','156600000',5,4,NULL,'','N',NULL),('156606000','Hadji Panglima Tahil (Marunggas)','156600000',6,4,NULL,'','N',NULL),('156607000','Old Panamao','156600000',4,4,NULL,'','N',NULL),('156608000','Pangutaran','156600000',4,4,NULL,'','N',NULL),('156609000','Parang','156600000',2,4,NULL,'','N',NULL),('156610000','Pata','156600000',5,4,NULL,'','N',NULL),('156611000','Patikul','156600000',3,4,NULL,'','N',NULL),('156612000','Siasi','156600000',2,4,NULL,'','N',NULL),('156613000','Talipao','156600000',1,4,NULL,'','N',NULL),('156614000','Tapul','156600000',5,4,NULL,'','N',NULL),('156615000','Tongkil','156600000',4,4,NULL,'','N',NULL),('156616000','Panglima Estino (new Panamao)','156600000',5,4,NULL,'','N',NULL),('156617000','Lugus','156600000',5,4,NULL,'','N',NULL),('156618000','Pandami','156600000',4,4,NULL,'','N',NULL),('156619000','Omar','156600000',NULL,4,NULL,'','N',NULL),('157000000','Tawi-Tawi','150000000',3,2,NULL,'','N',NULL),('157001000','Panglima Sugala (Balimbing)','157000000',3,4,NULL,'','N',NULL),('157002000','Bongao','157000000',2,4,NULL,'','N',NULL),('157003000','Mapun (Cagayan De Tawi-Tawi)','157000000',4,4,NULL,'','N',NULL),('157004000','Simunul','157000000',4,4,NULL,'','N',NULL),('157005000','Sitangkai','157000000',1,4,NULL,'','N',NULL),('157006000','South Ubian','157000000',3,4,NULL,'','N',NULL),('157007000','Tandubas','157000000',2,4,NULL,'','N',NULL),('157008000','Turtle Islands','157000000',5,4,NULL,'','N',NULL),('157009000','Languyan','157000000',1,4,NULL,'','N',NULL),('157010000','Sapa-sapa','157000000',3,4,NULL,'','N',NULL),('157011000','Sibutu','157000000',NULL,4,NULL,'','N',NULL),('160000000','Region XIII  CARAGA',NULL,NULL,1,NULL,'','N',NULL),('160200000','Agusan Del Norte','160000000',3,2,NULL,'','N',NULL),('160201000','Buenavista','160200000',1,4,NULL,'','N',NULL),('160202000','Butuan City','160200000',1,3,2,'','N',NULL),('160203000','City of Cabadbaran','160200000',6,3,3,'','N',NULL),('160204000','Carmen','160200000',4,4,NULL,'','N',NULL),('160205000','Jabonga','160200000',3,4,NULL,'','N',NULL),('160206000','Kitcharao','160200000',4,4,NULL,'','N',NULL),('160207000','Las Nieves','160200000',2,4,NULL,'','N',NULL),('160208000','Magallanes','160200000',4,4,NULL,'','N',NULL),('160209000','Nasipit','160200000',3,4,NULL,'','N',NULL),('160210000','Santiago','160200000',4,4,NULL,'','N',NULL),('160211000','Tubay','160200000',4,4,NULL,'','N',NULL),('160212000','Remedios T. Romualdez','160200000',5,4,NULL,'','N',NULL),('160300000','Agusan Del Sur','160000000',1,2,NULL,'','N',NULL),('160301000','City of Bayugan','160300000',5,3,3,'','N',NULL),('160302000','Bunawan','160300000',1,4,NULL,'','N',NULL),('160303000','Esperanza','160300000',1,4,NULL,'','N',NULL),('160304000','La Paz','160300000',1,4,NULL,'','N',NULL),('160305000','Loreto','160300000',1,4,NULL,'','N',NULL),('160306000','Prosperidad','160300000',1,4,NULL,'','N',NULL),('160307000','Rosario','160300000',2,4,NULL,'','N',NULL),('160308000','San Francisco','160300000',1,4,NULL,'','N',NULL),('160309000','San Luis','160300000',1,4,NULL,'','N',NULL),('160310000','Santa Josefa','160300000',3,4,NULL,'','N',NULL),('160311000','Talacogon','160300000',2,4,NULL,'','N',NULL),('160312000','Trento','160300000',1,4,NULL,'','N',NULL),('160313000','Veruela','160300000',2,4,NULL,'','N',NULL),('160314000','Sibagat','160300000',1,4,NULL,'','N',NULL),('166700000','Surigao Del Norte','160000000',2,2,NULL,'','N',NULL),('166701000','Alegria','166700000',5,4,NULL,'','N',NULL),('166702000','Bacuag','166700000',5,4,NULL,'','N',NULL),('166704000','Burgos','166700000',6,4,NULL,'','N',NULL),('166706000','Claver','166700000',2,4,NULL,'','N',NULL),('166707000','Dapa','166700000',4,4,NULL,'','N',NULL),('166708000','Del Carmen','166700000',5,4,NULL,'','N',NULL),('166710000','General Luna','166700000',5,4,NULL,'','N',NULL),('166711000','Gigaquit','166700000',4,4,NULL,'','N',NULL),('166714000','Mainit','166700000',4,4,NULL,'','N',NULL),('166715000','Malimono','166700000',5,4,NULL,'','N',NULL),('166716000','Pilar','166700000',5,4,NULL,'','N',NULL),('166717000','Placer','166700000',4,4,NULL,'','N',NULL),('166718000','San Benito','166700000',6,4,NULL,'','N',NULL),('166719000','San Francisco (Anao-aon)','166700000',5,4,NULL,'','N',NULL),('166720000','San Isidro','166700000',5,4,NULL,'','N',NULL),('166721000','Santa Monica (Sapao)','166700000',5,4,NULL,'','N',NULL),('166722000','Sison','166700000',5,4,NULL,'','N',NULL),('166723000','Socorro','166700000',4,4,NULL,'','N',NULL),('166724000','Surigao City','166700000',3,4,NULL,'','N',NULL),('166725000','Tagana-an','166700000',5,4,NULL,'','N',NULL),('166727000','Tubod','166700000',5,4,NULL,'','N',NULL),('166800000','Surigao Del Sur','160000000',1,2,NULL,'','N',NULL),('166801000','Barobo','166800000',3,4,NULL,'','N',NULL),('166802000','Bayabas','166800000',5,4,NULL,'','N',NULL),('166803000','City of Bislig','166800000',3,3,3,'','N',NULL),('166804000','Cagwait','166800000',4,4,NULL,'','N',NULL),('166805000','Cantilan','166800000',2,4,NULL,'','N',NULL),('166806000','Carmen','166800000',5,4,NULL,'','N',NULL),('166807000','Carrascal','166800000',4,4,NULL,'','N',NULL),('166808000','Cortes','166800000',4,4,NULL,'','N',NULL),('166809000','Hinatuan','166800000',2,4,NULL,'','N',NULL),('166810000','Lanuza','166800000',4,4,NULL,'','N',NULL),('166811000','Lianga','166800000',4,4,NULL,'','N',NULL),('166812000','Lingig','166800000',2,4,NULL,'','N',NULL),('166813000','Madrid','166800000',4,4,NULL,'','N',NULL),('166814000','Marihatag','166800000',3,4,NULL,'','N',NULL),('166815000','San Agustin','166800000',4,4,NULL,'','N',NULL),('166816000','San Miguel','166800000',1,4,NULL,'','N',NULL),('166817000','Tagbina','166800000',2,4,NULL,'','N',NULL),('166818000','Tago','166800000',2,4,NULL,'','N',NULL),('166819000','City of Tandag','166800000',5,3,3,'','N',NULL),('168500000','Dinagat Islands','160000000',NULL,2,NULL,'','N',NULL),('168501000','Basilisa (Rizal)','168500000',4,4,NULL,'','N',NULL),('168502000','Cagdianao','168500000',3,4,NULL,'','N',NULL),('168503000','Dinagat','168500000',5,4,NULL,'','N',NULL),('168504000','Libjo (Albor)','168500000',5,4,NULL,'','N',NULL),('168505000','Loreto','168500000',4,4,NULL,'','N',NULL),('168506000','San Jose','168500000',4,4,NULL,'','N',NULL),('168507000','Tubajon','168500000',5,4,NULL,'','N',NULL),('170000000','Region IVB  MIMAROPA',NULL,NULL,1,NULL,'','N',NULL),('174000000','Marinduque','170000000',4,2,NULL,'','N',NULL),('174001000','Boac','174000000',1,4,NULL,'','N',NULL),('174002000','Buenavista','174000000',4,4,NULL,'','N',NULL),('174003000','Gasan','174000000',3,4,NULL,'','N',NULL),('174004000','Mogpog','174000000',3,4,NULL,'','N',NULL),('174005000','Santa Cruz','174000000',1,4,NULL,'','N',NULL),('174006000','Torrijos','174000000',3,4,NULL,'','N',NULL),('175100000','Occidental Mindoro','170000000',2,2,NULL,'','N',NULL),('175101000','Abra De Ilog','175100000',2,4,NULL,'','N',NULL),('175102000','Calintaan','175100000',3,4,NULL,'','N',NULL),('175103000','Looc','175100000',5,4,NULL,'','N',NULL),('175104000','Lubang','175100000',4,4,NULL,'','N',NULL),('175105000','Magsaysay','175100000',3,4,NULL,'','N',NULL),('175106000','Mamburao','175100000',2,4,NULL,'','N',NULL),('175107000','Paluan','175100000',3,4,NULL,'','N',NULL),('175108000','Rizal','175100000',3,4,NULL,'','N',NULL),('175109000','Sablayan','175100000',1,4,NULL,'','N',NULL),('175110000','San Jose','175100000',1,4,NULL,'','N',NULL),('175111000','Santa Cruz','175100000',1,4,NULL,'','N',NULL),('175200000','Oriental Mindoro','170000000',1,2,NULL,'','N',NULL),('175201000','Baco','175200000',3,4,NULL,'','N',NULL),('175202000','Bansud','175200000',2,4,NULL,'','N',NULL),('175203000','Bongabong','175200000',1,4,NULL,'','N',NULL),('175204000','Bulalacao (San Pedro)','175200000',3,4,NULL,'','N',NULL),('175205000','City of Calapan','175200000',3,3,3,'','N',NULL),('175206000','Gloria','175200000',3,4,NULL,'','N',NULL),('175207000','Mansalay','175200000',2,4,NULL,'','N',NULL),('175208000','Naujan','175200000',1,4,NULL,'','N',NULL),('175209000','Pinamalayan','175200000',1,4,NULL,'','N',NULL),('175210000','Pola','175200000',3,4,NULL,'','N',NULL),('175211000','Puerto Galera','175200000',1,4,NULL,'','N',NULL),('175212000','Roxas','175200000',2,4,NULL,'','N',NULL),('175213000','San Teodoro','175200000',4,4,NULL,'','N',NULL),('175214000','Socorro','175200000',3,4,NULL,'','N',NULL),('175215000','Victoria','175200000',2,4,NULL,'','N',NULL),('175300000','Palawan','170000000',1,2,NULL,'','N',NULL),('175301000','Aborlan','175300000',1,4,NULL,'','N',NULL),('175302000','Agutaya','175300000',5,4,NULL,'','N',NULL),('175303000','Araceli','175300000',4,4,NULL,'','N',NULL),('175304000','Balabac','175300000',2,4,NULL,'','N',NULL),('175305000','Bataraza','175300000',1,4,NULL,'','N',NULL),('175306000','Brooke\'S Point','175300000',1,4,NULL,'','N',NULL),('175307000','Busuanga','175300000',3,4,NULL,'','N',NULL),('175308000','Cagayancillo','175300000',6,4,NULL,'','N',NULL),('175309000','Coron','175300000',1,4,NULL,'','N',NULL),('175310000','Cuyo','175300000',4,4,NULL,'','N',NULL),('175311000','Dumaran','175300000',3,4,NULL,'','N',NULL),('175312000','El Nido (Bacuit)','175300000',1,4,NULL,'','N',NULL),('175313000','Linapacan','175300000',5,4,NULL,'','N',NULL),('175314000','Magsaysay','175300000',5,4,NULL,'','N',NULL),('175315000','Narra','175300000',1,4,NULL,'','N',NULL),('175316000','Puerto Princesa City','175300000',1,3,2,'','N',NULL),('175317000','Quezon','175300000',1,4,NULL,'','N',NULL),('175318000','Roxas','175300000',1,4,NULL,'','N',NULL),('175319000','San Vicente','175300000',1,4,NULL,'','N',NULL),('175320000','Taytay','175300000',1,4,NULL,'','N',NULL),('175321000','Kalayaan','175300000',5,4,NULL,'','N',NULL),('175322000','Culion','175300000',3,4,NULL,'','N',NULL),('175323000','Rizal (Marcos)','175300000',1,4,NULL,'','N',NULL),('175324000','Sofronio Espaola','175300000',2,4,NULL,'','N',NULL),('175900000','Romblon','170000000',3,2,NULL,'','N',NULL),('175901000','Alcantara','175900000',5,4,NULL,'','N',NULL),('175902000','Banton','175900000',5,4,NULL,'','N',NULL),('175903000','Cajidiocan','175900000',4,4,NULL,'','N',NULL),('175904000','Calatrava','175900000',5,4,NULL,'','N',NULL),('175905000','Concepcion','175900000',6,4,NULL,'','N',NULL),('175906000','Corcuera','175900000',5,4,NULL,'','N',NULL),('175907000','Looc','175900000',4,4,NULL,'','N',NULL),('175908000','Magdiwang','175900000',5,4,NULL,'','N',NULL),('175909000','Odiongan','175900000',2,4,NULL,'','N',NULL),('175910000','Romblon','175900000',3,4,NULL,'','N',NULL),('175911000','San Agustin','175900000',4,4,NULL,'','N',NULL),('175912000','San Andres','175900000',5,4,NULL,'','N',NULL),('175913000','San Fernando','175900000',4,4,NULL,'','N',NULL),('175914000','San Jose','175900000',5,4,NULL,'','N',NULL),('175915000','Santa Fe','175900000',5,4,NULL,'','N',NULL),('175916000','Ferrol','175900000',6,4,NULL,'','N',NULL),('175917000','Santa Maria (Imelda)','175900000',5,4,NULL,'','N',NULL),('180000000','Negros Island Region (NIR)',NULL,NULL,1,NULL,'','N',NULL),('184500000','Negros Occidental','180000000',1,2,NULL,'','N',NULL),('184501000','Bacolod City','184500000',1,3,2,'','N',NULL),('184502000','Bago City','184500000',2,3,3,'','N',NULL),('184503000','Binalbagan','184500000',1,4,NULL,'','N',NULL),('184504000','Cadiz City','184500000',2,3,3,'','N',NULL),('184505000','Calatrava','184500000',1,4,NULL,'','N',NULL),('184506000','Candoni','184500000',4,4,NULL,'','N',NULL),('184507000','Cauayan','184500000',1,4,NULL,'','N',NULL),('184508000','Enrique B. Magalona (Saravia)','184500000',2,4,NULL,'','N',NULL),('184509000','City of Escalante','184500000',4,3,3,'','N',NULL),('184510000','City of Himamaylan','184500000',3,3,3,'','N',NULL),('184511000','Hinigaran','184500000',1,4,NULL,'','N',NULL),('184512000','Hinoba-an (Asia)','184500000',1,4,NULL,'','N',NULL),('184513000','Ilog','184500000',2,4,NULL,'','N',NULL),('184514000','Isabela','184500000',2,4,NULL,'','N',NULL),('184515000','City of Kabankalan','184500000',1,3,3,'','N',NULL),('184516000','La Carlota City','184500000',4,3,3,'','N',NULL),('184517000','La Castellana','184500000',1,4,NULL,'','N',NULL),('184518000','Manapla','184500000',2,4,NULL,'','N',NULL),('184519000','Moises Padilla (Magallon)','184500000',3,4,NULL,'','N',NULL),('184520000','Murcia','184500000',1,4,NULL,'','N',NULL),('184521000','Pontevedra','184500000',3,4,NULL,'','N',NULL),('184522000','Pulupandan','184500000',3,4,NULL,'','N',NULL),('184523000','Sagay City','184500000',3,3,3,'','N',NULL),('184524000','San Carlos City','184500000',2,3,3,'','N',NULL),('184525000','San Enrique','184500000',4,4,NULL,'','N',NULL),('184526000','Silay City','184500000',3,3,3,'','N',NULL),('184527000','City of Sipalay','184500000',4,3,3,'','N',NULL),('184528000','City of Talisay','184500000',4,3,3,'','N',NULL),('184529000','Toboso','184500000',3,4,NULL,'','N',NULL),('184530000','Valladolid','184500000',4,4,NULL,'','N',NULL),('184531000','City of Victorias','184500000',4,3,3,'','N',NULL),('184532000','Salvador Benedicto','184500000',4,4,NULL,'','N',NULL),('184600000','Negros Oriental','180000000',1,2,NULL,'','N',NULL),('184601000','Amlan (Ayuquitan)','184600000',4,4,NULL,'','N',NULL),('184602000','Ayungon','184600000',2,4,NULL,'','N',NULL),('184603000','Bacong','184600000',4,4,NULL,'','N',NULL),('184604000','Bais City','184600000',3,3,3,'','N',NULL),('184605000','Basay','184600000',4,4,NULL,'','N',NULL),('184606000','City of Bayawan (Tulong)','184600000',2,3,3,'','N',NULL),('184607000','Bindoy (Payabon)','184600000',3,4,NULL,'','N',NULL),('184608000','Canlaon City','184600000',4,3,3,'','N',NULL),('184609000','Dauin','184600000',4,4,NULL,'','N',NULL),('184610000','Dumaguete City','184600000',3,3,3,'','N',NULL),('184611000','City of Guihulngan','184600000',5,3,3,'','N',NULL),('184612000','Jimalalud','184600000',4,4,NULL,'','N',NULL),('184613000','La Libertad','184600000',3,4,NULL,'','N',NULL),('184614000','Mabinay','184600000',1,4,NULL,'','N',NULL),('184615000','Manjuyod','184600000',2,4,NULL,'','N',NULL),('184616000','Pamplona','184600000',3,4,NULL,'','N',NULL),('184617000','San Jose','184600000',5,4,NULL,'','N',NULL),('184618000','Santa Catalina','184600000',1,4,NULL,'','N',NULL),('184619000','Siaton','184600000',1,4,NULL,'','N',NULL),('184620000','Sibulan','184600000',2,4,NULL,'','N',NULL),('184621000','City of Tanjay','184600000',4,3,3,'','N',NULL),('184622000','Tayasan','184600000',3,4,NULL,'','N',NULL),('184623000','Valencia (Luzurriaga)','184600000',1,4,NULL,'','N',NULL),('184624000','Vallehermoso','184600000',3,4,NULL,'','N',NULL),('184625000','Zamboanguita','184600000',4,4,NULL,'','N',NULL);
/*!40000 ALTER TABLE `locations` ENABLE KEYS */;
UNLOCK TABLES;

--
-- Table structure for table `module_action_roles`
--

DROP TABLE IF EXISTS `module_action_roles`;
/*!40101 SET @saved_cs_client     = @@character_set_client */;
/*!40101 SET character_set_client = utf8 */;
CREATE TABLE `module_action_roles` (
  `module_action_id` mediumint(8) unsigned NOT NULL,
  `role_code` varchar(25) CHARACTER SET latin1 NOT NULL,
  PRIMARY KEY (`module_action_id`,`role_code`),
  KEY `role_code` (`role_code`),
  CONSTRAINT `module_action_roles_ibfk_1` FOREIGN KEY (`module_action_id`) REFERENCES `module_actions` (`module_action_id`) ON DELETE CASCADE ON UPDATE CASCADE,
  CONSTRAINT `module_action_roles_ibfk_2` FOREIGN KEY (`role_code`) REFERENCES `roles` (`role_code`) ON DELETE CASCADE ON UPDATE CASCADE
) ENGINE=InnoDB DEFAULT CHARSET=utf8;
/*!40101 SET character_set_client = @saved_cs_client */;

--
-- Dumping data for table `module_action_roles`
--

LOCK TABLES `module_action_roles` WRITE;
/*!40000 ALTER TABLE `module_action_roles` DISABLE KEYS */;
INSERT INTO `module_action_roles` VALUES (1,'SUPER_ADMIN'),(1,'SUPER_TELLER'),(2,'SUPER_ADMIN'),(3,'SUPER_TELLER'),(4,'SUPER_ADMIN'),(4,'SUPER_TELLER'),(5,'SUPER_ADMIN'),(5,'SUPER_TELLER'),(6,'SUPER_ADMIN'),(6,'SUPER_TELLER'),(7,'SUPER_ADMIN'),(8,'SUPER_ADMIN'),(9,'SUPER_ADMIN'),(10,'SUPER_ADMIN'),(10,'SUPER_TELLER'),(16,'SUPER_ADMIN'),(16,'SUPER_TELLER'),(17,'SUPER_ADMIN'),(17,'SUPER_TELLER'),(18,'SUPER_ADMIN'),(18,'SUPER_TELLER'),(19,'SUPER_ADMIN'),(19,'SUPER_TELLER'),(20,'SUPER_ADMIN'),(20,'SUPER_TELLER'),(21,'SUPER_ADMIN'),(21,'SUPER_TELLER'),(22,'SUPER_ADMIN'),(22,'SUPER_TELLER'),(23,'SUPER_ADMIN'),(23,'SUPER_TELLER'),(24,'SUPER_TELLER'),(25,'SUPER_ADMIN'),(26,'SUPER_ADMIN'),(27,'SUPER_ADMIN'),(28,'SUPER_ADMIN'),(29,'SUPER_ADMIN'),(30,'SUPER_ADMIN'),(31,'SUPER_ADMIN'),(32,'SUPER_ADMIN'),(33,'SUPER_ADMIN'),(34,'SUPER_ADMIN'),(35,'SUPER_ADMIN'),(36,'SUPER_ADMIN'),(37,'SUPER_ADMIN'),(39,'SUPER_ADMIN'),(40,'SUPER_ADMIN'),(40,'SUPER_TELLER'),(41,'SUPER_ADMIN'),(41,'SUPER_TELLER'),(42,'SUPER_ADMIN'),(42,'SUPER_TELLER'),(43,'SUPER_ADMIN'),(43,'SUPER_TELLER'),(44,'SUPER_ADMIN'),(44,'SUPER_TELLER'),(45,'SUPER_ADMIN'),(45,'SUPER_TELLER'),(46,'AUTHENTICATED_USER'),(46,'SUPER_ADMIN'),(47,'AUTHENTICATED_USER'),(47,'SUPER_ADMIN'),(48,'SUPER_ADMIN'),(49,'SUPER_ADMIN'),(49,'SUPER_TELLER'),(50,'SUPER_ADMIN'),(50,'SUPER_TELLER'),(51,'SUPER_ADMIN'),(51,'SUPER_TELLER'),(52,'SUPER_ADMIN'),(52,'SUPER_TELLER'),(53,'SUPER_ADMIN'),(54,'SUPER_ADMIN'),(55,'SUPER_ADMIN'),(56,'SUPER_ADMIN'),(57,'SUPER_ADMIN'),(58,'SUPER_ADMIN'),(76,'SUPER_ADMIN'),(78,'SUPER_ADMIN'),(80,'SUPER_ADMIN'),(81,'SUPER_ADMIN'),(82,'SUPER_ADMIN'),(83,'SUPER_ADMIN'),(84,'SUPER_ADMIN'),(85,'SUPER_ADMIN'),(86,'SUPER_ADMIN'),(87,'SUPER_ADMIN'),(87,'SUPER_TELLER'),(88,'SUPER_ADMIN'),(88,'SUPER_TELLER'),(89,'SUPER_ADMIN'),(89,'SUPER_TELLER'),(90,'SUPER_ADMIN'),(91,'SUPER_ADMIN'),(92,'SUPER_ADMIN'),(92,'SUPER_TELLER'),(93,'SUPER_ADMIN'),(93,'SUPER_TELLER'),(94,'SUPER_ADMIN'),(95,'SUPER_ADMIN'),(96,'SUPER_ADMIN'),(97,'SUPER_ADMIN'),(98,'SUPER_ADMIN'),(99,'SUPER_ADMIN'),(100,'SUPER_ADMIN'),(101,'MERCHANT'),(101,'SUPER_ADMIN'),(102,'MERCHANT'),(102,'SUPER_ADMIN'),(103,'SUPER_ADMIN'),(104,'SUPER_ADMIN'),(105,'SUPER_ADMIN'),(106,'MERCHANT'),(106,'SUPER_ADMIN'),(107,'MERCHANT'),(107,'SUPER_ADMIN'),(108,'MERCHANT'),(108,'SUPER_ADMIN'),(109,'SUPER_ADMIN'),(110,'SUPER_ADMIN'),(111,'SUPER_ADMIN'),(112,'SUPER_ADMIN'),(112,'SUPER_TELLER'),(114,'SUPER_ADMIN'),(114,'SUPER_TELLER'),(115,'SUPER_ADMIN'),(115,'SUPER_TELLER'),(116,'SUPER_ADMIN'),(116,'SUPER_TELLER'),(117,'SUPER_ADMIN'),(117,'SUPER_TELLER'),(118,'SUPER_ADMIN'),(118,'SUPER_TELLER'),(119,'SUPER_ADMIN'),(119,'SUPER_TELLER'),(120,'SUPER_ADMIN'),(121,'SUPER_ADMIN'),(122,'SUPER_ADMIN'),(122,'SUPER_TELLER'),(123,'SUPER_ADMIN'),(124,'SUPER_ADMIN'),(124,'SUPER_TELLER'),(125,'SUPER_ADMIN'),(125,'SUPER_TELLER'),(126,'SUPER_ADMIN'),(126,'SUPER_TELLER'),(127,'SUPER_ADMIN'),(127,'SUPER_TELLER'),(132,'SUPER_TELLER'),(133,'SUPER_TELLER'),(134,'SUPER_TELLER'),(135,'SUPER_TELLER'),(137,'SUPER_ADMIN'),(137,'SUPER_TELLER'),(138,'SUPER_ADMIN'),(138,'SUPER_TELLER'),(139,'SUPER_ADMIN'),(139,'SUPER_TELLER'),(140,'SUPER_ADMIN'),(140,'SUPER_TELLER'),(141,'SUPER_ADMIN'),(141,'SUPER_TELLER'),(142,'SUPER_ADMIN'),(142,'SUPER_TELLER'),(143,'SUPER_ADMIN'),(143,'SUPER_TELLER'),(144,'SUPER_ADMIN'),(144,'SUPER_TELLER'),(145,'SUPER_TELLER'),(146,'SUPER_TELLER'),(147,'SUPER_TELLER'),(148,'SUPER_TELLER'),(149,'SUPER_TELLER'),(150,'SUPER_TELLER'),(151,'SUPER_TELLER'),(152,'SUPER_TELLER'),(153,'SUPER_TELLER'),(154,'SUPER_TELLER'),(155,'SUPER_TELLER'),(156,'SUPER_TELLER');
/*!40000 ALTER TABLE `module_action_roles` ENABLE KEYS */;
UNLOCK TABLES;

--
-- Table structure for table `module_actions`
--

DROP TABLE IF EXISTS `module_actions`;
/*!40101 SET @saved_cs_client     = @@character_set_client */;
/*!40101 SET character_set_client = utf8 */;
CREATE TABLE `module_actions` (
  `module_action_id` mediumint(8) unsigned NOT NULL AUTO_INCREMENT,
  `module_code` varchar(50) CHARACTER SET latin1 DEFAULT NULL,
  `action` varchar(30) CHARACTER SET latin1 DEFAULT NULL,
  `created_by` mediumint(8) unsigned NOT NULL,
  `created_date` datetime NOT NULL,
  `modified_by` mediumint(8) unsigned DEFAULT NULL,
  `modified_date` timestamp NULL DEFAULT NULL ON UPDATE CURRENT_TIMESTAMP,
  PRIMARY KEY (`module_action_id`),
  KEY `created_by` (`created_by`),
  KEY `modified_by` (`modified_by`),
  KEY `action_id` (`action`),
  KEY `module_code` (`module_code`) USING BTREE,
  CONSTRAINT `module_actions_ibfk_1` FOREIGN KEY (`module_code`) REFERENCES `modules` (`module_code`) ON DELETE CASCADE ON UPDATE CASCADE,
  CONSTRAINT `module_actions_ibfk_2` FOREIGN KEY (`action`) REFERENCES `sys_param` (`sys_param_code`) ON UPDATE CASCADE,
  CONSTRAINT `module_actions_ibfk_3` FOREIGN KEY (`created_by`) REFERENCES `users` (`user_id`) ON DELETE NO ACTION ON UPDATE CASCADE,
  CONSTRAINT `module_actions_ibfk_4` FOREIGN KEY (`modified_by`) REFERENCES `users` (`user_id`) ON DELETE NO ACTION ON UPDATE CASCADE
) ENGINE=InnoDB AUTO_INCREMENT=157 DEFAULT CHARSET=utf8;
/*!40101 SET character_set_client = @saved_cs_client */;

--
-- Dumping data for table `module_actions`
--

LOCK TABLES `module_actions` WRITE;
/*!40000 ALTER TABLE `module_actions` DISABLE KEYS */;
INSERT INTO `module_actions` VALUES (1,'DASHBOARD','ACTION_VIEW',1,'2016-03-14 10:52:50',NULL,NULL),(2,'SETTINGS','ACTION_VIEW',1,'2016-03-14 10:52:50',NULL,NULL),(3,'USER_MGT','ACTION_VIEW',1,'2016-03-14 10:52:50',NULL,NULL),(4,'USERS','ACTION_VIEW',1,'2016-03-14 10:52:50',NULL,NULL),(5,'ROLES','ACTION_VIEW',1,'2016-03-14 10:52:50',NULL,NULL),(6,'PERMISSIONS','ACTION_VIEW',1,'2016-03-14 10:52:50',NULL,NULL),(7,'ORGS','ACTION_VIEW',1,'2016-03-14 10:52:50',NULL,NULL),(8,'FILES','ACTION_VIEW',1,'2016-03-14 10:52:50',NULL,NULL),(9,'WORKFLOW','ACTION_VIEW',1,'2016-03-14 10:52:50',NULL,NULL),(10,'AUDIT_TRAIL','ACTION_VIEW',1,'2016-03-14 10:52:50',NULL,NULL),(16,'USERS','ACTION_SAVE',1,'2016-03-14 11:02:44',NULL,NULL),(17,'USERS','ACTION_ADD',1,'2016-03-14 11:02:44',NULL,NULL),(18,'USERS','ACTION_EDIT',1,'2016-03-14 11:02:44',NULL,NULL),(19,'USERS','ACTION_DELETE',1,'2016-03-14 11:02:44',NULL,NULL),(20,'ROLES','ACTION_SAVE',1,'2016-03-14 11:02:44',NULL,NULL),(21,'ROLES','ACTION_ADD',1,'2016-03-14 11:02:44',NULL,NULL),(22,'ROLES','ACTION_EDIT',1,'2016-03-14 11:02:44',NULL,NULL),(23,'ROLES','ACTION_DELETE',1,'2016-03-14 11:02:44',NULL,NULL),(24,'PERMISSIONS','ACTION_SAVE',1,'2016-03-14 11:02:44',NULL,NULL),(25,'ORGS','ACTION_SAVE',1,'2016-03-14 11:02:44',NULL,NULL),(26,'ORGS','ACTION_ADD',1,'2016-03-14 11:02:44',NULL,NULL),(27,'ORGS','ACTION_EDIT',1,'2016-03-14 11:02:44',NULL,NULL),(28,'ORGS','ACTION_DELETE',1,'2016-03-14 11:02:44',NULL,NULL),(29,'FILES','ACTION_SAVE',1,'2016-03-14 11:02:44',NULL,NULL),(30,'FILES','ACTION_ADD',1,'2016-03-14 11:02:44',NULL,NULL),(31,'FILES','ACTION_EDIT',1,'2016-03-14 11:02:44',NULL,NULL),(32,'FILES','ACTION_DELETE',1,'2016-03-14 11:02:44',NULL,NULL),(33,'WORKFLOW','ACTION_SAVE',1,'2016-03-14 11:02:44',NULL,NULL),(34,'WORKFLOW','ACTION_ADD',1,'2016-03-14 11:02:44',NULL,NULL),(35,'WORKFLOW','ACTION_EDIT',1,'2016-03-14 11:02:44',NULL,NULL),(36,'WORKFLOW','ACTION_DELETE',1,'2016-03-14 11:02:44',NULL,NULL),(37,'SITE_SETTINGS','ACTION_SAVE',1,'2016-03-14 11:02:44',NULL,NULL),(38,'SITE_SETTINGS','ACTION_UPLOAD',1,'2016-03-14 11:02:44',NULL,NULL),(39,'AUTH_SETTINGS','ACTION_SAVE',1,'2016-03-14 11:02:44',NULL,NULL),(40,'SIGN_UP_APPROVAL','ACTION_VIEW',1,'2017-01-20 14:00:00',NULL,NULL),(41,'SIGN_UP_APPROVAL','ACTION_APPROVE',1,'2017-01-20 14:00:00',NULL,NULL),(42,'SYSTEMS','ACTION_VIEW',1,'2017-01-20 14:00:00',NULL,NULL),(43,'SYSTEMS','ACTION_ADD',1,'2017-01-20 14:00:00',NULL,NULL),(44,'SYSTEMS','ACTION_EDIT',1,'2017-01-20 14:00:00',NULL,NULL),(45,'SYSTEMS','ACTION_DELETE',1,'2017-01-20 14:00:00',NULL,NULL),(46,'PROFILE','ACTION_VIEW',1,'2017-12-13 13:47:00',NULL,NULL),(47,'PROFILE','ACTION_SAVE',1,'2017-12-13 13:47:00',NULL,NULL),(48,'WORKFLOW','ACTION_SETTINGS',1,'2017-12-13 13:47:00',NULL,NULL),(49,'GROUPS','ACTION_VIEW',1,'2017-12-13 13:47:00',NULL,NULL),(50,'GROUPS','ACTION_EDIT',1,'2017-12-13 13:47:00',NULL,NULL),(51,'GROUPS','ACTION_DELETE',1,'2017-12-13 13:47:00',NULL,NULL),(52,'GROUPS','ACTION_ADD',1,'2017-12-13 13:47:00',NULL,NULL),(53,'MEDIA_SETTINGS','ACTION_SAVE',1,'2017-12-13 13:47:00',NULL,NULL),(54,'ANNOUNCEMENTS','ACTION_VIEW',1,'2019-01-01 00:00:00',NULL,NULL),(55,'ANNOUNCEMENTS','ACTION_ADD',1,'2019-01-01 00:00:00',NULL,NULL),(56,'ANNOUNCEMENTS','ACTION_EDIT',1,'2019-01-01 00:00:00',NULL,NULL),(57,'ANNOUNCEMENTS','ACTION_DELETE',1,'2019-01-01 00:00:00',NULL,NULL),(58,'DATA_PRIVACY_SETTING','ACTION_SAVE',1,'2019-01-01 00:00:00',NULL,NULL),(59,'ANNOUNCEMENTS',NULL,1,'2019-01-01 00:00:00',NULL,NULL),(60,'AUDIT_TRAIL',NULL,1,'2019-01-01 00:00:00',NULL,NULL),(61,'AUTH_SETTINGS',NULL,1,'2019-01-01 00:00:00',NULL,NULL),(62,'DASHBOARD',NULL,1,'2019-01-01 00:00:00',NULL,NULL),(63,'DATA_PRIVACY_SETTING',NULL,1,'2019-01-01 00:00:00',NULL,NULL),(64,'FILES',NULL,1,'2019-01-01 00:00:00',NULL,NULL),(65,'GROUPS',NULL,1,'2019-01-01 00:00:00',NULL,NULL),(66,'MEDIA_SETTINGS',NULL,1,'2019-01-01 00:00:00',NULL,NULL),(67,'ORGS',NULL,1,'2019-01-01 00:00:00',NULL,NULL),(68,'PERMISSIONS',NULL,1,'2019-01-01 00:00:00',NULL,NULL),(69,'PROFILE',NULL,1,'2019-01-01 00:00:00',NULL,NULL),(70,'ROLES',NULL,1,'2019-01-01 00:00:00',NULL,NULL),(71,'SETTINGS',NULL,1,'2019-01-01 00:00:00',NULL,NULL),(72,'SIGN_UP_APPROVAL',NULL,1,'2019-01-01 00:00:00',NULL,NULL),(73,'SITE_SETTINGS',NULL,1,'2019-01-01 00:00:00',NULL,NULL),(74,'SYSTEMS',NULL,1,'2019-01-01 00:00:00',NULL,NULL),(75,'USERS',NULL,1,'2019-01-01 00:00:00',NULL,NULL),(76,'USER_MGT',NULL,1,'2019-01-01 00:00:00',NULL,NULL),(77,'WORKFLOW',NULL,1,'2019-01-01 00:00:00',NULL,NULL),(78,'MAINTENANCE',NULL,1,'2019-01-01 00:00:00',NULL,NULL),(79,'STATEMENTS',NULL,1,'2019-01-01 00:00:00',NULL,NULL),(80,'STATEMENTS','ACTION_VIEW',1,'2019-01-01 00:00:00',NULL,NULL),(81,'STATEMENTS','ACTION_DELETE',1,'2019-01-01 00:00:00',NULL,NULL),(82,'STATEMENTS','ACTION_ADD',1,'2019-01-01 00:00:00',NULL,NULL),(83,'STATEMENTS','ACTION_EDIT',1,'2019-01-01 00:00:00',NULL,NULL),(84,'SYSTEM_SETTINGS',NULL,1,'2019-01-01 00:00:00',NULL,NULL),(85,'SYSTEM_SETTINGS','ACTION_SAVE',1,'2019-01-01 00:00:00',NULL,NULL),(86,'APPLICATION_LOGS',NULL,1,'2019-01-01 00:00:00',NULL,NULL),(87,'APPLICATION_LOGS','ACTION_VIEW',1,'2019-01-01 00:00:00',NULL,NULL),(88,'APPLICATION_LOGS','ACTION_DELETE',1,'2019-01-01 00:00:00',NULL,NULL),(89,'AUDIT_TRAIL','ACTION_ARCHIVE',1,'2019-07-18 00:00:00',NULL,NULL),(90,'ORGS','ACTION_DOWNLOAD',1,'2019-01-01 00:00:00',NULL,NULL),(91,'ORGS','ACTION_IMPORT',1,'2019-01-01 00:00:00',NULL,NULL),(92,'USERS','ACTION_DOWNLOAD',1,'2019-01-01 00:00:00',NULL,NULL),(93,'USERS','ACTION_IMPORT',1,'2019-01-01 00:00:00',NULL,NULL),(94,'QUEUES',NULL,1,'2019-01-01 00:00:00',NULL,NULL),(95,'EMAIL_QUEUE',NULL,1,'2019-01-01 00:00:00',NULL,NULL),(96,'EMAIL_QUEUE','ACTION_VIEW',1,'2019-01-01 00:00:00',NULL,NULL),(97,'EMAIL_QUEUE','ACTION_DELETE',1,'2019-01-01 00:00:00',NULL,NULL),(98,'SMS_QUEUE',NULL,1,'2019-01-01 00:00:00',NULL,NULL),(99,'SMS_QUEUE','ACTION_VIEW',1,'2019-01-01 00:00:00',NULL,NULL),(100,'SMS_QUEUE','ACTION_DELETE',1,'2019-01-01 00:00:00',NULL,NULL),(101,'SOS_DASHBOARD','ACTION_VIEW',1,'2020-05-27 00:00:00',NULL,'2020-05-27 09:50:52'),(102,'SOS_ORDER_LIST','ACTION_VIEW',1,'2020-05-27 00:00:00',NULL,NULL),(103,'SOS_DATA_ENTRY','ACTION_VIEW',1,'2020-05-27 00:00:00',NULL,NULL),(104,'SOS_BUSINESS_RULES','ACTION_VIEW',1,'2020-05-27 00:00:00',NULL,NULL),(105,'PAYMENT','ACTION_VIEW',1,'2020-05-27 00:00:00',NULL,NULL),(106,'SOS_ORDER_LIST','ACTION_DELETE',1,'2019-01-01 00:00:00',NULL,NULL),(107,'SOS_ORDER_LIST','ACTION_ADD',1,'2019-01-01 00:00:00',NULL,NULL),(108,'SOS_ORDER_LIST','ACTION_EDIT',1,'2019-01-01 00:00:00',NULL,NULL),(109,'SOS_DATA_ENTRY','ACTION_DELETE',1,'2019-01-01 00:00:00',NULL,NULL),(110,'SOS_DATA_ENTRY','ACTION_ADD',1,'2019-01-01 00:00:00',NULL,NULL),(111,'SOS_DATA_ENTRY','ACTION_EDIT',1,'2019-01-01 00:00:00',NULL,NULL),(112,'CBS_DASHBOARD','ACTION_VIEW',1,'2020-06-07 00:00:00',NULL,NULL),(114,'CBS_SAVINGS','ACTION_VIEW',1,'2020-06-07 00:00:00',NULL,NULL),(115,'CBS_CURRENT','ACTION_VIEW',1,'2020-06-07 00:00:00',NULL,NULL),(116,'CBS_LOANS','ACTION_VIEW',1,'2020-06-07 00:00:00',NULL,NULL),(117,'CBS_BATCH','ACTION_VIEW',1,'2020-06-07 00:00:00',NULL,NULL),(118,'CBS_BACK_OFFICE','ACTION_VIEW',1,'2020-06-07 00:00:00',NULL,NULL),(119,'CBS_GENERAL_LEDGER','ACTION_VIEW',1,'2020-06-07 00:00:00',NULL,NULL),(120,'CBS_USERS','ACTION_VIEW',1,'2020-06-07 00:00:00',NULL,NULL),(121,'CBS_PERIODIC_PROCESS','ACTION_VIEW',1,'2020-06-07 00:00:00',NULL,NULL),(122,'CBS_FILE_MAINTENANCE','ACTION_VIEW',1,'2020-06-07 00:00:00',NULL,NULL),(123,'CBS_MISCELLANEOUS','ACTION_VIEW',1,'2020-06-07 00:00:00',NULL,NULL),(124,'GENERAL_LEDGER_TYPE','ACTION_VIEW',1,'2017-01-20 14:00:00',NULL,NULL),(125,'GENERAL_LEDGER_TYPE','ACTION_ADD',1,'2017-01-20 14:00:00',NULL,NULL),(126,'GENERAL_LEDGER_TYPE','ACTION_EDIT',1,'2017-01-20 14:00:00',NULL,NULL),(127,'GENERAL_LEDGER_TYPE','ACTION_DELETE',1,'2017-01-20 14:00:00',NULL,NULL),(132,'GENERAL_LEDGER_SORT','ACTION_VIEW',1,'2017-01-20 14:00:00',NULL,NULL),(133,'GENERAL_LEDGER_SORT','ACTION_ADD',1,'2017-01-20 14:00:00',NULL,NULL),(134,'GENERAL_LEDGER_SORT','ACTION_EDIT',1,'2017-01-20 14:00:00',NULL,NULL),(135,'GENERAL_LEDGER_SORT','ACTION_DELETE',1,'2017-01-20 14:00:00',NULL,NULL),(137,'GENERAL_LEDGER_ACCOUNTS','ACTION_VIEW',1,'2017-01-20 14:00:00',NULL,NULL),(138,'GENERAL_LEDGER_ACCOUNTS','ACTION_ADD',1,'2017-01-20 14:00:00',NULL,NULL),(139,'GENERAL_LEDGER_ACCOUNTS','ACTION_EDIT',1,'2017-01-20 14:00:00',NULL,NULL),(140,'GENERAL_LEDGER_ACCOUNTS','ACTION_DELETE',1,'2017-01-20 14:00:00',NULL,NULL),(141,'GENERAL_LEDGER_TRANSACTIONS','ACTION_VIEW',1,'2017-01-20 14:00:00',NULL,NULL),(142,'GENERAL_LEDGER_TRANSACTIONS','ACTION_ADD',1,'2017-01-20 14:00:00',NULL,NULL),(143,'GENERAL_LEDGER_TRANSACTIONS','ACTION_EDIT',1,'2017-01-20 14:00:00',NULL,NULL),(144,'GENERAL_LEDGER_TRANSACTIONS','ACTION_DELETE',1,'2017-01-20 14:00:00',NULL,NULL),(145,'FILE_MAINTENANCE_HOLIDAYS','ACTION_VIEW',1,'2017-01-20 14:00:00',NULL,NULL),(146,'FILE_MAINTENANCE_HOLIDAYS','ACTION_ADD',1,'2017-01-20 14:00:00',NULL,NULL),(147,'FILE_MAINTENANCE_HOLIDAYS','ACTION_EDIT',1,'2017-01-20 14:00:00',NULL,NULL),(148,'FILE_MAINTENANCE_HOLIDAYS','ACTION_DELETE',1,'2017-01-20 14:00:00',NULL,NULL),(149,'FILE_MAINTENANCE_BRANCH','ACTION_VIEW',1,'2017-01-20 14:00:00',NULL,NULL),(150,'FILE_MAINTENANCE_BRANCH','ACTION_ADD',1,'2017-01-20 14:00:00',NULL,NULL),(151,'FILE_MAINTENANCE_BRANCH','ACTION_EDIT',1,'2017-01-20 14:00:00',NULL,NULL),(152,'FILE_MAINTENANCE_BRANCH','ACTION_DELETE',1,'2017-01-20 14:00:00',NULL,NULL),(153,'CBS_CUSTOMER','ACTION_VIEW',1,'2017-01-20 14:00:00',NULL,NULL),(154,'CBS_CUSTOMER','ACTION_ADD',1,'2017-01-20 14:00:00',NULL,NULL),(155,'CBS_CUSTOMER','ACTION_EDIT',1,'2017-01-20 14:00:00',NULL,NULL),(156,'CBS_CUSTOMER','ACTION_DELETE',1,'2017-01-20 14:00:00',NULL,NULL);
/*!40000 ALTER TABLE `module_actions` ENABLE KEYS */;
UNLOCK TABLES;

--
-- Table structure for table `module_scope_roles`
--

DROP TABLE IF EXISTS `module_scope_roles`;
/*!40101 SET @saved_cs_client     = @@character_set_client */;
/*!40101 SET character_set_client = utf8 */;
CREATE TABLE `module_scope_roles` (
  `module_code` varchar(50) CHARACTER SET latin1 NOT NULL,
  `role_code` varchar(25) CHARACTER SET latin1 NOT NULL,
  `scope` varchar(30) CHARACTER SET latin1 NOT NULL,
  PRIMARY KEY (`module_code`,`role_code`,`scope`),
  KEY `role_code` (`role_code`),
  KEY `scope_id` (`scope`),
  CONSTRAINT `module_scope_roles_ibfk_1` FOREIGN KEY (`module_code`) REFERENCES `modules` (`module_code`) ON DELETE CASCADE ON UPDATE CASCADE,
  CONSTRAINT `module_scope_roles_ibfk_2` FOREIGN KEY (`role_code`) REFERENCES `roles` (`role_code`) ON DELETE CASCADE ON UPDATE CASCADE,
  CONSTRAINT `module_scope_roles_ibfk_3` FOREIGN KEY (`scope`) REFERENCES `sys_param` (`sys_param_code`) ON UPDATE CASCADE
) ENGINE=InnoDB DEFAULT CHARSET=utf8 COMMENT='Contains of all modules and scope assigned to role';
/*!40101 SET character_set_client = @saved_cs_client */;

--
-- Dumping data for table `module_scope_roles`
--

LOCK TABLES `module_scope_roles` WRITE;
/*!40000 ALTER TABLE `module_scope_roles` DISABLE KEYS */;
INSERT INTO `module_scope_roles` VALUES ('DASHBOARD','SUPER_ADMIN','SCOPE_SYSTEM'),('DASHBOARD','SUPER_TELLER','SCOPE_SYSTEM'),('FILES','SUPER_ADMIN','SCOPE_SYSTEM'),('ORGS','SUPER_ADMIN','SCOPE_SYSTEM'),('ROLES','SUPER_ADMIN','SCOPE_SYSTEM'),('ROLES','SUPER_TELLER','SCOPE_SYSTEM'),('SIGN_UP_APPROVAL','SUPER_ADMIN','SCOPE_SYSTEM'),('SIGN_UP_APPROVAL','SUPER_TELLER','SCOPE_SYSTEM'),('USERS','SUPER_ADMIN','SCOPE_SYSTEM'),('USERS','SUPER_TELLER','SCOPE_SYSTEM'),('WORKFLOW','SUPER_ADMIN','SCOPE_SYSTEM');
/*!40000 ALTER TABLE `module_scope_roles` ENABLE KEYS */;
UNLOCK TABLES;

--
-- Table structure for table `module_scopes`
--

DROP TABLE IF EXISTS `module_scopes`;
/*!40101 SET @saved_cs_client     = @@character_set_client */;
/*!40101 SET character_set_client = utf8 */;
CREATE TABLE `module_scopes` (
  `module_code` varchar(50) CHARACTER SET latin1 NOT NULL,
  `scope` varchar(30) CHARACTER SET latin1 NOT NULL,
  PRIMARY KEY (`module_code`,`scope`),
  KEY `scope_id` (`scope`),
  CONSTRAINT `module_scopes_ibfk_1` FOREIGN KEY (`module_code`) REFERENCES `modules` (`module_code`) ON DELETE CASCADE ON UPDATE CASCADE,
  CONSTRAINT `module_scopes_ibfk_2` FOREIGN KEY (`scope`) REFERENCES `sys_param` (`sys_param_code`) ON UPDATE CASCADE
) ENGINE=InnoDB DEFAULT CHARSET=utf8 COMMENT='Contains of applicable scopes per module';
/*!40101 SET character_set_client = @saved_cs_client */;

--
-- Dumping data for table `module_scopes`
--

LOCK TABLES `module_scopes` WRITE;
/*!40000 ALTER TABLE `module_scopes` DISABLE KEYS */;
INSERT INTO `module_scopes` VALUES ('DASHBOARD','SCOPE_AGENCY'),('DASHBOARD','SCOPE_DIRECT_NODES'),('DASHBOARD','SCOPE_OWN_AND_DR'),('DASHBOARD','SCOPE_OWN_AND_REGION'),('DASHBOARD','SCOPE_REGION'),('DASHBOARD','SCOPE_SYSTEM'),('FILES','SCOPE_AGENCY'),('FILES','SCOPE_DIRECT_NODES'),('FILES','SCOPE_OWN_AND_DR'),('FILES','SCOPE_OWN_AND_REGION'),('FILES','SCOPE_REGION'),('FILES','SCOPE_SYSTEM'),('ORGS','SCOPE_AGENCY'),('ORGS','SCOPE_DIRECT_NODES'),('ORGS','SCOPE_OWN_AND_DR'),('ORGS','SCOPE_OWN_AND_REGION'),('ORGS','SCOPE_REGION'),('ORGS','SCOPE_SYSTEM'),('ROLES','SCOPE_AGENCY'),('ROLES','SCOPE_DIRECT_NODES'),('ROLES','SCOPE_OWN_AND_DR'),('ROLES','SCOPE_OWN_AND_REGION'),('ROLES','SCOPE_REGION'),('ROLES','SCOPE_SYSTEM'),('SIGN_UP_APPROVAL','SCOPE_AGENCY'),('SIGN_UP_APPROVAL','SCOPE_DIRECT_NODES'),('SIGN_UP_APPROVAL','SCOPE_OWN_AND_DR'),('SIGN_UP_APPROVAL','SCOPE_OWN_AND_REGION'),('SIGN_UP_APPROVAL','SCOPE_REGION'),('SIGN_UP_APPROVAL','SCOPE_SYSTEM'),('USERS','SCOPE_AGENCY'),('USERS','SCOPE_DIRECT_NODES'),('USERS','SCOPE_OWN_AND_DR'),('USERS','SCOPE_OWN_AND_REGION'),('USERS','SCOPE_REGION'),('USERS','SCOPE_SYSTEM'),('WORKFLOW','SCOPE_AGENCY'),('WORKFLOW','SCOPE_DIRECT_NODES'),('WORKFLOW','SCOPE_OWN_AND_DR'),('WORKFLOW','SCOPE_OWN_AND_REGION'),('WORKFLOW','SCOPE_REGION'),('WORKFLOW','SCOPE_SYSTEM');
/*!40000 ALTER TABLE `module_scopes` ENABLE KEYS */;
UNLOCK TABLES;

--
-- Table structure for table `modules`
--

DROP TABLE IF EXISTS `modules`;
/*!40101 SET @saved_cs_client     = @@character_set_client */;
/*!40101 SET character_set_client = utf8 */;
CREATE TABLE `modules` (
  `module_code` varchar(50) CHARACTER SET latin1 NOT NULL,
  `app_code` varchar(25) CHARACTER SET latin1 NOT NULL,
  `system_code` varchar(25) CHARACTER SET latin1 NOT NULL,
  `parent_module` varchar(25) CHARACTER SET latin1 DEFAULT NULL,
  `module_name` varchar(100) CHARACTER SET latin1 NOT NULL,
  `icon` varchar(255) CHARACTER SET latin1 NOT NULL,
  `link` varchar(255) CHARACTER SET latin1 NOT NULL,
  `description` varchar(255) CHARACTER SET latin1 DEFAULT NULL,
  `module_location` varchar(30) CHARACTER SET latin1 NOT NULL,
  `group_header_flag` tinyint(1) unsigned NOT NULL DEFAULT '0',
  `sort_order` float(2,1) unsigned NOT NULL,
  `enabled_flag` tinyint(1) unsigned NOT NULL DEFAULT '1',
  `created_by` mediumint(8) unsigned NOT NULL,
  `created_date` datetime NOT NULL,
  `modified_by` mediumint(8) unsigned DEFAULT NULL,
  `modified_date` timestamp NULL DEFAULT NULL ON UPDATE CURRENT_TIMESTAMP,
  `landing_page_flag` tinyint(1) DEFAULT '0',
  `hide_flag` tinyint(1) DEFAULT '0',
  PRIMARY KEY (`module_code`),
  KEY `created_by` (`created_by`),
  KEY `modified_by` (`modified_by`),
  KEY `module_location` (`module_location`),
  KEY `system_code` (`system_code`),
  KEY `app_code` (`app_code`) USING BTREE,
  KEY `parent_module` (`parent_module`) USING BTREE,
  CONSTRAINT `modules_ibfk_1` FOREIGN KEY (`app_code`) REFERENCES `apps` (`app_code`) ON UPDATE CASCADE,
  CONSTRAINT `modules_ibfk_2` FOREIGN KEY (`system_code`) REFERENCES `systems` (`system_code`) ON UPDATE CASCADE,
  CONSTRAINT `modules_ibfk_3` FOREIGN KEY (`parent_module`) REFERENCES `modules` (`module_code`) ON DELETE CASCADE ON UPDATE CASCADE,
  CONSTRAINT `modules_ibfk_4` FOREIGN KEY (`module_location`) REFERENCES `sys_param` (`sys_param_code`) ON UPDATE CASCADE,
  CONSTRAINT `modules_ibfk_5` FOREIGN KEY (`created_by`) REFERENCES `users` (`user_id`) ON DELETE NO ACTION ON UPDATE CASCADE,
  CONSTRAINT `modules_ibfk_6` FOREIGN KEY (`modified_by`) REFERENCES `users` (`user_id`) ON DELETE NO ACTION ON UPDATE CASCADE
) ENGINE=InnoDB DEFAULT CHARSET=utf8;
/*!40101 SET character_set_client = @saved_cs_client */;

--
-- Dumping data for table `modules`
--

LOCK TABLES `modules` WRITE;
/*!40000 ALTER TABLE `modules` DISABLE KEYS */;
INSERT INTO `modules` VALUES ('ANNOUNCEMENTS','ANI_CORE','PLUGINS',NULL,'Announcements','announcement','announcements/announcement',NULL,'LOCATION_LEFT',0,8.0,1,1,'2019-01-01 00:00:00',NULL,'2019-10-09 09:57:01',0,0),('APPLICATION_LOGS','ANI_CORE','SYSAD','AUDIT_TRAIL','Application Logs',' ','audit_trail/application_logs',NULL,'LOCATION_LEFT',0,9.2,1,1,'2019-01-01 00:00:00',NULL,'2019-11-18 05:31:23',0,0),('AUDIT_TRAIL','ANI_CORE','SYSAD',NULL,'Audit Trail','track_changes','audit_trail/audit_log',NULL,'LOCATION_LEFT',0,6.0,1,1,'2016-03-11 00:00:00',NULL,'2017-12-20 10:24:39',0,0),('AUTH_SETTINGS','ANI_CORE','SYSAD','SETTINGS','Authentication Settings','','',NULL,'LOCATION_ON_PAGE',0,1.2,1,1,'2016-03-11 00:00:00',NULL,'2017-12-19 02:50:00',0,1),('CBS_BACK_OFFICE','CORE_BANKING_SYSTEM','CBS',NULL,'Back Office','map','#',NULL,'LOCATION_LEFT',0,1.6,1,1,'2020-05-07 01:50:00',NULL,'2020-06-07 15:21:37',1,0),('CBS_BATCH','CORE_BANKING_SYSTEM','CBS',NULL,'Batch','event_available','#',NULL,'LOCATION_LEFT',0,1.5,1,1,'2020-05-07 01:50:00',NULL,'2020-06-07 15:18:32',1,0),('CBS_CURRENT','CORE_BANKING_SYSTEM','CBS',NULL,'Current','local_atm','#',NULL,'LOCATION_LEFT',0,1.3,1,1,'2020-05-07 01:50:00',NULL,'2020-06-07 15:20:22',1,0),('CBS_CUSTOMER','CORE_BANKING_SYSTEM','CBS',NULL,'Customers','assignment_ind','customer/customer',NULL,'LOCATION_LEFT',0,1.1,1,1,'2020-05-07 01:50:00',NULL,'2020-06-10 15:33:56',1,0),('CBS_DASHBOARD','CORE_BANKING_SYSTEM','CBS',NULL,'Dashboard','dashboard','dashboard/dashboard',NULL,'LOCATION_LEFT',0,1.0,1,1,'2020-05-07 01:50:00',NULL,'2020-06-07 14:51:31',1,0),('CBS_FILE_MAINTENANCE','CORE_BANKING_SYSTEM','CBS',NULL,'File Maintenance','folder','#',NULL,'LOCATION_LEFT',0,2.0,1,1,'2020-05-07 01:50:00',NULL,'2020-06-08 15:27:05',0,0),('CBS_GENERAL_LEDGER','CORE_BANKING_SYSTEM','CBS',NULL,'General Ledger','account_balance_wallet','#',NULL,'LOCATION_LEFT',0,1.7,1,1,'2020-05-07 01:50:00',NULL,'2020-06-07 15:15:03',1,0),('CBS_LOANS','CORE_BANKING_SYSTEM','CBS',NULL,'Loans','local_parking','#',NULL,'LOCATION_LEFT',0,1.4,1,1,'2020-05-07 01:50:00',NULL,'2020-06-07 15:15:03',1,0),('CBS_MISCELLANEOUS','CORE_BANKING_SYSTEM','CBS',NULL,'Miscellaneous','miscellaneous_services','#',NULL,'LOCATION_LEFT',0,2.1,1,1,'2020-05-07 01:50:00',NULL,'2020-06-07 15:15:03',1,0),('CBS_PERIODIC_PROCESS','CORE_BANKING_SYSTEM','CBS',NULL,'Periodic Process','folder','#',NULL,'LOCATION_LEFT',0,1.9,1,1,'2020-05-07 01:50:00',NULL,'2020-06-07 14:52:59',1,0),('CBS_SAVINGS','CORE_BANKING_SYSTEM','CBS',NULL,'Savings','business_center','#',NULL,'LOCATION_LEFT',0,1.2,1,1,'2020-05-07 01:50:00',NULL,'2020-06-07 15:16:38',1,0),('CBS_USERS','CORE_BANKING_SYSTEM','CBS',NULL,'User Maintenance','folder','#',NULL,'LOCATION_LEFT',0,1.8,1,1,'2020-05-07 01:50:00',NULL,'2020-06-08 15:23:00',1,0),('DASHBOARD','ANI_CORE','SYSAD',NULL,'Dashboard','dashboard','home/dashboard',NULL,'LOCATION_LEFT',0,1.0,1,1,'2016-03-11 00:00:00',NULL,'2017-12-19 02:40:54',0,0),('DATA_PRIVACY_SETTING','ANI_CORE','SYSAD','SETTINGS','Data Privacy Settins',' ',' ',NULL,'LOCATION_ON_PAGE',0,1.4,1,1,'2016-03-11 00:00:00',NULL,NULL,0,1),('EMAIL_QUEUE','ANI_CORE','SYSAD','QUEUES','Email Queues','  ',' ',NULL,'LOCATION_ON_PAGE',0,9.5,1,1,'2019-01-01 00:00:00',NULL,NULL,0,1),('FILES','ANI_CORE','PLUGINS',NULL,'Files','folder','file_management/files',NULL,'LOCATION_LEFT',0,4.0,1,1,'2016-03-11 00:00:00',NULL,'2018-01-24 03:19:01',1,0),('FILE_MAINTENANCE_BRANCH','CORE_BANKING_SYSTEM','CBS','CBS_FILE_MAINTENANCE','Branch','folder','file_maintenance/branch',NULL,'LOCATION_LEFT',0,1.0,1,1,'2020-05-07 01:50:00',NULL,'2020-06-08 15:26:06',0,0),('FILE_MAINTENANCE_HOLIDAYS','CORE_BANKING_SYSTEM','CBS','CBS_FILE_MAINTENANCE','Holidays','folder','file_maintenance/holidays',NULL,'LOCATION_LEFT',0,1.1,1,1,'2020-05-07 01:50:00',NULL,'2020-06-09 03:57:13',0,0),('GENERAL_LEDGER_ACCOUNTS','CORE_BANKING_SYSTEM','CBS','CBS_GENERAL_LEDGER','Accounts','files','general_ledger/accounts',NULL,'LOCATION_LEFT',0,1.4,1,1,'2020-05-07 01:50:00',NULL,'2020-06-07 06:40:58',0,0),('GENERAL_LEDGER_SORT','CORE_BANKING_SYSTEM','CBS','CBS_GENERAL_LEDGER','Sort','files','general_ledger/sort',NULL,'LOCATION_LEFT',0,1.3,1,1,'2020-05-07 01:50:00',NULL,NULL,0,0),('GENERAL_LEDGER_TRANSACTIONS','CORE_BANKING_SYSTEM','CBS','CBS_GENERAL_LEDGER','Transactions','files','general_ledger/transactions',NULL,'LOCATION_LEFT',0,1.5,1,1,'2020-05-07 01:50:00',NULL,NULL,0,0),('GENERAL_LEDGER_TYPE','CORE_BANKING_SYSTEM','CBS','CBS_GENERAL_LEDGER','Type','files','general_ledger/type',NULL,'LOCATION_LEFT',0,1.1,1,1,'2020-05-07 01:50:00',NULL,'2020-06-07 06:19:07',0,0),('GROUPS','ANI_CORE','SYSAD','USER_MGT','Groups',' ','groups/groups',NULL,'LOCATION_LEFT',0,2.3,1,1,'2016-03-11 00:00:00',NULL,NULL,0,0),('MAINTENANCE','ANI_CORE','PLUGINS',NULL,'Maintenance','perm_data_setting',' ',NULL,'LOCATION_LEFT',0,9.0,1,1,'2019-01-01 00:00:00',NULL,'2019-11-18 05:35:34',0,0),('MEDIA_SETTINGS','ANI_CORE','SYSAD','SETTINGS','Media Settings',' ',' ',NULL,'LOCATION_ON_PAGE',0,1.3,1,1,'2016-03-11 00:00:00',NULL,'2018-04-06 09:42:15',0,1),('ORGS','ANI_CORE','SYSAD',NULL,'Organizations','account_balance','user_management/organizations',NULL,'LOCATION_LEFT',0,3.0,1,1,'2016-03-11 00:00:00',NULL,'2017-12-20 10:24:39',0,0),('PAYMENT','SALES_ORDER_SYSTEM','SOS','SOS_DATA_ENTRY','Payment','files','entries/payment',NULL,'LOCATION_LEFT',0,1.0,0,1,'2016-03-11 00:00:00',NULL,'2020-06-01 10:58:17',0,0),('PERMISSIONS','ANI_CORE','SYSAD','USER_MGT','Permissions','','user_management/permissions',NULL,'LOCATION_LEFT',0,2.4,1,1,'2016-03-11 00:00:00',NULL,'2018-01-15 03:03:03',0,0),('PROFILE','ANI_CORE','SYSAD',NULL,'Profile','','user_management/profile#tab_profile_account',NULL,'LOCATION_TOP_BAR',0,1.0,1,1,'2017-12-13 13:35:00',NULL,NULL,0,0),('QUEUES','ANI_CORE','SYSAD',NULL,'Queues','queue','queues/main_queue',NULL,'LOCATION_LEFT',0,9.4,1,1,'2019-01-01 00:00:00',NULL,'2019-12-05 13:02:52',0,0),('ROLES','ANI_CORE','SYSAD','USER_MGT','Roles','','user_management/roles',NULL,'LOCATION_LEFT',0,2.2,1,1,'2016-03-11 00:00:00',NULL,NULL,0,0),('SETTINGS','ANI_CORE','SYSAD',NULL,'Settings','settings','settings/manage_settings#tab_site_settings',NULL,'LOCATION_LEFT',0,8.0,1,1,'2016-03-11 00:00:00',NULL,'2017-12-20 10:24:39',0,0),('SIGN_UP_APPROVAL','ANI_CORE','SYSAD','DASHBOARD','Sign Up Approval','','home/sign_up',NULL,'LOCATION_ON_PAGE',0,1.1,1,1,'2017-01-20 00:00:00',NULL,'2018-01-12 01:06:51',1,0),('SITE_SETTINGS','ANI_CORE','SYSAD','SETTINGS','Site Settings','','',NULL,'LOCATION_ON_PAGE',0,1.1,1,1,'2016-03-11 00:00:00',NULL,'2017-12-19 02:50:00',0,1),('SMS_QUEUE','ANI_CORE','SYSAD','QUEUES','Sms Queues',' ',' ',NULL,'LOCATION_ON_PAGE',0,9.6,1,1,'2019-01-01 00:00:00',NULL,NULL,0,1),('SOS_BUSINESS_RULES','SALES_ORDER_SYSTEM','SOS',NULL,'Business Rules','files','business_rules/business_rules',NULL,'LOCATION_LEFT',0,1.3,0,1,'2016-03-11 00:00:00',NULL,'2020-06-02 04:49:37',0,0),('SOS_DASHBOARD','SALES_ORDER_SYSTEM','SOS',NULL,'Dashboard','dashboard','order/dashboard',NULL,'LOCATION_LEFT',0,1.0,1,1,'2016-03-11 00:00:00',NULL,'2020-05-27 10:04:03',1,0),('SOS_DATA_ENTRY','SALES_ORDER_SYSTEM','SOS',NULL,'Order Data Entries','files','entries/data_entries',NULL,'LOCATION_LEFT',0,1.2,0,1,'2016-03-11 00:00:00',NULL,'2020-06-02 04:49:25',0,0),('SOS_ORDER_LIST','SALES_ORDER_SYSTEM','SOS',NULL,'Order List','files','order_list/order_list',NULL,'LOCATION_LEFT',0,1.1,1,1,'2016-03-11 00:00:00',NULL,'2020-05-27 10:29:29',0,0),('STATEMENTS','ANI_CORE','PLUGINS','MAINTENANCE','Statements','receipt','maintenance/statements',NULL,'LOCATION_LEFT',0,9.1,1,1,'2019-01-01 00:00:00',NULL,'2019-11-18 05:35:34',0,0),('SYSTEMS','ANI_CORE','SYSAD',NULL,'Systems','computer','systems/systems_application',NULL,'LOCATION_LEFT',0,7.0,1,1,'2016-03-11 00:00:00',NULL,'2017-12-20 10:24:39',0,0),('SYSTEM_SETTINGS','ANI_CORE','SYSAD','SETTINGS','Other Settings',' ',' ',NULL,'LOCATION_ON_PAGE',0,1.5,1,1,'2019-01-01 00:00:00',NULL,'2019-11-18 05:31:23',0,1),('USERS','ANI_CORE','SYSAD','USER_MGT','Users','','user_management/users',NULL,'LOCATION_LEFT',0,2.1,1,1,'2016-03-11 00:00:00',NULL,NULL,0,0),('USER_MGT','ANI_CORE','SYSAD',NULL,'User Management','account_circle','',NULL,'LOCATION_LEFT',0,2.0,1,1,'2016-03-11 00:00:00',NULL,NULL,0,0),('WORKFLOW','ANI_CORE','PLUGINS',NULL,'Workflow','transform','workflow/manage_workflow',NULL,'LOCATION_LEFT',0,5.0,1,1,'2016-03-11 00:00:00',NULL,'2018-01-24 03:19:01',0,0);
/*!40000 ALTER TABLE `modules` ENABLE KEYS */;
UNLOCK TABLES;

--
-- Table structure for table `notifications`
--

DROP TABLE IF EXISTS `notifications`;
/*!40101 SET @saved_cs_client     = @@character_set_client */;
/*!40101 SET character_set_client = utf8 */;
CREATE TABLE `notifications` (
  `notification_id` int(11) unsigned NOT NULL AUTO_INCREMENT,
  `notification` text CHARACTER SET latin1 NOT NULL,
  `notification_html` text CHARACTER SET latin1,
  `notify_users` text CHARACTER SET latin1,
  `notify_orgs` text CHARACTER SET latin1,
  `notify_roles` text CHARACTER SET latin1,
  `notified_by` mediumint(8) unsigned NOT NULL,
  `notification_date` datetime NOT NULL,
  `read_date` datetime DEFAULT NULL,
  `module_code` varchar(50) CHARACTER SET latin1 NOT NULL,
  `displayed_socket_flag` enum('Y','N') CHARACTER SET latin1 DEFAULT 'N' COMMENT 'Flag for checking if notification has already been sent to socket',
  `listed_flag` enum('Y','N') CHARACTER SET latin1 DEFAULT 'N',
  PRIMARY KEY (`notification_id`),
  KEY `notified_by` (`notified_by`),
  KEY `module_code` (`module_code`) USING BTREE,
  CONSTRAINT `notifications_ibfk_1` FOREIGN KEY (`notified_by`) REFERENCES `users` (`user_id`) ON DELETE NO ACTION ON UPDATE CASCADE,
  CONSTRAINT `notifications_ibfk_2` FOREIGN KEY (`module_code`) REFERENCES `modules` (`module_code`) ON DELETE NO ACTION ON UPDATE CASCADE
) ENGINE=InnoDB DEFAULT CHARSET=utf8;
/*!40101 SET character_set_client = @saved_cs_client */;

--
-- Dumping data for table `notifications`
--

LOCK TABLES `notifications` WRITE;
/*!40000 ALTER TABLE `notifications` DISABLE KEYS */;
/*!40000 ALTER TABLE `notifications` ENABLE KEYS */;
UNLOCK TABLES;

--
-- Table structure for table `org_group_type`
--

DROP TABLE IF EXISTS `org_group_type`;
/*!40101 SET @saved_cs_client     = @@character_set_client */;
/*!40101 SET character_set_client = utf8 */;
CREATE TABLE `org_group_type` (
  `group_type` varchar(50) CHARACTER SET latin1 NOT NULL,
  `group_type_name` varchar(255) CHARACTER SET latin1 NOT NULL,
  `created_by` mediumint(8) unsigned NOT NULL,
  `created_date` datetime NOT NULL,
  `modified_by` mediumint(8) unsigned DEFAULT NULL,
  `modified_date` timestamp NULL DEFAULT NULL ON UPDATE CURRENT_TIMESTAMP,
  PRIMARY KEY (`group_type`),
  KEY `created_by` (`created_by`),
  KEY `modified_by` (`modified_by`),
  CONSTRAINT `org_group_type_ibfk_3` FOREIGN KEY (`created_by`) REFERENCES `users` (`user_id`) ON DELETE NO ACTION ON UPDATE NO ACTION,
  CONSTRAINT `org_group_type_ibfk_4` FOREIGN KEY (`modified_by`) REFERENCES `users` (`user_id`) ON DELETE NO ACTION ON UPDATE NO ACTION
) ENGINE=InnoDB DEFAULT CHARSET=utf8;
/*!40101 SET character_set_client = @saved_cs_client */;

--
-- Dumping data for table `org_group_type`
--

LOCK TABLES `org_group_type` WRITE;
/*!40000 ALTER TABLE `org_group_type` DISABLE KEYS */;
INSERT INTO `org_group_type` VALUES ('ADMINISTRATIVE','Administrative Group',1,'2017-06-27 10:00:00',NULL,NULL),('FINANCIAL','Financial Group',1,'2017-06-27 10:00:00',NULL,NULL);
/*!40000 ALTER TABLE `org_group_type` ENABLE KEYS */;
UNLOCK TABLES;

--
-- Table structure for table `org_parents`
--

DROP TABLE IF EXISTS `org_parents`;
/*!40101 SET @saved_cs_client     = @@character_set_client */;
/*!40101 SET character_set_client = utf8 */;
CREATE TABLE `org_parents` (
  `org_code` varchar(25) CHARACTER SET latin1 NOT NULL,
  `org_parent` varchar(25) CHARACTER SET latin1 NOT NULL,
  `group_type` varchar(50) CHARACTER SET latin1 NOT NULL,
  PRIMARY KEY (`org_code`,`org_parent`,`group_type`),
  KEY `org_par_org_code` (`org_code`),
  KEY `org_par_parent` (`org_parent`),
  KEY `org_par_grp_par_code` (`org_code`,`org_parent`,`group_type`),
  KEY `org_parent_group_ty_ibfk_1` (`group_type`),
  CONSTRAINT `org_code_ibfk_2` FOREIGN KEY (`org_code`) REFERENCES `organizations` (`org_code`) ON DELETE NO ACTION ON UPDATE NO ACTION,
  CONSTRAINT `org_parent_code_ibfk_1` FOREIGN KEY (`org_parent`) REFERENCES `organizations` (`org_code`) ON DELETE NO ACTION ON UPDATE NO ACTION,
  CONSTRAINT `org_parent_group_ty_ibfk_1` FOREIGN KEY (`group_type`) REFERENCES `org_group_type` (`group_type`) ON DELETE NO ACTION ON UPDATE NO ACTION
) ENGINE=InnoDB DEFAULT CHARSET=utf8;
/*!40101 SET character_set_client = @saved_cs_client */;

--
-- Dumping data for table `org_parents`
--

LOCK TABLES `org_parents` WRITE;
/*!40000 ALTER TABLE `org_parents` DISABLE KEYS */;
/*!40000 ALTER TABLE `org_parents` ENABLE KEYS */;
UNLOCK TABLES;

--
-- Table structure for table `org_paths`
--

DROP TABLE IF EXISTS `org_paths`;
/*!40101 SET @saved_cs_client     = @@character_set_client */;
/*!40101 SET character_set_client = utf8 */;
CREATE TABLE `org_paths` (
  `org_code` varchar(25) CHARACTER SET latin1 NOT NULL,
  `org_parent` varchar(25) CHARACTER SET latin1 NOT NULL,
  `group_type` varchar(50) CHARACTER SET latin1 NOT NULL DEFAULT '',
  `org_level` int(11) unsigned NOT NULL,
  `org_root` varchar(25) CHARACTER SET latin1 NOT NULL,
  PRIMARY KEY (`org_code`,`org_parent`,`group_type`,`org_level`),
  KEY `org_paths_root` (`org_root`),
  KEY `org_paths_par_grp_type` (`org_code`,`org_parent`,`group_type`),
  CONSTRAINT `org_path_root_code_ibfk_2` FOREIGN KEY (`org_root`) REFERENCES `organizations` (`org_code`) ON DELETE NO ACTION ON UPDATE NO ACTION,
  CONSTRAINT `org_paths_par_grp_type_ibfk_2` FOREIGN KEY (`org_code`, `org_parent`, `group_type`) REFERENCES `org_parents` (`org_code`, `org_parent`, `group_type`) ON DELETE NO ACTION ON UPDATE NO ACTION
) ENGINE=InnoDB DEFAULT CHARSET=utf8;
/*!40101 SET character_set_client = @saved_cs_client */;

--
-- Dumping data for table `org_paths`
--

LOCK TABLES `org_paths` WRITE;
/*!40000 ALTER TABLE `org_paths` DISABLE KEYS */;
/*!40000 ALTER TABLE `org_paths` ENABLE KEYS */;
UNLOCK TABLES;

--
-- Table structure for table `organization_parents`
--

DROP TABLE IF EXISTS `organization_parents`;
/*!40101 SET @saved_cs_client     = @@character_set_client */;
/*!40101 SET character_set_client = utf8 */;
CREATE TABLE `organization_parents` (
  `org_code` varchar(25) CHARACTER SET latin1 NOT NULL,
  `org_parent` varchar(25) CHARACTER SET latin1 NOT NULL,
  `path` varchar(100) CHARACTER SET latin1 DEFAULT NULL,
  PRIMARY KEY (`org_code`,`org_parent`),
  KEY `organization_parents_org_code` (`org_code`),
  KEY `organization_parents_parent` (`org_parent`),
  KEY `organization_parents_grp_par_code` (`org_code`,`org_parent`),
  CONSTRAINT `organization_parents_code_ibfk_2` FOREIGN KEY (`org_code`) REFERENCES `organizations` (`org_code`) ON DELETE NO ACTION ON UPDATE NO ACTION,
  CONSTRAINT `organization_parents_parent_code_ibfk_1` FOREIGN KEY (`org_parent`) REFERENCES `organizations` (`org_code`) ON DELETE NO ACTION ON UPDATE NO ACTION
) ENGINE=InnoDB DEFAULT CHARSET=utf8;
/*!40101 SET character_set_client = @saved_cs_client */;

--
-- Dumping data for table `organization_parents`
--

LOCK TABLES `organization_parents` WRITE;
/*!40000 ALTER TABLE `organization_parents` DISABLE KEYS */;
/*!40000 ALTER TABLE `organization_parents` ENABLE KEYS */;
UNLOCK TABLES;

--
-- Table structure for table `organization_types`
--

DROP TABLE IF EXISTS `organization_types`;
/*!40101 SET @saved_cs_client     = @@character_set_client */;
/*!40101 SET character_set_client = utf8 */;
CREATE TABLE `organization_types` (
  `organization_type_id` tinyint(1) unsigned NOT NULL AUTO_INCREMENT,
  `name` varchar(255) CHARACTER SET latin1 NOT NULL,
  PRIMARY KEY (`organization_type_id`)
) ENGINE=InnoDB AUTO_INCREMENT=7 DEFAULT CHARSET=utf8;
/*!40101 SET character_set_client = @saved_cs_client */;

--
-- Dumping data for table `organization_types`
--

LOCK TABLES `organization_types` WRITE;
/*!40000 ALTER TABLE `organization_types` DISABLE KEYS */;
INSERT INTO `organization_types` VALUES (1,'Region'),(2,'Province'),(3,'City'),(4,'Municipality'),(5,'Submunicipality'),(6,'Barangay');
/*!40000 ALTER TABLE `organization_types` ENABLE KEYS */;
UNLOCK TABLES;

--
-- Table structure for table `organizations`
--

DROP TABLE IF EXISTS `organizations`;
/*!40101 SET @saved_cs_client     = @@character_set_client */;
/*!40101 SET character_set_client = utf8 */;
CREATE TABLE `organizations` (
  `org_code` varchar(25) CHARACTER SET latin1 NOT NULL,
  `org_parent` varchar(25) CHARACTER SET latin1 DEFAULT NULL,
  `location_code` char(9) CHARACTER SET latin1 DEFAULT NULL,
  `short_name` varchar(50) CHARACTER SET latin1 DEFAULT NULL,
  `name` varchar(255) CHARACTER SET latin1 NOT NULL,
  `website` varchar(100) CHARACTER SET latin1 DEFAULT NULL,
  `email` varchar(100) CHARACTER SET latin1 DEFAULT NULL,
  `phone` varchar(100) CHARACTER SET latin1 DEFAULT NULL,
  `fax` varchar(100) CHARACTER SET latin1 DEFAULT NULL,
  `system_owner` enum('Y','N') CHARACTER SET latin1 DEFAULT 'N',
  `logo` varchar(255) CHARACTER SET latin1 DEFAULT NULL,
  `logo_orig_name` varchar(255) CHARACTER SET latin1 DEFAULT NULL,
  `created_by` mediumint(8) unsigned NOT NULL,
  `created_date` datetime NOT NULL,
  `modified_by` mediumint(8) unsigned DEFAULT NULL,
  `modified_date` timestamp NULL DEFAULT NULL ON UPDATE CURRENT_TIMESTAMP,
  `status` enum('Y','N') DEFAULT 'Y',
  `organization_type_id` tinyint(1) unsigned DEFAULT NULL,
  `region` char(9) CHARACTER SET latin1 DEFAULT NULL,
  `province` char(9) CHARACTER SET latin1 DEFAULT NULL,
  `city_muni` char(9) CHARACTER SET latin1 DEFAULT NULL,
  `submunicity` char(9) CHARACTER SET latin1 DEFAULT NULL,
  `barangay` char(9) CHARACTER SET latin1 DEFAULT NULL,
  `address` text,
  `zip_code` varchar(100) DEFAULT NULL,
  `url_address` varchar(255) DEFAULT NULL,
  PRIMARY KEY (`org_code`),
  KEY `org_parent` (`org_parent`),
  KEY `location_code` (`location_code`),
  KEY `created_by` (`created_by`),
  KEY `modified_by` (`modified_by`),
  KEY `fk-organizations-org_type_id` (`organization_type_id`),
  KEY `fk_org_loc_code_region` (`region`),
  KEY `fk_org_loc_code_province` (`province`),
  KEY `fk_org_loc_code_city_muni` (`city_muni`),
  KEY `fk_org_loc_code_submunicity` (`submunicity`),
  KEY `fk_org_loc_code_barangay` (`barangay`),
  CONSTRAINT `fk-organizations-org_type_id` FOREIGN KEY (`organization_type_id`) REFERENCES `organization_types` (`organization_type_id`) ON DELETE NO ACTION ON UPDATE NO ACTION,
  CONSTRAINT `fk_org_loc_code_barangay` FOREIGN KEY (`barangay`) REFERENCES `locations` (`location_code`),
  CONSTRAINT `fk_org_loc_code_city_muni` FOREIGN KEY (`city_muni`) REFERENCES `locations` (`location_code`),
  CONSTRAINT `fk_org_loc_code_province` FOREIGN KEY (`province`) REFERENCES `locations` (`location_code`),
  CONSTRAINT `fk_org_loc_code_region` FOREIGN KEY (`region`) REFERENCES `locations` (`location_code`),
  CONSTRAINT `fk_org_loc_code_submunicity` FOREIGN KEY (`submunicity`) REFERENCES `locations` (`location_code`),
  CONSTRAINT `organizations_ibfk_1` FOREIGN KEY (`org_parent`) REFERENCES `organizations` (`org_code`) ON DELETE CASCADE ON UPDATE CASCADE,
  CONSTRAINT `organizations_ibfk_2` FOREIGN KEY (`location_code`) REFERENCES `locations` (`location_code`) ON UPDATE CASCADE,
  CONSTRAINT `organizations_ibfk_3` FOREIGN KEY (`created_by`) REFERENCES `users` (`user_id`) ON DELETE NO ACTION ON UPDATE CASCADE,
  CONSTRAINT `organizations_ibfk_4` FOREIGN KEY (`modified_by`) REFERENCES `users` (`user_id`) ON DELETE NO ACTION ON UPDATE CASCADE
) ENGINE=InnoDB DEFAULT CHARSET=utf8;
/*!40101 SET character_set_client = @saved_cs_client */;

--
-- Dumping data for table `organizations`
--

LOCK TABLES `organizations` WRITE;
/*!40000 ALTER TABLE `organizations` DISABLE KEYS */;
INSERT INTO `organizations` VALUES ('ANI',NULL,'137602000','Asiagate','Asiagate Networks, Inc.','http://www.asiagate.com','inquiries@asiagate.com','7524971','7524971','Y','anilogoprimaryyellow_20180125_5a698d02de73d.png','ani-logo-primary-yellow.png',1,'2015-05-11 00:00:00',1,'2018-01-25 07:53:39','Y',NULL,NULL,NULL,NULL,NULL,NULL,NULL,NULL,NULL),('SC',NULL,'137602000','Asiagate','Statos Core',NULL,'stratoscore@gmail.com','7524971','7524971','Y','anilogoprimaryyellow_20180125_5a698d02de73d.png','ani-logo-primary-yellow.png',1,'2015-05-11 00:00:00',1,'2020-06-13 10:03:17','Y',NULL,NULL,NULL,NULL,NULL,NULL,NULL,NULL,NULL);
/*!40000 ALTER TABLE `organizations` ENABLE KEYS */;
UNLOCK TABLES;

--
-- Table structure for table `param_extension_name`
--

DROP TABLE IF EXISTS `param_extension_name`;
/*!40101 SET @saved_cs_client     = @@character_set_client */;
/*!40101 SET character_set_client = utf8 */;
CREATE TABLE `param_extension_name` (
  `param_extension_name` varchar(5) CHARACTER SET latin1 NOT NULL,
  PRIMARY KEY (`param_extension_name`)
) ENGINE=InnoDB DEFAULT CHARSET=utf8 COMMENT='List of all extension names';
/*!40101 SET character_set_client = @saved_cs_client */;

--
-- Dumping data for table `param_extension_name`
--

LOCK TABLES `param_extension_name` WRITE;
/*!40000 ALTER TABLE `param_extension_name` DISABLE KEYS */;
INSERT INTO `param_extension_name` VALUES ('I'),('II'),('III'),('Jr.'),('Sr.');
/*!40000 ALTER TABLE `param_extension_name` ENABLE KEYS */;
UNLOCK TABLES;

--
-- Table structure for table `param_task_actions`
--

DROP TABLE IF EXISTS `param_task_actions`;
/*!40101 SET @saved_cs_client     = @@character_set_client */;
/*!40101 SET character_set_client = utf8 */;
CREATE TABLE `param_task_actions` (
  `action_id` tinyint(3) unsigned NOT NULL AUTO_INCREMENT COMMENT 'This is the unique identifier of the parameter.',
  `action_name` varchar(100) NOT NULL COMMENT 'This is the descriptive name for the task action.',
  `active_flag` enum('Y','N') NOT NULL DEFAULT 'Y' COMMENT 'This indicates if the parameter is active and may be used in ICMS; Y if active, N if inactive.',
  PRIMARY KEY (`action_id`)
) ENGINE=InnoDB AUTO_INCREMENT=6 DEFAULT CHARSET=utf8 COMMENT='This table stores the actions used by a workflow task.';
/*!40101 SET character_set_client = @saved_cs_client */;

--
-- Dumping data for table `param_task_actions`
--

LOCK TABLES `param_task_actions` WRITE;
/*!40000 ALTER TABLE `param_task_actions` DISABLE KEYS */;
INSERT INTO `param_task_actions` VALUES (1,'On-going','Y'),(2,'Done','Y'),(3,'Returned','Y'),(4,'Skipped','Y'),(5,'Rejected','Y');
/*!40000 ALTER TABLE `param_task_actions` ENABLE KEYS */;
UNLOCK TABLES;

--
-- Table structure for table `param_visibility`
--

DROP TABLE IF EXISTS `param_visibility`;
/*!40101 SET @saved_cs_client     = @@character_set_client */;
/*!40101 SET character_set_client = utf8 */;
CREATE TABLE `param_visibility` (
  `visibility_id` tinyint(3) unsigned NOT NULL AUTO_INCREMENT COMMENT 'This is the unique identifier of the parameter.',
  `visibility_name` varchar(100) NOT NULL COMMENT 'This is the descriptive name for the visibility type.',
  PRIMARY KEY (`visibility_id`)
) ENGINE=InnoDB AUTO_INCREMENT=5 DEFAULT CHARSET=utf8 COMMENT='This table stores the visibility usually by files module but can also be used to other module.';
/*!40101 SET character_set_client = @saved_cs_client */;

--
-- Dumping data for table `param_visibility`
--

LOCK TABLES `param_visibility` WRITE;
/*!40000 ALTER TABLE `param_visibility` DISABLE KEYS */;
INSERT INTO `param_visibility` VALUES (1,'All'),(2,'Only Me'),(3,'Groups'),(4,'Individuals');
/*!40000 ALTER TABLE `param_visibility` ENABLE KEYS */;
UNLOCK TABLES;

--
-- Table structure for table `process`
--

DROP TABLE IF EXISTS `process`;
/*!40101 SET @saved_cs_client     = @@character_set_client */;
/*!40101 SET character_set_client = utf8 */;
CREATE TABLE `process` (
  `module_code` varchar(25) CHARACTER SET latin1 NOT NULL,
  `name` varchar(255) CHARACTER SET latin1 NOT NULL,
  `description` text CHARACTER SET latin1,
  `num_stages` tinyint(2) unsigned NOT NULL,
  `created_by` int(11) unsigned NOT NULL,
  `created_date` datetime NOT NULL,
  `modified_by` int(11) unsigned DEFAULT NULL,
  `modified_date` timestamp NULL DEFAULT NULL ON UPDATE CURRENT_TIMESTAMP,
  PRIMARY KEY (`module_code`)
) ENGINE=InnoDB DEFAULT CHARSET=utf8;
/*!40101 SET character_set_client = @saved_cs_client */;

--
-- Dumping data for table `process`
--

LOCK TABLES `process` WRITE;
/*!40000 ALTER TABLE `process` DISABLE KEYS */;
/*!40000 ALTER TABLE `process` ENABLE KEYS */;
UNLOCK TABLES;

--
-- Table structure for table `process_actions`
--

DROP TABLE IF EXISTS `process_actions`;
/*!40101 SET @saved_cs_client     = @@character_set_client */;
/*!40101 SET character_set_client = utf8 */;
CREATE TABLE `process_actions` (
  `process_action_id` int(11) unsigned NOT NULL AUTO_INCREMENT,
  `process_step_id` int(11) unsigned NOT NULL,
  `name` varchar(50) CHARACTER SET latin1 NOT NULL,
  `proceeding_step` int(11) unsigned NOT NULL,
  PRIMARY KEY (`process_action_id`),
  KEY `process_step_id` (`process_step_id`),
  KEY `proceeding_step` (`proceeding_step`),
  CONSTRAINT `process_actions_ibfk_1` FOREIGN KEY (`process_step_id`) REFERENCES `process_steps` (`process_step_id`) ON DELETE CASCADE ON UPDATE CASCADE,
  CONSTRAINT `process_actions_ibfk_2` FOREIGN KEY (`proceeding_step`) REFERENCES `process_steps` (`process_step_id`)
) ENGINE=InnoDB DEFAULT CHARSET=utf8;
/*!40101 SET character_set_client = @saved_cs_client */;

--
-- Dumping data for table `process_actions`
--

LOCK TABLES `process_actions` WRITE;
/*!40000 ALTER TABLE `process_actions` DISABLE KEYS */;
/*!40000 ALTER TABLE `process_actions` ENABLE KEYS */;
UNLOCK TABLES;

--
-- Table structure for table `process_stage_roles`
--

DROP TABLE IF EXISTS `process_stage_roles`;
/*!40101 SET @saved_cs_client     = @@character_set_client */;
/*!40101 SET character_set_client = utf8 */;
CREATE TABLE `process_stage_roles` (
  `process_stage_id` int(11) unsigned NOT NULL,
  `role_code` varchar(25) CHARACTER SET latin1 NOT NULL,
  PRIMARY KEY (`process_stage_id`,`role_code`),
  KEY `role_code` (`role_code`),
  CONSTRAINT `process_stage_roles_ibfk_1` FOREIGN KEY (`process_stage_id`) REFERENCES `process_stages` (`process_stage_id`) ON DELETE CASCADE ON UPDATE CASCADE,
  CONSTRAINT `process_stage_roles_ibfk_2` FOREIGN KEY (`role_code`) REFERENCES `roles` (`role_code`) ON DELETE CASCADE ON UPDATE CASCADE
) ENGINE=InnoDB DEFAULT CHARSET=utf8;
/*!40101 SET character_set_client = @saved_cs_client */;

--
-- Dumping data for table `process_stage_roles`
--

LOCK TABLES `process_stage_roles` WRITE;
/*!40000 ALTER TABLE `process_stage_roles` DISABLE KEYS */;
/*!40000 ALTER TABLE `process_stage_roles` ENABLE KEYS */;
UNLOCK TABLES;

--
-- Table structure for table `process_stages`
--

DROP TABLE IF EXISTS `process_stages`;
/*!40101 SET @saved_cs_client     = @@character_set_client */;
/*!40101 SET character_set_client = utf8 */;
CREATE TABLE `process_stages` (
  `process_stage_id` int(11) unsigned NOT NULL AUTO_INCREMENT,
  `module_code` varchar(25) CHARACTER SET latin1 NOT NULL,
  `name` varchar(255) CHARACTER SET latin1 NOT NULL,
  PRIMARY KEY (`process_stage_id`)
) ENGINE=InnoDB DEFAULT CHARSET=utf8;
/*!40101 SET character_set_client = @saved_cs_client */;

--
-- Dumping data for table `process_stages`
--

LOCK TABLES `process_stages` WRITE;
/*!40000 ALTER TABLE `process_stages` DISABLE KEYS */;
/*!40000 ALTER TABLE `process_stages` ENABLE KEYS */;
UNLOCK TABLES;

--
-- Table structure for table `process_steps`
--

DROP TABLE IF EXISTS `process_steps`;
/*!40101 SET @saved_cs_client     = @@character_set_client */;
/*!40101 SET character_set_client = utf8 */;
CREATE TABLE `process_steps` (
  `process_step_id` int(11) unsigned NOT NULL AUTO_INCREMENT,
  `process_stage_id` int(11) unsigned NOT NULL,
  `name` varchar(255) CHARACTER SET latin1 NOT NULL,
  `status` varchar(50) CHARACTER SET latin1 NOT NULL,
  PRIMARY KEY (`process_step_id`),
  KEY `process_stage_id` (`process_stage_id`),
  CONSTRAINT `process_steps_ibfk_1` FOREIGN KEY (`process_stage_id`) REFERENCES `process_stages` (`process_stage_id`) ON DELETE CASCADE ON UPDATE CASCADE
) ENGINE=InnoDB DEFAULT CHARSET=utf8;
/*!40101 SET character_set_client = @saved_cs_client */;

--
-- Dumping data for table `process_steps`
--

LOCK TABLES `process_steps` WRITE;
/*!40000 ALTER TABLE `process_steps` DISABLE KEYS */;
/*!40000 ALTER TABLE `process_steps` ENABLE KEYS */;
UNLOCK TABLES;

--
-- Table structure for table `roles`
--

DROP TABLE IF EXISTS `roles`;
/*!40101 SET @saved_cs_client     = @@character_set_client */;
/*!40101 SET character_set_client = utf8 */;
CREATE TABLE `roles` (
  `role_code` varchar(25) CHARACTER SET latin1 NOT NULL,
  `role_name` varchar(100) CHARACTER SET latin1 NOT NULL,
  `built_in_flag` tinyint(1) unsigned NOT NULL DEFAULT '0',
  `created_by` mediumint(8) unsigned NOT NULL,
  `created_date` datetime NOT NULL,
  `modified_by` mediumint(8) unsigned DEFAULT NULL,
  `modified_date` timestamp NULL DEFAULT NULL ON UPDATE CURRENT_TIMESTAMP,
  `maintainer_flag` tinyint(1) DEFAULT '0',
  `default_system` varchar(25) CHARACTER SET latin1 DEFAULT NULL,
  `default_role_sign_up_flag` enum('Y','N') DEFAULT 'N',
  PRIMARY KEY (`role_code`),
  KEY `created_by` (`created_by`),
  KEY `modified_by` (`modified_by`),
  KEY `fk_roles_default_system` (`default_system`),
  CONSTRAINT `fk_roles_default_system` FOREIGN KEY (`default_system`) REFERENCES `systems` (`system_code`),
  CONSTRAINT `roles_ibfk_1` FOREIGN KEY (`created_by`) REFERENCES `users` (`user_id`) ON DELETE NO ACTION ON UPDATE CASCADE,
  CONSTRAINT `roles_ibfk_2` FOREIGN KEY (`modified_by`) REFERENCES `users` (`user_id`) ON DELETE NO ACTION ON UPDATE CASCADE
) ENGINE=InnoDB DEFAULT CHARSET=utf8;
/*!40101 SET character_set_client = @saved_cs_client */;

--
-- Dumping data for table `roles`
--

LOCK TABLES `roles` WRITE;
/*!40000 ALTER TABLE `roles` DISABLE KEYS */;
INSERT INTO `roles` VALUES ('ADMINISTRATOR','Administrator',1,1,'2016-03-14 00:00:00',NULL,'2017-10-28 05:12:27',1,NULL,'N'),('AUTHENTICATED_USER','Authenticated User',1,1,'2016-03-14 00:00:00',NULL,'2019-09-20 04:06:31',0,'SYSAD','Y'),('MERCHANT','MERCHANT',0,1,'2020-06-02 12:52:45',NULL,NULL,1,NULL,'N'),('SUPER_ADMIN','Super Admin',1,1,'2016-03-14 00:00:00',NULL,'2018-01-25 06:45:20',1,'SYSAD','N'),('SUPER_TELLER','SUPER TELLER',0,1,'2020-06-07 18:57:18',1,'2020-06-07 10:58:55',0,NULL,'N');
/*!40000 ALTER TABLE `roles` ENABLE KEYS */;
UNLOCK TABLES;

--
-- Table structure for table `security_questions`
--

DROP TABLE IF EXISTS `security_questions`;
/*!40101 SET @saved_cs_client     = @@character_set_client */;
/*!40101 SET character_set_client = utf8 */;
CREATE TABLE `security_questions` (
  `security_question_id` int(11) unsigned NOT NULL AUTO_INCREMENT,
  `question` text NOT NULL,
  `created_by` mediumint(8) unsigned NOT NULL,
  `created_date` datetime NOT NULL,
  `modified_by` mediumint(8) unsigned DEFAULT NULL,
  `modified_date` timestamp NULL DEFAULT NULL ON UPDATE CURRENT_TIMESTAMP,
  PRIMARY KEY (`security_question_id`),
  KEY `created_by` (`created_by`),
  KEY `modified_by` (`modified_by`),
  CONSTRAINT `security_questions_ibff_3` FOREIGN KEY (`modified_by`) REFERENCES `users` (`user_id`) ON DELETE NO ACTION ON UPDATE CASCADE,
  CONSTRAINT `security_questions_ibfk_2` FOREIGN KEY (`created_by`) REFERENCES `users` (`user_id`) ON DELETE NO ACTION ON UPDATE CASCADE
) ENGINE=InnoDB AUTO_INCREMENT=6 DEFAULT CHARSET=utf8;
/*!40101 SET character_set_client = @saved_cs_client */;

--
-- Dumping data for table `security_questions`
--

LOCK TABLES `security_questions` WRITE;
/*!40000 ALTER TABLE `security_questions` DISABLE KEYS */;
INSERT INTO `security_questions` VALUES (1,'What was the house number and street name you lived in as a child?',1,'2019-01-01 00:00:00',NULL,NULL),(2,'What were the last four digits of your childhood telephone number?',1,'2019-01-01 00:00:00',NULL,NULL),(3,'What primary school did you attend?',1,'2019-01-01 00:00:00',NULL,NULL),(4,'In what town or city was your first full time job?',1,'2019-01-01 00:00:00',NULL,NULL),(5,'What is your grandmother\'s (on your mother\'s side) maiden name?',1,'2019-01-01 00:00:00',NULL,NULL);
/*!40000 ALTER TABLE `security_questions` ENABLE KEYS */;
UNLOCK TABLES;

--
-- Table structure for table `site_settings`
--

DROP TABLE IF EXISTS `site_settings`;
/*!40101 SET @saved_cs_client     = @@character_set_client */;
/*!40101 SET character_set_client = utf8 */;
CREATE TABLE `site_settings` (
  `setting_type` varchar(45) CHARACTER SET latin1 NOT NULL,
  `setting_name` varchar(100) CHARACTER SET latin1 NOT NULL,
  `setting_value` text CHARACTER SET latin1 NOT NULL,
  `setting_location` varchar(100) CHARACTER SET latin1 NOT NULL,
  `sort_order` smallint(4) DEFAULT NULL,
  PRIMARY KEY (`setting_type`,`setting_name`)
) ENGINE=InnoDB DEFAULT CHARSET=utf8;
/*!40101 SET character_set_client = @saved_cs_client */;

--
-- Dumping data for table `site_settings`
--

LOCK TABLES `site_settings` WRITE;
/*!40000 ALTER TABLE `site_settings` DISABLE KEYS */;
INSERT INTO `site_settings` VALUES ('ACCOUNT','account_creator','VISITOR','AUTHENTICATION',NULL),('AGREEMENT','agreement_uploads','','DPA',NULL),('AGREEMENT','agremment_text','2','DPA',NULL),('AGREEMENT','has_agreement_text','DPA_BASIC','DPA',NULL),('AUTH_FACTOR','authentication_factor','','AUTHENTICATION',NULL),('AUTH_FACTOR','auth_account_code_decay','5','AUTHENTICATION',NULL),('AUTH_FACTOR','auth_account_factor','1,2','AUTHENTICATION',NULL),('AUTH_FACTOR','auth_code_decay','','AUTHENTICATION',NULL),('AUTH_FACTOR','auth_login_code_decay','0','AUTHENTICATION',NULL),('AUTH_FACTOR','auth_login_factor','','AUTHENTICATION',NULL),('AUTH_FACTOR','auth_password_code_decay','5','AUTHENTICATION',NULL),('AUTH_FACTOR','auth_password_factor','2','AUTHENTICATION',NULL),('AUTH_FACTOR','enable_multi_auth_factor','','AUTHENTICATION',NULL),('AUTH_FACTOR','not_req_sec_question','0','AUTHENTICATION',NULL),('CERTIFICATION_FILE_UPLOAD','cert_file_upload',' ','SYSTEM_SETTINGS',NULL),('DPA_SETTING','dpa_email_enable','0','DPA',NULL),('DPA_SETTING','dpa_enable','1','DPA',NULL),('DPA_SETTING','dpa_strict_mode','EMAIL_NOTIFICATION','DPA',NULL),('DPA_SETTING','email_domain','','DPA',NULL),('DPA_SETTING','encryption','1','DPA',0),('GENERAL','lp_background','6dCATduKrLbr6202003315e82a666247ec.png','SITE_APPEARANCE',NULL),('GENERAL','lp_inner_page_bg','','SITE_APPEARANCE',NULL),('GENERAL','maintenance_mode','0','SITE_APPEARANCE',NULL),('GENERAL','notification_position','bottom right','SITE_APPEARANCE',NULL),('GENERAL','show_tagline_on_login','1','SITE_APPEARANCE',NULL),('GENERAL','show_title_on_login','1','SITE_APPEARANCE',NULL),('GENERAL','system_description','A web-based system developed by Asiagate Networks, Inc.','SITE_APPEARANCE',NULL),('GENERAL','system_email','deverajosephpacelo@gmal.com','SITE_APPEARANCE',NULL),('GENERAL','system_favicon','favicon.ico','SITE_APPEARANCE',NULL),('GENERAL','system_logo','statos_logo.ico','SITE_APPEARANCE',NULL),('GENERAL','system_tagline','The Asiagate PHP Core','SITE_APPEARANCE',NULL),('GENERAL','system_title','Stratos Core','SITE_APPEARANCE',NULL),('GENERAL','term_conditions','1','SITE_APPEARANCE',NULL),('GENERAL','term_condition_value','3','SITE_APPEARANCE',NULL),('LAYOUT','header','','SITE_APPEARANCE',NULL),('LAYOUT','sidebar_menu','default','SITE_APPEARANCE',NULL),('LOGIN','auto_log_inactivity','1','AUTHENTICATION',NULL),('LOGIN','auto_log_inactivity_duration','900','AUTHENTICATION',NULL),('LOGIN','change_password_initial_login','1','AUTHENTICATION',NULL),('LOGIN','device_location_auth','0','AUTHENTICATION',NULL),('LOGIN','enable_ip_blacklist','0','AUTHENTICATION',NULL),('LOGIN','ip_blacklist','','AUTHENTICATION',NULL),('LOGIN','login_api','FACEBOOK,GOOGLE','AUTHENTICATION',NULL),('LOGIN','login_attempts','3','AUTHENTICATION',NULL),('LOGIN','login_attempt_soft','2','AUTHENTICATION',NULL),('LOGIN','login_attempt_soft_sec','30','AUTHENTICATION',NULL),('LOGIN','login_via','USERNAME_EMAIL','AUTHENTICATION',NULL),('LOGIN','log_in_deactivation','1','AUTHENTICATION',NULL),('LOGIN','log_in_deactivation_duration','180','AUTHENTICATION',NULL),('LOGIN','role_override','ADMINISTRATOR,SUPER_ADMIN','AUTHENTICATION',NULL),('LOGIN','self_user_logout','1','AUTHENTICATION',NULL),('LOGIN','sess_expiration_warning','1','AUTHENTICATION',NULL),('LOGIN','single_session','1','AUTHENTICATION',NULL),('MEDIA_SETTINGS','change_upload_path','0','MEDIA',NULL),('MEDIA_SETTINGS','enable_image_compression','0','MEDIA',NULL),('MEDIA_SETTINGS','file_upload_type','File Upload Type','MEDIA',NULL),('MEDIA_SETTINGS','image_quality_compression','0','MEDIA',NULL),('MEDIA_SETTINGS','new_upload_path','','MEDIA',NULL),('MENU_LAYOUT','menu_child_display','TITLE','SITE_APPEARANCE',NULL),('MENU_LAYOUT','menu_position','SIDE_NAV','SITE_APPEARANCE',NULL),('MENU_LAYOUT','menu_type','CLASSIC','SITE_APPEARANCE',NULL),('NOTIFICATION_CRON','notification_cron','0','NOTIFICATION_CRON',0),('PASSWORD_CONSTRAINTS','constraint_digit','1','AUTHENTICATION',NULL),('PASSWORD_CONSTRAINTS','constraint_history','2','AUTHENTICATION',NULL),('PASSWORD_CONSTRAINTS','constraint_length','8','AUTHENTICATION',NULL),('PASSWORD_CONSTRAINTS','constraint_letter','1','AUTHENTICATION',NULL),('PASSWORD_CONSTRAINTS','constraint_lowercase','2','AUTHENTICATION',NULL),('PASSWORD_CONSTRAINTS','constraint_pass_diff_username','1','AUTHENTICATION',NULL),('PASSWORD_CONSTRAINTS','constraint_repeating_characters','1','AUTHENTICATION',NULL),('PASSWORD_CONSTRAINTS','constraint_special_character','1','AUTHENTICATION',NULL),('PASSWORD_CONSTRAINTS','constraint_uppercase','1','AUTHENTICATION',NULL),('PASSWORD_EXPIRY','password_duration','','AUTHENTICATION',NULL),('PASSWORD_EXPIRY','password_expiry','0','AUTHENTICATION',NULL),('PASSWORD_EXPIRY','password_reminder','','AUTHENTICATION',NULL),('PASSWORD_INITIAL_SET','password_creator','ADMINISTRATOR','AUTHENTICATION',NULL),('SMS_API','sms_api','smsgatewayme','SYSTEM_SETTINGS',NULL),('SMTP','protocol',' ','SYSTEM_SETTINGS',NULL),('SMTP','smtp_host',' ','SYSTEM_SETTINGS',NULL),('SMTP','smtp_pass',' ','SYSTEM_SETTINGS',NULL),('SMTP','smtp_port',' ','SYSTEM_SETTINGS',NULL),('SMTP','smtp_reply_email',' ','SYSTEM_SETTINGS',NULL),('SMTP','smtp_reply_name',' ','SYSTEM_SETTINGS',NULL),('SMTP','smtp_user',' ','SYSTEM_SETTINGS',NULL),('THEME','skins','default','SITE_APPEARANCE',NULL),('USERNAME','apply_username_constraints','0','AUTHENTICATION',NULL),('USERNAME','username_case_sensitivity','0','AUTHENTICATION',NULL),('USERNAME_CONSTRAINTS','constraint_username_digit','0','AUTHENTICATION',NULL),('USERNAME_CONSTRAINTS','constraint_username_letter','1','AUTHENTICATION',NULL),('USERNAME_CONSTRAINTS','constraint_username_max_length','16','AUTHENTICATION',NULL),('USERNAME_CONSTRAINTS','constraint_username_min_length','4','AUTHENTICATION',NULL),('USERNAME_CREATE','username_creator','ADMINISTRATOR','AUTHENTICATION',NULL),('VERSION','application_version','3.3.0','VERSION',NULL),('VERSION','core_version','3.3.0','VERSION',NULL),('WORKFLOW_DESCRIPTION','prerequisites_description','Define steps prerequisites. Prerequisites are the steps that need to be completed in order to proceed to the next steps.','WORKFLOW',NULL),('WORKFLOW_DESCRIPTION','process_description','Control your approval process by creating a dynamic workflow.','WORKFLOW',NULL),('WORKFLOW_DESCRIPTION','stages_description','Define the stages for each process. Stages act as a primary division of a process.','WORKFLOW',NULL),('WORKFLOW_DESCRIPTION','steps_description','Define steps for every stage of each process. Every steps included in a stage should have a corresponding status that will be used for tracking and display.','WORKFLOW',NULL),('WORKFLOW_FLAG','prerequisites_flag','1','WORKFLOW',NULL),('WORKFLOW_FLAG','process_flag','1','WORKFLOW',NULL),('WORKFLOW_FLAG','stages_flag','1','WORKFLOW',NULL),('WORKFLOW_FLAG','steps_flag','1','WORKFLOW',NULL),('WORKFLOW_TAB','prerequisites','Prerequisites','WORKFLOW',4),('WORKFLOW_TAB','process','Process','WORKFLOW',1),('WORKFLOW_TAB','stages','Stages','WORKFLOW',2),('WORKFLOW_TAB','steps','Steps','WORKFLOW',3);
/*!40000 ALTER TABLE `site_settings` ENABLE KEYS */;
UNLOCK TABLES;

--
-- Table structure for table `sms_notification_queues`
--

DROP TABLE IF EXISTS `sms_notification_queues`;
/*!40101 SET @saved_cs_client     = @@character_set_client */;
/*!40101 SET character_set_client = utf8 */;
CREATE TABLE `sms_notification_queues` (
  `sms_notification_queue_id` int(11) unsigned NOT NULL AUTO_INCREMENT,
  `from_user` mediumint(8) unsigned NOT NULL,
  `to_user` mediumint(8) unsigned NOT NULL,
  `message` text NOT NULL,
  `sms_data` varchar(255) DEFAULT NULL COMMENT 'Sms Data',
  `created_date` datetime NOT NULL COMMENT 'Date when message was created',
  `sent_flag` enum('Y','N') NOT NULL COMMENT 'Y=message already sent',
  `sent_date` datetime DEFAULT NULL COMMENT 'Date when message sent',
  `resend_flag` enum('Y','N') DEFAULT NULL COMMENT 'Y=message was sent',
  `resend_by` mediumint(8) unsigned DEFAULT NULL,
  `resend_date` datetime DEFAULT NULL COMMENT 'Date when message re-sent',
  `send_now_flag` enum('Y','N') DEFAULT NULL,
  `send_now_by` mediumint(8) unsigned DEFAULT NULL COMMENT 'Y=message was send without waiting for its turn (ex. priority message)',
  `send_now_date` datetime DEFAULT NULL COMMENT 'Y=Date when the message was sent',
  `failed_flag` enum('Y','N') DEFAULT NULL,
  `module_code` varchar(50) DEFAULT NULL,
  PRIMARY KEY (`sms_notification_queue_id`),
  KEY `idx-sms_notification_queues-from_user` (`from_user`),
  KEY `idx-sms_notification_queues-to_user` (`to_user`),
  KEY `idx-sms_notification_queues-resend_by` (`resend_by`),
  KEY `idx-sms_notification_queues-send_now_by` (`send_now_by`),
  KEY `idx-sms_notification_queues-module_code` (`module_code`) USING BTREE,
  CONSTRAINT `fk-sms_notification_queues-from_user` FOREIGN KEY (`from_user`) REFERENCES `users` (`user_id`),
  CONSTRAINT `fk-sms_notification_queues-resend_by` FOREIGN KEY (`resend_by`) REFERENCES `users` (`user_id`),
  CONSTRAINT `fk-sms_notification_queues-send_now_by` FOREIGN KEY (`send_now_by`) REFERENCES `users` (`user_id`),
  CONSTRAINT `fk-sms_notification_queues-to_user` FOREIGN KEY (`to_user`) REFERENCES `users` (`user_id`)
) ENGINE=InnoDB DEFAULT CHARSET=utf8 COMMENT='This table keeps all messages to send through SMS.';
/*!40101 SET character_set_client = @saved_cs_client */;

--
-- Dumping data for table `sms_notification_queues`
--

LOCK TABLES `sms_notification_queues` WRITE;
/*!40000 ALTER TABLE `sms_notification_queues` DISABLE KEYS */;
/*!40000 ALTER TABLE `sms_notification_queues` ENABLE KEYS */;
UNLOCK TABLES;

--
-- Table structure for table `statement_module_types`
--

DROP TABLE IF EXISTS `statement_module_types`;
/*!40101 SET @saved_cs_client     = @@character_set_client */;
/*!40101 SET character_set_client = utf8 */;
CREATE TABLE `statement_module_types` (
  `statement_module_type_id` int(11) unsigned NOT NULL AUTO_INCREMENT,
  `statement_module_type` varchar(255) NOT NULL,
  `created_by` mediumint(8) unsigned NOT NULL,
  `created_date` datetime NOT NULL,
  `modified_by` mediumint(8) unsigned DEFAULT NULL,
  `modified_date` timestamp NULL DEFAULT NULL ON UPDATE CURRENT_TIMESTAMP,
  PRIMARY KEY (`statement_module_type_id`),
  KEY `created_by` (`created_by`),
  KEY `modified_by` (`modified_by`),
  CONSTRAINT `statement_module_type_id_ibff_3` FOREIGN KEY (`modified_by`) REFERENCES `users` (`user_id`) ON DELETE NO ACTION ON UPDATE CASCADE,
  CONSTRAINT `statement_module_type_id_ibfk_2` FOREIGN KEY (`created_by`) REFERENCES `users` (`user_id`) ON DELETE NO ACTION ON UPDATE CASCADE
) ENGINE=InnoDB AUTO_INCREMENT=4 DEFAULT CHARSET=utf8;
/*!40101 SET character_set_client = @saved_cs_client */;

--
-- Dumping data for table `statement_module_types`
--

LOCK TABLES `statement_module_types` WRITE;
/*!40000 ALTER TABLE `statement_module_types` DISABLE KEYS */;
INSERT INTO `statement_module_types` VALUES (1,'Data Privacy Statement',1,'2019-01-01 00:00:00',NULL,NULL),(2,'Terms and Conditions Statement',1,'2019-01-01 00:00:00',NULL,NULL),(3,'Email Template',1,'2019-01-01 00:00:00',NULL,NULL);
/*!40000 ALTER TABLE `statement_module_types` ENABLE KEYS */;
UNLOCK TABLES;

--
-- Table structure for table `statement_tokens`
--

DROP TABLE IF EXISTS `statement_tokens`;
/*!40101 SET @saved_cs_client     = @@character_set_client */;
/*!40101 SET character_set_client = utf8 */;
CREATE TABLE `statement_tokens` (
  `statement_token_id` int(11) unsigned NOT NULL AUTO_INCREMENT,
  `statement_id` int(11) unsigned DEFAULT NULL,
  `statement_token` varchar(255) NOT NULL,
  `created_by` mediumint(8) unsigned NOT NULL,
  `created_date` datetime NOT NULL,
  `modified_by` mediumint(8) unsigned DEFAULT NULL,
  `modified_date` timestamp NULL DEFAULT NULL ON UPDATE CURRENT_TIMESTAMP,
  PRIMARY KEY (`statement_token_id`),
  KEY `statement_tokens-created_by` (`created_by`),
  KEY `statement_tokens-modified_by` (`modified_by`),
  KEY `statement_tokens-statement_id` (`statement_id`),
  CONSTRAINT `statement_tokens_ibff_3` FOREIGN KEY (`modified_by`) REFERENCES `users` (`user_id`) ON DELETE NO ACTION ON UPDATE CASCADE,
  CONSTRAINT `statement_tokens_ibfk_2` FOREIGN KEY (`created_by`) REFERENCES `users` (`user_id`) ON DELETE NO ACTION ON UPDATE CASCADE,
  CONSTRAINT `statement_tokens_ibfk_4` FOREIGN KEY (`statement_id`) REFERENCES `statements` (`statement_id`) ON DELETE NO ACTION ON UPDATE CASCADE
) ENGINE=InnoDB AUTO_INCREMENT=41 DEFAULT CHARSET=utf8;
/*!40101 SET character_set_client = @saved_cs_client */;

--
-- Dumping data for table `statement_tokens`
--

LOCK TABLES `statement_tokens` WRITE;
/*!40000 ALTER TABLE `statement_tokens` DISABLE KEYS */;
INSERT INTO `statement_tokens` VALUES (1,4,'name',1,'2019-01-01 00:00:00',NULL,NULL),(2,4,'generated_code',1,'2019-01-01 00:00:00',NULL,NULL),(3,4,'system_name',1,'2019-01-01 00:00:00',NULL,NULL),(4,4,'logo',1,'2019-01-01 00:00:00',NULL,NULL),(5,5,'system_name',1,'2019-01-01 00:00:00',NULL,NULL),(6,5,'name',1,'2019-01-01 00:00:00',NULL,NULL),(7,5,'creator',1,'2019-01-01 00:00:00',NULL,NULL),(8,5,'email',1,'2019-01-01 00:00:00',NULL,NULL),(9,5,'username',1,'2019-01-01 00:00:00',NULL,NULL),(10,5,'approve_btn',1,'2019-01-01 00:00:00',NULL,NULL),(11,5,'reject_btn',1,'2019-01-01 00:00:00',NULL,NULL),(12,5,'logo',1,'2019-01-01 00:00:00',NULL,NULL),(13,6,'logo',1,'2019-01-01 00:00:00',NULL,NULL),(14,6,'name',1,'2019-01-01 00:00:00',NULL,NULL),(15,6,'creator',1,'2019-01-01 00:00:00',NULL,NULL),(16,6,'email',1,'2019-01-01 00:00:00',NULL,NULL),(17,6,'username',1,'2019-01-01 00:00:00',NULL,NULL),(18,6,'password',1,'2019-01-01 00:00:00',NULL,NULL),(19,6,'system_name',1,'2019-01-01 00:00:00',NULL,NULL),(20,7,'system_name',1,'2019-01-01 00:00:00',NULL,NULL),(21,7,'logo',1,'2019-01-01 00:00:00',NULL,NULL),(22,7,'name',1,'2019-01-01 00:00:00',NULL,NULL),(23,7,'link',1,'2019-01-01 00:00:00',NULL,NULL),(24,7,'username',1,'2019-01-01 00:00:00',NULL,NULL),(25,8,'logo',1,'2019-01-01 00:00:00',NULL,NULL),(26,8,'system_name',1,'2019-01-01 00:00:00',NULL,NULL),(27,8,'name',1,'2019-01-01 00:00:00',NULL,NULL),(28,8,'link',1,'2019-01-01 00:00:00',NULL,NULL),(29,9,'name',1,'2019-01-01 00:00:00',NULL,NULL),(30,9,'logo',1,'2019-01-01 00:00:00',NULL,NULL),(31,9,'system_name',1,'2019-01-01 00:00:00',NULL,NULL),(32,9,'reason',1,'2019-01-01 00:00:00',NULL,NULL),(33,10,'system_name',1,'2019-01-01 00:00:00',NULL,NULL),(34,10,'name',1,'2019-01-01 00:00:00',NULL,NULL),(35,10,'logo',1,'2019-01-01 00:00:00',NULL,NULL),(36,10,'ip_address',1,'2019-01-01 00:00:00',NULL,NULL),(37,10,'platform',1,'2019-01-01 00:00:00',NULL,NULL),(38,10,'browser',1,'2019-01-01 00:00:00',NULL,NULL),(39,10,'location',1,'2019-01-01 00:00:00',NULL,NULL),(40,10,'authorize_link',1,'2019-01-01 00:00:00',NULL,NULL);
/*!40000 ALTER TABLE `statement_tokens` ENABLE KEYS */;
UNLOCK TABLES;

--
-- Table structure for table `statement_types`
--

DROP TABLE IF EXISTS `statement_types`;
/*!40101 SET @saved_cs_client     = @@character_set_client */;
/*!40101 SET character_set_client = utf8 */;
CREATE TABLE `statement_types` (
  `statement_type_id` int(11) unsigned NOT NULL AUTO_INCREMENT,
  `statement_type` varchar(255) NOT NULL,
  `created_by` mediumint(8) unsigned NOT NULL,
  `created_date` datetime NOT NULL,
  `modified_by` mediumint(8) unsigned DEFAULT NULL,
  `modified_date` timestamp NULL DEFAULT NULL ON UPDATE CURRENT_TIMESTAMP,
  PRIMARY KEY (`statement_type_id`),
  KEY `created_by` (`created_by`),
  KEY `modified_by` (`modified_by`),
  CONSTRAINT `statement_type_id_ibff_3` FOREIGN KEY (`modified_by`) REFERENCES `users` (`user_id`) ON DELETE NO ACTION ON UPDATE CASCADE,
  CONSTRAINT `statement_type_id_ibfk_2` FOREIGN KEY (`created_by`) REFERENCES `users` (`user_id`) ON DELETE NO ACTION ON UPDATE CASCADE
) ENGINE=InnoDB AUTO_INCREMENT=4 DEFAULT CHARSET=utf8;
/*!40101 SET character_set_client = @saved_cs_client */;

--
-- Dumping data for table `statement_types`
--

LOCK TABLES `statement_types` WRITE;
/*!40000 ALTER TABLE `statement_types` DISABLE KEYS */;
INSERT INTO `statement_types` VALUES (1,'Text',1,'2019-01-01 00:00:00',NULL,NULL),(2,'Link',1,'2019-01-01 00:00:00',NULL,NULL),(3,'File',1,'2019-01-01 00:00:00',NULL,NULL);
/*!40000 ALTER TABLE `statement_types` ENABLE KEYS */;
UNLOCK TABLES;

--
-- Table structure for table `statement_uploads`
--

DROP TABLE IF EXISTS `statement_uploads`;
/*!40101 SET @saved_cs_client     = @@character_set_client */;
/*!40101 SET character_set_client = utf8 */;
CREATE TABLE `statement_uploads` (
  `statement_upload_id` int(11) unsigned NOT NULL AUTO_INCREMENT,
  `statement_id` int(11) unsigned NOT NULL,
  `sys_file_name` varchar(100) NOT NULL COMMENT 'System generated filename',
  `orig_file_name` varchar(255) NOT NULL COMMENT 'Original filename',
  `custom_filename` varchar(255) DEFAULT NULL COMMENT 'if custom filename is allowed',
  `created_by` mediumint(8) unsigned NOT NULL,
  `created_date` datetime NOT NULL,
  `modified_by` mediumint(8) unsigned DEFAULT NULL,
  `modified_date` timestamp NULL DEFAULT NULL ON UPDATE CURRENT_TIMESTAMP,
  PRIMARY KEY (`statement_upload_id`),
  KEY `created_by` (`created_by`),
  KEY `modified_by` (`modified_by`),
  KEY `statement_id` (`statement_id`),
  CONSTRAINT `statement_uploads_ibff1-created_by` FOREIGN KEY (`created_by`) REFERENCES `users` (`user_id`) ON DELETE NO ACTION ON UPDATE CASCADE,
  CONSTRAINT `statement_uploads_ibff2-modified_by` FOREIGN KEY (`modified_by`) REFERENCES `users` (`user_id`) ON DELETE NO ACTION ON UPDATE CASCADE,
  CONSTRAINT `statement_uploads_ibff3-statement_id` FOREIGN KEY (`statement_id`) REFERENCES `statements` (`statement_id`) ON DELETE NO ACTION ON UPDATE CASCADE
) ENGINE=InnoDB DEFAULT CHARSET=utf8;
/*!40101 SET character_set_client = @saved_cs_client */;

--
-- Dumping data for table `statement_uploads`
--

LOCK TABLES `statement_uploads` WRITE;
/*!40000 ALTER TABLE `statement_uploads` DISABLE KEYS */;
/*!40000 ALTER TABLE `statement_uploads` ENABLE KEYS */;
UNLOCK TABLES;

--
-- Table structure for table `statements`
--

DROP TABLE IF EXISTS `statements`;
/*!40101 SET @saved_cs_client     = @@character_set_client */;
/*!40101 SET character_set_client = utf8 */;
CREATE TABLE `statements` (
  `statement_id` int(11) unsigned NOT NULL AUTO_INCREMENT,
  `statement_title` varchar(255) NOT NULL,
  `statement_module_type_id` int(11) unsigned NOT NULL,
  `statement_type_id` int(11) unsigned NOT NULL,
  `statement` text,
  `statement_link` varchar(255) DEFAULT NULL,
  `created_by` mediumint(8) unsigned NOT NULL,
  `created_date` datetime NOT NULL,
  `modified_by` mediumint(8) unsigned DEFAULT NULL,
  `modified_date` timestamp NULL DEFAULT NULL ON UPDATE CURRENT_TIMESTAMP,
  `statement_code` varchar(50) DEFAULT NULL,
  `built_in` enum('Y','N') DEFAULT 'N',
  `statement_subject` text,
  PRIMARY KEY (`statement_id`),
  UNIQUE KEY `un-statement_code` (`statement_code`),
  KEY `created_by` (`created_by`),
  KEY `modified_by` (`modified_by`),
  KEY `statement_module_type_id` (`statement_module_type_id`),
  KEY `statement_type_id` (`statement_type_id`),
  CONSTRAINT `statements_ibff_3` FOREIGN KEY (`modified_by`) REFERENCES `users` (`user_id`) ON DELETE NO ACTION ON UPDATE CASCADE,
  CONSTRAINT `statements_ibfk_2` FOREIGN KEY (`created_by`) REFERENCES `users` (`user_id`) ON DELETE NO ACTION ON UPDATE CASCADE,
  CONSTRAINT `statements_ibfk_4` FOREIGN KEY (`statement_module_type_id`) REFERENCES `statement_module_types` (`statement_module_type_id`) ON DELETE NO ACTION ON UPDATE CASCADE,
  CONSTRAINT `statements_ibfk_5` FOREIGN KEY (`statement_type_id`) REFERENCES `statement_types` (`statement_type_id`) ON DELETE NO ACTION ON UPDATE CASCADE
) ENGINE=InnoDB AUTO_INCREMENT=11 DEFAULT CHARSET=utf8;
/*!40101 SET character_set_client = @saved_cs_client */;

--
-- Dumping data for table `statements`
--

LOCK TABLES `statements` WRITE;
/*!40000 ALTER TABLE `statements` DISABLE KEYS */;
INSERT INTO `statements` VALUES (2,'Statement Data Privacy',1,1,'&lt;ul&gt;\r\n	&lt;li&gt;Test of Data Privacy 1&lt;/li&gt;\r\n	&lt;li&gt;Test of Data Privacy 2&lt;/li&gt;\r\n	&lt;li&gt;Test of Data Privacy 3&lt;/li&gt;\r\n&lt;/ul&gt;\r\n',NULL,1,'2019-10-23 17:49:02',1,'2020-05-20 04:17:07','DPACODE','N',NULL),(3,'Terms and Conditions Test',2,1,'&lt;ul&gt;\r\n	&lt;li&gt;Test of Terms and conditions 1&lt;/li&gt;\r\n	&lt;li&gt;Test of Terms and conditions 2&lt;/li&gt;\r\n	&lt;li&gt;Test of Terms and conditions 3&lt;/li&gt;\r\n&lt;/ul&gt;\r\n',NULL,1,'2019-10-23 17:49:31',1,'2020-05-20 04:17:07',NULL,'N',NULL),(4,'Verify Code Email',3,1,'&lt;p style=&quot;text-align: center;&quot;&gt;{logo}&lt;/p&gt;\n \n &lt;p style=&quot;text-align: center;&quot;&gt;&lt;span style=&quot;font-size:20px;&quot;&gt;&lt;strong&gt;Hi {name}!&lt;/strong&gt;&lt;/span&gt;&lt;/p&gt;\n \n &lt;p style=&quot;text-align: center;&quot;&gt;&lt;span style=&quot;font-size:18px;&quot;&gt;&lt;strong&gt;Please use this code to verify&lt;/strong&gt;&lt;/span&gt;&lt;/p&gt;\n \n &lt;hr /&gt;\n &lt;p style=&quot;text-align: center;&quot;&gt;&lt;strong&gt;&lt;span style=&quot;font-size:22px;&quot;&gt;{generated_code}&lt;/span&gt;&lt;/strong&gt;&lt;/p&gt;\n \n &lt;hr /&gt;\n &lt;p&gt;&lt;span style=&quot;font-size:14px;&quot;&gt;Sincerely,&lt;/span&gt;&lt;/p&gt;\n \n &lt;p&gt;The {system_name} Team&lt;/p&gt;\n \n &lt;p&gt;&lt;strong&gt;&lt;span style=&quot;color:#a9a9a9;&quot;&gt;This email is sent automatically by the system, please do not reply directly.&lt;/span&gt;&lt;/strong&gt;&lt;/p&gt;\n ',NULL,1,'2019-10-28 13:45:51',NULL,'2020-04-01 07:57:40','EMAIL_VERIFY_CODE','Y','Verfication Code'),(5,'DPA Email',3,1,'&lt;p style=&quot;text-align: center;&quot;&gt;{logo}&lt;/p&gt;\n \n &lt;p style=&quot;text-align: center;&quot;&gt;&lt;span style=&quot;font-size:22px;&quot;&gt;Hi&amp;nbsp;&lt;strong&gt;{name}!&lt;/strong&gt;&lt;/span&gt;&lt;/p&gt;\n \n &lt;p style=&quot;text-align: center;&quot;&gt;&lt;span style=&quot;font-size:18px;&quot;&gt;This is an invitation to be a user in &lt;strong&gt;{system_name}&lt;/strong&gt;&lt;/span&gt;&lt;/p&gt;\n \n &lt;p style=&quot;text-align: center;&quot;&gt;&lt;span style=&quot;font-size:16px;&quot;&gt;A user account has been created for you by &lt;strong&gt;{creator}.&lt;/strong&gt;&lt;/span&gt;&lt;/p&gt;\n \n &lt;hr /&gt;\n &lt;p style=&quot;text-align: center;&quot;&gt;&lt;span style=&quot;font-size:16px;&quot;&gt;&lt;strong&gt;Email:&amp;nbsp;&lt;/strong&gt;{email}&lt;/span&gt;&lt;/p&gt;\n \n &lt;p style=&quot;text-align: center;&quot;&gt;&lt;span style=&quot;font-size:16px;&quot;&gt;&lt;strong&gt;Username:&amp;nbsp;&lt;/strong&gt;{username}&lt;/span&gt;&lt;/p&gt;\n \n &lt;p style=&quot;text-align: center;&quot;&gt;&lt;span style=&quot;font-size:16px;&quot;&gt;{approve_btn} {reject_btn}&lt;/span&gt;&lt;/p&gt;\n \n &lt;p style=&quot;text-align: center;&quot;&gt;&lt;span style=&quot;font-size:14px;&quot;&gt;We recommend that you change your password after logging in for security purposes.&lt;/span&gt;&lt;/p&gt;\n \n &lt;hr /&gt;\n &lt;p&gt;&lt;span style=&quot;font-size:14px;&quot;&gt;Sincerely,&lt;/span&gt;&lt;/p&gt;\n \n &lt;p&gt;&lt;span style=&quot;font-size:14px;&quot;&gt;The {system_name} Team&lt;/span&gt;&lt;/p&gt;\n \n &lt;p&gt;&lt;span style=&quot;font-size:14px;&quot;&gt;&lt;span style=&quot;color:#696969;&quot;&gt;This email is sent automatically by the system, please do not reply directly.&lt;/span&gt;&lt;/span&gt;&lt;/p&gt;\n ',NULL,1,'2019-10-28 13:45:51',NULL,'2020-04-01 07:57:40','EMAIL_DPA','Y','Invitation to be a user in {system_name}'),(6,'Welcome Email User',3,1,'&lt;p style=&quot;text-align: center;&quot;&gt;{logo}&lt;/p&gt;\n \n &lt;p style=&quot;text-align: center;&quot;&gt;&lt;span style=&quot;font-size:22px;&quot;&gt;Hi&amp;nbsp;&lt;strong&gt;{name}!&lt;/strong&gt;&lt;/span&gt;&lt;/p&gt;\n \n &lt;p style=&quot;text-align: center;&quot;&gt;&lt;span style=&quot;font-size:22px;&quot;&gt;&lt;strong&gt;New User Account&lt;/strong&gt;&lt;/span&gt;&lt;/p&gt;\n \n &lt;hr /&gt;\n &lt;p style=&quot;text-align: center;&quot;&gt;&lt;span style=&quot;font-size:16px;&quot;&gt;A user account has been created for you by {creator}.&lt;/span&gt;&lt;/p&gt;\n \n &lt;p style=&quot;text-align: center;&quot;&gt;&lt;span style=&quot;font-size:16px;&quot;&gt;Please use the following credentials to log in.&lt;/span&gt;&lt;/p&gt;\n \n &lt;hr /&gt;\n &lt;p style=&quot;text-align: center;&quot;&gt;&lt;strong&gt;&lt;span style=&quot;font-size:18px;&quot;&gt;Email:&amp;nbsp;&lt;/span&gt;&lt;/strong&gt;&lt;span style=&quot;font-size:18px;&quot;&gt;{email}&lt;/span&gt;&lt;/p&gt;\n \n &lt;p style=&quot;text-align: center;&quot;&gt;&lt;strong&gt;&lt;span style=&quot;font-size:18px;&quot;&gt;Username:&amp;nbsp;&lt;/span&gt;&lt;/strong&gt;&lt;span style=&quot;font-size:18px;&quot;&gt;{username}&lt;/span&gt;&lt;/p&gt;\n \n &lt;p style=&quot;text-align: center;&quot;&gt;&lt;strong&gt;&lt;span style=&quot;font-size:18px;&quot;&gt;Password:&amp;nbsp;&lt;/span&gt;&lt;/strong&gt;&lt;span style=&quot;font-size:18px;&quot;&gt;{password}&lt;/span&gt;&lt;/p&gt;\n \n &lt;p style=&quot;text-align: center;&quot;&gt;&lt;span style=&quot;font-size:14px;&quot;&gt;We recommend that you change your password after logging in for security purposes.&lt;/span&gt;&lt;/p&gt;\n \n &lt;hr /&gt;\n &lt;p&gt;&lt;span style=&quot;font-size:14px;&quot;&gt;Sincerely,&lt;br /&gt;\n The {system_name} Team&lt;/span&gt;&lt;/p&gt;\n \n &lt;p&gt;&lt;span style=&quot;color:#696969;&quot;&gt;&lt;span style=&quot;font-size:14px;&quot;&gt;This email is sent automatically by the system, please do not reply directly.&lt;/span&gt;&lt;/span&gt;&lt;/p&gt;\n ',NULL,1,'2019-10-28 13:45:51',NULL,'2020-04-01 07:57:40','EMAIL_WELCOME_USER','Y','New User Account'),(7,'Account owner email',3,1,'&lt;p style=&quot;text-align: center;&quot;&gt;{logo}&lt;/p&gt;\n \n &lt;p style=&quot;text-align: center;&quot;&gt;&lt;span style=&quot;font-size:22px;&quot;&gt;Hi &lt;strong&gt;{name}!&lt;/strong&gt;&lt;/span&gt;&lt;/p&gt;\n \n &lt;p style=&quot;text-align: center;&quot;&gt;&lt;strong&gt;&lt;span style=&quot;font-size:20px;&quot;&gt;New User Account&lt;/span&gt;&lt;/strong&gt;&lt;/p&gt;\n \n &lt;hr /&gt;\n &lt;p style=&quot;text-align: center;&quot;&gt;&lt;span style=&quot;font-size:14px;&quot;&gt;A user account with&amp;nbsp;&lt;strong&gt;Username: &lt;/strong&gt;{username}&amp;nbsp;has been created for you by Juan dela Cruz.&lt;br /&gt;\n Please click the link below to change your password.&lt;/span&gt;&lt;/p&gt;\n \n &lt;p style=&quot;text-align: center;&quot;&gt;&lt;span style=&quot;font-size:14px;&quot;&gt;{link}&lt;/span&gt;&lt;/p&gt;\n \n &lt;hr /&gt;\n &lt;p&gt;&lt;span style=&quot;font-size:14px;&quot;&gt;Sincerely,&lt;br /&gt;\n The {system_name} Team&lt;/span&gt;&lt;/p&gt;\n \n &lt;p&gt;&lt;span style=&quot;color:#696969;&quot;&gt;&lt;span style=&quot;font-size:14px;&quot;&gt;This email is sent automatically by the system, please do not reply directly.&lt;/span&gt;&lt;/span&gt;&lt;/p&gt;\n ',NULL,1,'2019-10-28 13:45:51',NULL,'2020-04-02 07:13:10','EMAIL_ACCOUNT_OWNER','Y','New User Account'),(8,'Approve User Email',3,1,'&lt;p style=&quot;text-align: center;&quot;&gt;{logo}&lt;/p&gt;\n \n &lt;p style=&quot;text-align: center;&quot;&gt;&lt;span style=&quot;font-size:22px;&quot;&gt;Hi&amp;nbsp;&lt;strong&gt;{name}!&lt;/strong&gt;&lt;/span&gt;&lt;/p&gt;\n \n &lt;p style=&quot;text-align: center;&quot;&gt;&lt;span style=&quot;font-size:20px;&quot;&gt;Your registration to the {system_name} has been approved.&lt;/span&gt;&lt;/p&gt;\n \n &lt;hr /&gt;\n &lt;p style=&quot;text-align: center;&quot;&gt;&lt;span style=&quot;font-size:14px;&quot;&gt;Please click on the link below to login.&lt;br /&gt;\n {link}&lt;/span&gt;&lt;/p&gt;\n \n &lt;p style=&quot;text-align: center;&quot;&gt;&lt;span style=&quot;font-size:14px;&quot;&gt;If clicking on the link doesn&amp;#39;t work, copy and paste the URL into the browser&amp;#39;s address bar.&lt;/span&gt;&lt;/p&gt;\n \n &lt;hr /&gt;\n &lt;p&gt;&lt;span style=&quot;font-size:14px;&quot;&gt;Sincerely,&lt;br /&gt;\n The {system_name} Team&lt;/span&gt;&lt;/p&gt;\n \n &lt;p&gt;&lt;span style=&quot;color:#696969;&quot;&gt;&lt;span style=&quot;font-size:14px;&quot;&gt;This email is sent automatically by the system, please do not reply directly.&lt;/span&gt;&lt;/span&gt;&lt;/p&gt;\n ',NULL,1,'2019-10-28 13:45:51',NULL,'2020-04-01 07:57:40','EMAIL_APPROVE_USER','Y','Activate your Account'),(9,'Reject User Email',3,1,'&lt;p style=&quot;text-align: center;&quot;&gt;{logo}&lt;/p&gt;\n \n &lt;p style=&quot;text-align: center;&quot;&gt;&lt;span style=&quot;font-size:22px;&quot;&gt;Hi &lt;b&gt;{name}!&lt;/b&gt;&lt;/span&gt;&lt;/p&gt;\n \n &lt;p style=&quot;text-align: center;&quot;&gt;&lt;span style=&quot;font-size:18px;&quot;&gt;We regret to inform you that your account on {system_name} has been denied. Please refer to the below comments for details.&lt;/span&gt;&lt;/p&gt;\n \n &lt;hr /&gt;\n &lt;p style=&quot;text-align: center;&quot;&gt;&lt;span style=&quot;font-size:18px;&quot;&gt;{reason}&lt;/span&gt;&lt;/p&gt;\n \n &lt;hr /&gt;\n &lt;p&gt;&lt;span style=&quot;font-size:14px;&quot;&gt;Sincerely,&lt;br /&gt;\n The {system_name} Team&lt;/span&gt;&lt;/p&gt;\n \n &lt;p&gt;&lt;span style=&quot;color:#696969;&quot;&gt;&lt;span style=&quot;font-size:14px;&quot;&gt;This email is sent automatically by the system, please do not reply directly.&lt;/span&gt;&lt;/span&gt;&lt;/p&gt;\n ',NULL,1,'2019-10-28 13:45:51',NULL,'2020-04-01 07:57:40','EMAIL_REJECT_USER','Y','Registration Denied'),(10,'New Device Location Email',3,1,'&lt;p style=&quot;text-align: center;&quot;&gt;{logo}&lt;/p&gt;\n \n &lt;p style=&quot;text-align: center;&quot;&gt;&lt;span style=&quot;font-size:22px;&quot;&gt;Hi&amp;nbsp;&lt;strong&gt;{name}!&lt;/strong&gt;&lt;/span&gt;&lt;/p&gt;\n \n &lt;p style=&quot;text-align: center;&quot;&gt;&lt;span style=&quot;font-size:16px;&quot;&gt;A device or location we haven&amp;#39;t seen before is requesting access to your account.&lt;/span&gt;&lt;/p&gt;\n \n &lt;hr /&gt;\n &lt;p style=&quot;text-align: center;&quot;&gt;&lt;span style=&quot;font-size:16px;&quot;&gt;&lt;strong&gt;IP Adress:&lt;/strong&gt;&amp;nbsp; {ip_address}&lt;br /&gt;\n &lt;strong&gt;Platform:&lt;/strong&gt;&amp;nbsp; &amp;nbsp;{platform}&lt;br /&gt;\n &lt;strong&gt;Browser:&lt;/strong&gt;&amp;nbsp; &amp;nbsp;{browser}&lt;br /&gt;\n &lt;strong&gt;Location:&lt;/strong&gt;&amp;nbsp; &amp;nbsp;{location}&lt;/span&gt;&lt;/p&gt;\n \n &lt;p style=&quot;text-align: center;&quot;&gt;&lt;span style=&quot;font-size:16px;&quot;&gt;{authorize_link}&lt;/span&gt;&lt;/p&gt;\n \n &lt;hr /&gt;\n &lt;p&gt;&lt;span style=&quot;font-size:14px;&quot;&gt;Sincerely,&lt;br /&gt;\n The {system_name} Team&lt;/span&gt;&lt;/p&gt;\n \n &lt;p&gt;&lt;span style=&quot;color:#696969;&quot;&gt;&lt;span style=&quot;font-size:14px;&quot;&gt;This email is sent automatically by the system, please do not reply directly.&lt;/span&gt;&lt;/span&gt;&lt;/p&gt;\n ',NULL,1,'2019-10-28 13:45:51',NULL,'2020-04-01 07:57:41','EMAIL_NEW_DEVICE_LOCATION','Y','Authorize new Device Location');
/*!40000 ALTER TABLE `statements` ENABLE KEYS */;
UNLOCK TABLES;

--
-- Table structure for table `sys_param`
--

DROP TABLE IF EXISTS `sys_param`;
/*!40101 SET @saved_cs_client     = @@character_set_client */;
/*!40101 SET character_set_client = utf8 */;
CREATE TABLE `sys_param` (
  `sys_param_code` varchar(30) CHARACTER SET latin1 NOT NULL,
  `sys_param_type` varchar(45) CHARACTER SET latin1 NOT NULL,
  `sys_param_name` varchar(100) CHARACTER SET latin1 NOT NULL,
  `sys_param_value` varchar(45) CHARACTER SET latin1 NOT NULL,
  `built_in_flag` tinyint(1) unsigned NOT NULL DEFAULT '1',
  PRIMARY KEY (`sys_param_code`)
) ENGINE=InnoDB DEFAULT CHARSET=utf8;
/*!40101 SET character_set_client = @saved_cs_client */;

--
-- Dumping data for table `sys_param`
--

LOCK TABLES `sys_param` WRITE;
/*!40000 ALTER TABLE `sys_param` DISABLE KEYS */;
INSERT INTO `sys_param` VALUES ('ACTION_ADD','ACTIONS','ADD','2',1),('ACTION_APPROVE','ACTIONS','APPROVE','13',1),('ACTION_ARCHIVE','ACTIONS','Archive','19',1),('ACTION_DELETE','ACTIONS','DELETE','4',1),('ACTION_DELETE_OWN','ACTIONS','DELETE_OWN','17',1),('ACTION_DOWNLOAD','ACTIONS','DOWNLOAD','18',1),('ACTION_EDIT','ACTIONS','EDIT','3',1),('ACTION_EDIT_OWN','ACTIONS','EDIT OWN','16',1),('ACTION_IMPORT','ACTIONS','IMPORT','20',1),('ACTION_LOCK','ACTIONS','LOCK','7',1),('ACTION_PRINT','ACTIONS','PRINT','6',1),('ACTION_SAVE','ACTIONS','SAVE','1',1),('ACTION_SETTINGS','ACTIONS','Settings','14',1),('ACTION_UPLOAD','ACTIONS','UPLOAD','8',1),('ACTION_VIEW','ACTIONS','VIEW','5',1),('ACTION_VIEW_OWN','ACTIONS','VIEW OWN','15',1),('CONF_EMAIL','SMTP','SMTP_REPLY_EMAIL','deverajosephpacelo@gmail.com',1),('CONF_HOST','SMTP','SMTP_HOST','ssl://virtual.asiagate.net',1),('CONF_NAME','SMTP','SMTP_REPLY_NAME','CORE BANKING SYSTEM',1),('CONF_PASSWORD','SMTP','SMTP_PASS','Default@123',1),('CONF_PORT','SMTP','SMTP_PORT','465',1),('CONF_PROTOCOL','SMTP','PROTOCOL','smtp',1),('CONF_USERNAME','SMTP','SMTP_USER','deverajosephpacelo@gmail.com',1),('GENDER_FEMALE','GENDER','Female','F',1),('GENDER_MALE','GENDER','Male','M',1),('IP_BLACKLIST','IP_ADDRESS','Blacklisted IP','1',1),('LOCATION_LEFT','MODULE_LOCATION','Left','LEFT',1),('LOCATION_ON_PAGE','MODULE_LOCATION','On Page','ON_PAGE',1),('LOCATION_TOP_BAR','MODULE_LOCATION','Top Bar','TOP_BAR',1),('LOGIN_WITH','LOGIN','login_api','1',1),('SCOPE_AGENCY','SCOPES','Own Organization','3',1),('SCOPE_DIRECT_NODES','SCOPES','First Level Sub-Organization','4',1),('SCOPE_OWN_AND_DR','SCOPES','Own and First-Level Sub-Organizations','6',1),('SCOPE_OWN_AND_REGION','SCOPES','Own and All Sub-Organizations','5',1),('SCOPE_REGION','SCOPES','All Sub-Organizations','2',1),('SCOPE_SYSTEM','SCOPES','System Wide','1',1),('SIGN_UP_ORG_NAME','USERS_INPUT','Company Name','0',1),('SIGN_UP_SHORT_NAME','USERS_INPUT','Company Short Name','0',1),('STATUS_ACTIVE','STATUS','Active','1',1),('STATUS_APPROVED','STATUS','Approved','4',1),('STATUS_BLOCKED','STATUS','Blocked','7',1),('STATUS_DELETED','STATUS','Deleted','6',1),('STATUS_DISAPPROVED','STATUS','Disapproved','5',1),('STATUS_DPA_PENDING','STATUS','Needs Email Confirmation','10',1),('STATUS_DRAFT','STATUS','Draft','8',1),('STATUS_EXPIRED','STATUS','Expired','9',1),('STATUS_INACTIVE','STATUS','Inactive','3',1),('STATUS_INCOMPLETE','STATUS','Incomplete','11',1),('STATUS_PENDING','STATUS','Pending','2',1),('SYSTEM_USE_TYPE','SYSTEM_USE','System Use','GOVERNMENT',1),('USERS_EXT_NAME','USERS_INPUT','Extension Name','1',1),('USERS_GENDER','USERS_INPUT','Gender','1',1),('USERS_JOB_TITLE','USERS_INPUT','Job Title','1',1),('USERS_MIDDLE_NAME','USERS_INPUT','Middle name','1',1),('USERS_MULTI_ORG','USERS_INPUT','Multiple Orgs','1',1),('USERS_ORG','USERS_INPUT','Orgs','1',1),('USERS_PROD_SUBS_NOTIF','USERS_INPUT','product subscription notification','1',1);
/*!40000 ALTER TABLE `sys_param` ENABLE KEYS */;
UNLOCK TABLES;

--
-- Table structure for table `system_roles`
--

DROP TABLE IF EXISTS `system_roles`;
/*!40101 SET @saved_cs_client     = @@character_set_client */;
/*!40101 SET character_set_client = utf8 */;
CREATE TABLE `system_roles` (
  `system_code` varchar(25) CHARACTER SET latin1 NOT NULL,
  `role_code` varchar(25) CHARACTER SET latin1 NOT NULL,
  PRIMARY KEY (`system_code`,`role_code`),
  KEY `role_code` (`role_code`),
  CONSTRAINT `system_roles_ibfk_1` FOREIGN KEY (`system_code`) REFERENCES `systems` (`system_code`) ON DELETE CASCADE ON UPDATE CASCADE,
  CONSTRAINT `system_roles_ibfk_2` FOREIGN KEY (`role_code`) REFERENCES `roles` (`role_code`) ON DELETE CASCADE ON UPDATE CASCADE
) ENGINE=InnoDB DEFAULT CHARSET=utf8;
/*!40101 SET character_set_client = @saved_cs_client */;

--
-- Dumping data for table `system_roles`
--

LOCK TABLES `system_roles` WRITE;
/*!40000 ALTER TABLE `system_roles` DISABLE KEYS */;
INSERT INTO `system_roles` VALUES ('CBS','SUPER_ADMIN'),('CBS','SUPER_TELLER'),('PLUGINS','SUPER_ADMIN'),('SOS','MERCHANT'),('SOS','SUPER_ADMIN'),('SYSAD','AUTHENTICATED_USER'),('SYSAD','SUPER_ADMIN'),('SYSAD','SUPER_TELLER');
/*!40000 ALTER TABLE `system_roles` ENABLE KEYS */;
UNLOCK TABLES;

--
-- Table structure for table `systems`
--

DROP TABLE IF EXISTS `systems`;
/*!40101 SET @saved_cs_client     = @@character_set_client */;
/*!40101 SET character_set_client = utf8 */;
CREATE TABLE `systems` (
  `system_code` varchar(25) CHARACTER SET latin1 NOT NULL,
  `system_name` varchar(100) CHARACTER SET latin1 NOT NULL,
  `link` varchar(255) CHARACTER SET latin1 NOT NULL,
  `description` text CHARACTER SET latin1,
  `logo` varchar(255) DEFAULT NULL,
  `sort_order` tinyint(3) unsigned NOT NULL,
  `on_off_flag` tinyint(1) unsigned NOT NULL DEFAULT '1',
  `core_flag` tinyint(1) DEFAULT '0',
  `ci_directory` varchar(100) CHARACTER SET latin1 DEFAULT NULL,
  `shared_module` tinyint(1) DEFAULT '0',
  PRIMARY KEY (`system_code`)
) ENGINE=InnoDB DEFAULT CHARSET=utf8;
/*!40101 SET character_set_client = @saved_cs_client */;

--
-- Dumping data for table `systems`
--

LOCK TABLES `systems` WRITE;
/*!40000 ALTER TABLE `systems` DISABLE KEYS */;
INSERT INTO `systems` VALUES ('CBS','Core Banking System','dashboard/dashboard',NULL,'core-banking.png',4,1,1,'cbs',0),('PLUGINS','PLUGINS','workflow/Manage_workflow',NULL,' ',2,0,1,'plugins',0),('SOS','Sales Order System','sales/dashboard',NULL,NULL,3,0,1,'sos',0),('SYSAD','System Administrator','home/dashboard',NULL,'sys-ad.png',1,1,1,'core',0);
/*!40000 ALTER TABLE `systems` ENABLE KEYS */;
UNLOCK TABLES;

--
-- Table structure for table `temp_organizations`
--

DROP TABLE IF EXISTS `temp_organizations`;
/*!40101 SET @saved_cs_client     = @@character_set_client */;
/*!40101 SET character_set_client = utf8 */;
CREATE TABLE `temp_organizations` (
  `org_code` varchar(25) CHARACTER SET latin1 NOT NULL,
  `org_parent` varchar(25) CHARACTER SET latin1 DEFAULT NULL,
  `location_code` char(9) CHARACTER SET latin1 DEFAULT NULL,
  `short_name` varchar(50) CHARACTER SET latin1 DEFAULT NULL,
  `name` varchar(255) CHARACTER SET latin1 NOT NULL,
  `website` varchar(100) CHARACTER SET latin1 DEFAULT NULL,
  `email` varchar(100) CHARACTER SET latin1 DEFAULT NULL,
  `phone` varchar(100) CHARACTER SET latin1 DEFAULT NULL,
  `fax` varchar(100) CHARACTER SET latin1 DEFAULT NULL,
  `system_owner` enum('Y','N') CHARACTER SET latin1 DEFAULT 'N',
  `logo` varchar(255) CHARACTER SET latin1 DEFAULT NULL,
  `logo_orig_name` varchar(255) CHARACTER SET latin1 DEFAULT NULL,
  `created_by` mediumint(8) unsigned DEFAULT NULL,
  `created_date` datetime NOT NULL,
  `modified_by` mediumint(8) unsigned DEFAULT NULL,
  `modified_date` timestamp NULL DEFAULT NULL ON UPDATE CURRENT_TIMESTAMP,
  `status` enum('Y','N') DEFAULT 'Y',
  `organization_type_id` tinyint(1) unsigned DEFAULT NULL,
  `region` char(9) CHARACTER SET latin1 DEFAULT NULL,
  `province` char(9) CHARACTER SET latin1 DEFAULT NULL,
  `city_muni` char(9) CHARACTER SET latin1 DEFAULT NULL,
  `submunicity` char(9) CHARACTER SET latin1 DEFAULT NULL,
  `barangay` char(9) CHARACTER SET latin1 DEFAULT NULL,
  `address` text,
  `zip_code` varchar(100) DEFAULT NULL,
  `url_address` varchar(255) DEFAULT NULL,
  PRIMARY KEY (`org_code`),
  KEY `temp_organizations_org_parent` (`org_parent`),
  KEY `temp_organizations_location_code` (`location_code`),
  KEY `temp_organizations_created_by` (`created_by`),
  KEY `temp_organizations_modified_by` (`modified_by`),
  KEY `fk-temp_organizations-org_type_id` (`organization_type_id`),
  CONSTRAINT `fk-temp_organizations-org_type_id` FOREIGN KEY (`organization_type_id`) REFERENCES `organization_types` (`organization_type_id`) ON DELETE NO ACTION ON UPDATE NO ACTION,
  CONSTRAINT `temp_organizations_ibfk_1` FOREIGN KEY (`org_parent`) REFERENCES `temp_organizations` (`org_code`) ON DELETE CASCADE ON UPDATE CASCADE,
  CONSTRAINT `temp_organizations_ibfk_2` FOREIGN KEY (`location_code`) REFERENCES `locations` (`location_code`) ON UPDATE CASCADE,
  CONSTRAINT `temp_organizations_ibfk_3` FOREIGN KEY (`created_by`) REFERENCES `temp_users` (`user_id`) ON DELETE NO ACTION ON UPDATE CASCADE,
  CONSTRAINT `temp_organizations_ibfk_4` FOREIGN KEY (`modified_by`) REFERENCES `temp_users` (`user_id`) ON DELETE NO ACTION ON UPDATE CASCADE
) ENGINE=InnoDB DEFAULT CHARSET=utf8;
/*!40101 SET character_set_client = @saved_cs_client */;

--
-- Dumping data for table `temp_organizations`
--

LOCK TABLES `temp_organizations` WRITE;
/*!40000 ALTER TABLE `temp_organizations` DISABLE KEYS */;
/*!40000 ALTER TABLE `temp_organizations` ENABLE KEYS */;
UNLOCK TABLES;

--
-- Table structure for table `temp_user_agreements`
--

DROP TABLE IF EXISTS `temp_user_agreements`;
/*!40101 SET @saved_cs_client     = @@character_set_client */;
/*!40101 SET character_set_client = utf8 */;
CREATE TABLE `temp_user_agreements` (
  `user_id` mediumint(8) unsigned NOT NULL AUTO_INCREMENT,
  `agreement_flag` tinyint(1) DEFAULT '0',
  `agreed_date` datetime DEFAULT NULL,
  PRIMARY KEY (`user_id`),
  KEY `user_id` (`user_id`),
  CONSTRAINT `temp_user_id_agreement_ibfk_1` FOREIGN KEY (`user_id`) REFERENCES `temp_users` (`user_id`) ON DELETE CASCADE ON UPDATE CASCADE
) ENGINE=InnoDB DEFAULT CHARSET=latin1;
/*!40101 SET character_set_client = @saved_cs_client */;

--
-- Dumping data for table `temp_user_agreements`
--

LOCK TABLES `temp_user_agreements` WRITE;
/*!40000 ALTER TABLE `temp_user_agreements` DISABLE KEYS */;
/*!40000 ALTER TABLE `temp_user_agreements` ENABLE KEYS */;
UNLOCK TABLES;

--
-- Table structure for table `temp_user_multi_auth`
--

DROP TABLE IF EXISTS `temp_user_multi_auth`;
/*!40101 SET @saved_cs_client     = @@character_set_client */;
/*!40101 SET character_set_client = utf8 */;
CREATE TABLE `temp_user_multi_auth` (
  `user_id` mediumint(8) unsigned NOT NULL,
  `authentication_factor_id` int(11) unsigned NOT NULL,
  `code` varchar(255) DEFAULT NULL,
  `authenticated_date` datetime DEFAULT NULL,
  `expired_date` datetime DEFAULT NULL,
  `expired_flag` enum('N','Y') DEFAULT 'N',
  PRIMARY KEY (`user_id`,`authentication_factor_id`),
  KEY `authentication_factor_id` (`authentication_factor_id`),
  CONSTRAINT `temp_user_multi_auth_ibfk_1` FOREIGN KEY (`user_id`) REFERENCES `temp_users` (`user_id`) ON DELETE CASCADE ON UPDATE CASCADE,
  CONSTRAINT `temp_user_multi_auth_ibfk_2` FOREIGN KEY (`authentication_factor_id`) REFERENCES `authentication_factors` (`authentication_factor_id`) ON DELETE CASCADE ON UPDATE CASCADE
) ENGINE=InnoDB DEFAULT CHARSET=utf8;
/*!40101 SET character_set_client = @saved_cs_client */;

--
-- Dumping data for table `temp_user_multi_auth`
--

LOCK TABLES `temp_user_multi_auth` WRITE;
/*!40000 ALTER TABLE `temp_user_multi_auth` DISABLE KEYS */;
/*!40000 ALTER TABLE `temp_user_multi_auth` ENABLE KEYS */;
UNLOCK TABLES;

--
-- Table structure for table `temp_user_organizations`
--

DROP TABLE IF EXISTS `temp_user_organizations`;
/*!40101 SET @saved_cs_client     = @@character_set_client */;
/*!40101 SET character_set_client = utf8 */;
CREATE TABLE `temp_user_organizations` (
  `user_id` mediumint(8) unsigned NOT NULL,
  `org_code` varchar(25) CHARACTER SET latin1 NOT NULL,
  `main_org_flag` tinyint(1) DEFAULT '0',
  PRIMARY KEY (`user_id`,`org_code`),
  KEY `org_code` (`org_code`),
  CONSTRAINT `temp_user_organizations_ibfk_1` FOREIGN KEY (`user_id`) REFERENCES `temp_users` (`user_id`) ON DELETE CASCADE ON UPDATE CASCADE
) ENGINE=InnoDB DEFAULT CHARSET=utf8;
/*!40101 SET character_set_client = @saved_cs_client */;

--
-- Dumping data for table `temp_user_organizations`
--

LOCK TABLES `temp_user_organizations` WRITE;
/*!40000 ALTER TABLE `temp_user_organizations` DISABLE KEYS */;
/*!40000 ALTER TABLE `temp_user_organizations` ENABLE KEYS */;
UNLOCK TABLES;

--
-- Table structure for table `temp_user_roles`
--

DROP TABLE IF EXISTS `temp_user_roles`;
/*!40101 SET @saved_cs_client     = @@character_set_client */;
/*!40101 SET character_set_client = utf8 */;
CREATE TABLE `temp_user_roles` (
  `user_id` mediumint(8) unsigned NOT NULL,
  `role_code` varchar(25) CHARACTER SET latin1 NOT NULL,
  `main_role_flag` tinyint(1) DEFAULT '0',
  PRIMARY KEY (`user_id`,`role_code`),
  KEY `role_code` (`role_code`),
  CONSTRAINT `temp_user_roles_ibfk_1` FOREIGN KEY (`user_id`) REFERENCES `temp_users` (`user_id`) ON DELETE CASCADE ON UPDATE CASCADE,
  CONSTRAINT `temp_user_roles_ibfk_2` FOREIGN KEY (`role_code`) REFERENCES `roles` (`role_code`) ON DELETE CASCADE ON UPDATE CASCADE
) ENGINE=InnoDB DEFAULT CHARSET=utf8;
/*!40101 SET character_set_client = @saved_cs_client */;

--
-- Dumping data for table `temp_user_roles`
--

LOCK TABLES `temp_user_roles` WRITE;
/*!40000 ALTER TABLE `temp_user_roles` DISABLE KEYS */;
/*!40000 ALTER TABLE `temp_user_roles` ENABLE KEYS */;
UNLOCK TABLES;

--
-- Table structure for table `temp_user_security_answers`
--

DROP TABLE IF EXISTS `temp_user_security_answers`;
/*!40101 SET @saved_cs_client     = @@character_set_client */;
/*!40101 SET character_set_client = utf8 */;
CREATE TABLE `temp_user_security_answers` (
  `user_id` mediumint(8) unsigned NOT NULL,
  `security_question_id` int(11) unsigned NOT NULL,
  `answer` text,
  PRIMARY KEY (`user_id`,`security_question_id`),
  KEY `security_question_id` (`security_question_id`),
  CONSTRAINT `temp_user_security_answers_ibfk_1` FOREIGN KEY (`user_id`) REFERENCES `temp_users` (`user_id`) ON DELETE CASCADE ON UPDATE CASCADE,
  CONSTRAINT `temp_user_security_answers_ibfk_2` FOREIGN KEY (`security_question_id`) REFERENCES `security_questions` (`security_question_id`) ON DELETE CASCADE ON UPDATE CASCADE
) ENGINE=InnoDB DEFAULT CHARSET=utf8;
/*!40101 SET character_set_client = @saved_cs_client */;

--
-- Dumping data for table `temp_user_security_answers`
--

LOCK TABLES `temp_user_security_answers` WRITE;
/*!40000 ALTER TABLE `temp_user_security_answers` DISABLE KEYS */;
/*!40000 ALTER TABLE `temp_user_security_answers` ENABLE KEYS */;
UNLOCK TABLES;

--
-- Table structure for table `temp_users`
--

DROP TABLE IF EXISTS `temp_users`;
/*!40101 SET @saved_cs_client     = @@character_set_client */;
/*!40101 SET character_set_client = utf8 */;
CREATE TABLE `temp_users` (
  `user_id` mediumint(8) unsigned NOT NULL AUTO_INCREMENT,
  `username` varbinary(512) DEFAULT NULL,
  `location_code` char(9) CHARACTER SET latin1 DEFAULT NULL,
  `org_code` varchar(25) CHARACTER SET latin1 DEFAULT NULL,
  `password` varchar(128) CHARACTER SET latin1 DEFAULT NULL,
  `salt` varchar(128) CHARACTER SET latin1 DEFAULT NULL,
  `reset_salt` varchar(128) CHARACTER SET latin1 DEFAULT NULL,
  `fname` varbinary(512) NOT NULL,
  `lname` varbinary(512) NOT NULL,
  `mname` varbinary(512) DEFAULT NULL,
  `ext_name` varbinary(512) DEFAULT NULL,
  `nickname` varbinary(512) DEFAULT NULL,
  `gender` varchar(30) CHARACTER SET latin1 DEFAULT NULL,
  `email` varbinary(512) DEFAULT NULL,
  `job_title` varbinary(512) DEFAULT NULL,
  `photo` varchar(255) CHARACTER SET latin1 DEFAULT NULL,
  `contact_no` varbinary(512) DEFAULT NULL,
  `mobile_no` varbinary(512) DEFAULT NULL,
  `logged_in_flag` tinyint(1) unsigned NOT NULL DEFAULT '0',
  `consent_form_sys_filename` varchar(255) DEFAULT NULL,
  `consent_form_orig_filename` varchar(255) DEFAULT NULL,
  `expire_dpa_date` datetime DEFAULT NULL,
  `mail_flag` tinyint(1) unsigned NOT NULL DEFAULT '0',
  `contact_flag` tinyint(3) unsigned NOT NULL DEFAULT '0',
  `status` varchar(30) CHARACTER SET latin1 NOT NULL DEFAULT 'STATUS_PENDING',
  `reason` text CHARACTER SET latin1,
  `attempts` tinyint(2) unsigned NOT NULL DEFAULT '0',
  `initial_flag` tinyint(1) DEFAULT '0',
  `pw_email_flag` tinyint(1) DEFAULT '0',
  `last_logged_in_date` datetime DEFAULT NULL,
  `inactivated_by` mediumint(8) unsigned DEFAULT NULL,
  `inactivated_date` datetime DEFAULT NULL,
  `blocked_by` mediumint(8) unsigned DEFAULT NULL,
  `blocked_date` datetime DEFAULT NULL,
  `created_by` mediumint(8) unsigned DEFAULT NULL,
  `created_date` datetime NOT NULL,
  `modified_by` mediumint(8) unsigned DEFAULT NULL,
  `modified_date` timestamp NULL DEFAULT NULL ON UPDATE CURRENT_TIMESTAMP,
  `built_in_flag` tinyint(1) DEFAULT '0',
  `receive_email_flag` enum('Y','N') DEFAULT 'Y',
  `receive_sms_flag` enum('Y','N') DEFAULT 'Y',
  `temporary_account_flag` enum('Y','N') DEFAULT 'N',
  `temporary_account_expiration_date` datetime DEFAULT NULL,
  `facebook_email` varbinary(512) DEFAULT NULL,
  `google_email` varbinary(512) DEFAULT NULL,
  `last_logged_in_attempt_date` datetime DEFAULT NULL,
  `soft_blocked` enum('Y','N') DEFAULT 'N',
  `soft_blocked_date` datetime DEFAULT NULL,
  `soft_attempts` tinyint(2) unsigned DEFAULT '0',
  `sign_up_api` enum('FACEBOOK','GOOGLE') DEFAULT NULL,
  `product_subscription_notif_flag` enum('Y','N') DEFAULT 'N',
  PRIMARY KEY (`user_id`),
  KEY `location_code` (`location_code`),
  KEY `org_code` (`org_code`),
  KEY `gender` (`gender`),
  KEY `status_id` (`status`),
  KEY `created_by` (`created_by`),
  KEY `modified_by` (`modified_by`),
  CONSTRAINT `temp_users_ibfk_1` FOREIGN KEY (`location_code`) REFERENCES `locations` (`location_code`) ON UPDATE CASCADE,
  CONSTRAINT `temp_users_ibfk_3` FOREIGN KEY (`gender`) REFERENCES `sys_param` (`sys_param_code`) ON UPDATE CASCADE,
  CONSTRAINT `temp_users_ibfk_4` FOREIGN KEY (`status`) REFERENCES `sys_param` (`sys_param_code`) ON UPDATE CASCADE,
  CONSTRAINT `temp_users_ibfk_5` FOREIGN KEY (`created_by`) REFERENCES `temp_users` (`user_id`) ON DELETE NO ACTION ON UPDATE CASCADE,
  CONSTRAINT `temp_users_ibfk_6` FOREIGN KEY (`modified_by`) REFERENCES `temp_users` (`user_id`) ON DELETE NO ACTION ON UPDATE CASCADE
) ENGINE=InnoDB DEFAULT CHARSET=utf8;
/*!40101 SET character_set_client = @saved_cs_client */;

--
-- Dumping data for table `temp_users`
--

LOCK TABLES `temp_users` WRITE;
/*!40000 ALTER TABLE `temp_users` DISABLE KEYS */;
/*!40000 ALTER TABLE `temp_users` ENABLE KEYS */;
UNLOCK TABLES;

--
-- Table structure for table `tmp_users`
--

DROP TABLE IF EXISTS `tmp_users`;
/*!40101 SET @saved_cs_client     = @@character_set_client */;
/*!40101 SET character_set_client = utf8 */;
CREATE TABLE `tmp_users` (
  `user_id` mediumint(8) unsigned NOT NULL DEFAULT '0',
  `username` varchar(100) DEFAULT NULL,
  `location_code` char(9) DEFAULT NULL,
  `org_code` varchar(25) NOT NULL,
  `password` varchar(128) DEFAULT NULL,
  `salt` varchar(128) DEFAULT NULL,
  `reset_salt` varchar(128) DEFAULT NULL,
  `fname` varchar(100) CHARACTER SET utf8 COLLATE utf8_bin NOT NULL,
  `lname` varchar(100) CHARACTER SET utf8 COLLATE utf8_bin NOT NULL,
  `mname` varchar(100) CHARACTER SET utf8 COLLATE utf8_bin DEFAULT NULL,
  `ext_name` varchar(100) DEFAULT NULL,
  `nickname` varchar(100) CHARACTER SET utf8 COLLATE utf8_bin DEFAULT NULL,
  `gender` varchar(30) NOT NULL,
  `email` varchar(255) NOT NULL,
  `job_title` varchar(255) DEFAULT NULL,
  `photo` varchar(255) DEFAULT NULL,
  `contact_no` varchar(50) DEFAULT NULL,
  `mobile_no` varchar(50) DEFAULT NULL,
  `logged_in_flag` tinyint(1) unsigned NOT NULL DEFAULT '0',
  `mail_flag` tinyint(1) unsigned NOT NULL DEFAULT '0',
  `contact_flag` tinyint(3) unsigned NOT NULL DEFAULT '0',
  `status` varchar(30) NOT NULL DEFAULT 'STATUS_PENDING',
  `reason` text,
  `attempts` tinyint(2) unsigned NOT NULL DEFAULT '0',
  `initial_flag` tinyint(1) DEFAULT '0',
  `pw_email_flag` tinyint(1) DEFAULT '0',
  `last_logged_in_date` datetime DEFAULT NULL,
  `created_by` mediumint(8) unsigned DEFAULT NULL,
  `created_date` datetime NOT NULL,
  `modified_by` mediumint(8) unsigned DEFAULT NULL,
  `modified_date` timestamp NULL DEFAULT NULL ON UPDATE CURRENT_TIMESTAMP,
  `built_in_flag` tinyint(1) DEFAULT '0'
) ENGINE=InnoDB DEFAULT CHARSET=latin1;
/*!40101 SET character_set_client = @saved_cs_client */;

--
-- Dumping data for table `tmp_users`
--

LOCK TABLES `tmp_users` WRITE;
/*!40000 ALTER TABLE `tmp_users` DISABLE KEYS */;
/*!40000 ALTER TABLE `tmp_users` ENABLE KEYS */;
UNLOCK TABLES;

--
-- Table structure for table `to_dos`
--

DROP TABLE IF EXISTS `to_dos`;
/*!40101 SET @saved_cs_client     = @@character_set_client */;
/*!40101 SET character_set_client = utf8 */;
CREATE TABLE `to_dos` (
  `to_do_id` int(11) unsigned NOT NULL AUTO_INCREMENT,
  `user_id` mediumint(8) unsigned DEFAULT NULL,
  `role_code` varchar(25) CHARACTER SET latin1 DEFAULT NULL,
  `to_do` varchar(255) CHARACTER SET latin1 NOT NULL,
  `to_do_date` datetime NOT NULL,
  `read_date` datetime DEFAULT NULL,
  `completed_date` datetime DEFAULT NULL,
  `link` varchar(255) CHARACTER SET latin1 DEFAULT NULL,
  PRIMARY KEY (`to_do_id`),
  KEY `user_id` (`user_id`),
  KEY `role_code` (`role_code`),
  CONSTRAINT `to_dos_ibfk_1` FOREIGN KEY (`user_id`) REFERENCES `users` (`user_id`) ON DELETE CASCADE ON UPDATE CASCADE,
  CONSTRAINT `to_dos_ibfk_2` FOREIGN KEY (`role_code`) REFERENCES `roles` (`role_code`) ON DELETE CASCADE ON UPDATE CASCADE
) ENGINE=InnoDB DEFAULT CHARSET=utf8;
/*!40101 SET character_set_client = @saved_cs_client */;

--
-- Dumping data for table `to_dos`
--

LOCK TABLES `to_dos` WRITE;
/*!40000 ALTER TABLE `to_dos` DISABLE KEYS */;
/*!40000 ALTER TABLE `to_dos` ENABLE KEYS */;
UNLOCK TABLES;

--
-- Table structure for table `toggle_fields`
--

DROP TABLE IF EXISTS `toggle_fields`;
/*!40101 SET @saved_cs_client     = @@character_set_client */;
/*!40101 SET character_set_client = utf8 */;
CREATE TABLE `toggle_fields` (
  `toggle_field_id` mediumint(8) unsigned NOT NULL AUTO_INCREMENT,
  `module_code` varchar(25) CHARACTER SET latin1 NOT NULL,
  `field_name` varchar(100) CHARACTER SET latin1 NOT NULL,
  PRIMARY KEY (`toggle_field_id`),
  KEY `module_code` (`module_code`),
  CONSTRAINT `toggle_fields_ibfk_1` FOREIGN KEY (`module_code`) REFERENCES `modules` (`module_code`) ON DELETE CASCADE ON UPDATE CASCADE
) ENGINE=InnoDB DEFAULT CHARSET=utf8;
/*!40101 SET character_set_client = @saved_cs_client */;

--
-- Dumping data for table `toggle_fields`
--

LOCK TABLES `toggle_fields` WRITE;
/*!40000 ALTER TABLE `toggle_fields` DISABLE KEYS */;
/*!40000 ALTER TABLE `toggle_fields` ENABLE KEYS */;
UNLOCK TABLES;

--
-- Table structure for table `user_agreements`
--

DROP TABLE IF EXISTS `user_agreements`;
/*!40101 SET @saved_cs_client     = @@character_set_client */;
/*!40101 SET character_set_client = utf8 */;
CREATE TABLE `user_agreements` (
  `user_id` mediumint(8) unsigned NOT NULL AUTO_INCREMENT,
  `agreement_flag` tinyint(1) DEFAULT '0',
  `agreed_date` datetime DEFAULT NULL,
  PRIMARY KEY (`user_id`),
  KEY `user_id` (`user_id`),
  CONSTRAINT `user_id_agreement_ibfk_1` FOREIGN KEY (`user_id`) REFERENCES `users` (`user_id`) ON DELETE CASCADE ON UPDATE CASCADE
) ENGINE=InnoDB AUTO_INCREMENT=11 DEFAULT CHARSET=latin1;
/*!40101 SET character_set_client = @saved_cs_client */;

--
-- Dumping data for table `user_agreements`
--

LOCK TABLES `user_agreements` WRITE;
/*!40000 ALTER TABLE `user_agreements` DISABLE KEYS */;
INSERT INTO `user_agreements` VALUES (1,1,'2019-11-18 11:11:27'),(5,1,'2020-06-02 12:55:11'),(6,1,'2020-06-07 19:10:28'),(7,1,'2020-06-13 14:00:59'),(9,1,'2020-06-13 17:21:58'),(10,1,'2020-06-13 18:04:53');
/*!40000 ALTER TABLE `user_agreements` ENABLE KEYS */;
UNLOCK TABLES;

--
-- Table structure for table `user_announcements`
--

DROP TABLE IF EXISTS `user_announcements`;
/*!40101 SET @saved_cs_client     = @@character_set_client */;
/*!40101 SET character_set_client = utf8 */;
CREATE TABLE `user_announcements` (
  `user_id` mediumint(8) unsigned NOT NULL,
  `announcement_id` int(11) unsigned NOT NULL,
  `read_flag` enum('Y','N') DEFAULT 'N',
  PRIMARY KEY (`user_id`,`announcement_id`),
  KEY `announcements` (`announcement_id`),
  CONSTRAINT `user_announcements_ibfk_1` FOREIGN KEY (`user_id`) REFERENCES `users` (`user_id`) ON DELETE CASCADE ON UPDATE CASCADE,
  CONSTRAINT `user_announcements_ibfk_2` FOREIGN KEY (`announcement_id`) REFERENCES `announcements` (`announcement_id`) ON DELETE CASCADE ON UPDATE CASCADE
) ENGINE=InnoDB DEFAULT CHARSET=utf8;
/*!40101 SET character_set_client = @saved_cs_client */;

--
-- Dumping data for table `user_announcements`
--

LOCK TABLES `user_announcements` WRITE;
/*!40000 ALTER TABLE `user_announcements` DISABLE KEYS */;
INSERT INTO `user_announcements` VALUES (1,2,'Y');
/*!40000 ALTER TABLE `user_announcements` ENABLE KEYS */;
UNLOCK TABLES;

--
-- Table structure for table `user_device_location_auth`
--

DROP TABLE IF EXISTS `user_device_location_auth`;
/*!40101 SET @saved_cs_client     = @@character_set_client */;
/*!40101 SET character_set_client = utf8 */;
CREATE TABLE `user_device_location_auth` (
  `user_id` mediumint(8) unsigned NOT NULL,
  `ip_address` varchar(255) NOT NULL,
  `browser` varchar(255) NOT NULL,
  `os` varchar(255) NOT NULL,
  `location` varchar(255) DEFAULT NULL,
  `local_ip_address` varchar(255) DEFAULT NULL,
  `attempts` tinyint(2) DEFAULT '0',
  `token` varchar(255) DEFAULT NULL,
  `authorized` enum('Y','N') DEFAULT 'N',
  `authorized_date` datetime DEFAULT NULL,
  PRIMARY KEY (`user_id`,`ip_address`,`os`),
  CONSTRAINT `user_device_location_auth_ibfk_1` FOREIGN KEY (`user_id`) REFERENCES `users` (`user_id`) ON DELETE CASCADE ON UPDATE CASCADE
) ENGINE=InnoDB DEFAULT CHARSET=utf8;
/*!40101 SET character_set_client = @saved_cs_client */;

--
-- Dumping data for table `user_device_location_auth`
--

LOCK TABLES `user_device_location_auth` WRITE;
/*!40000 ALTER TABLE `user_device_location_auth` DISABLE KEYS */;
/*!40000 ALTER TABLE `user_device_location_auth` ENABLE KEYS */;
UNLOCK TABLES;

--
-- Table structure for table `user_groups`
--

DROP TABLE IF EXISTS `user_groups`;
/*!40101 SET @saved_cs_client     = @@character_set_client */;
/*!40101 SET character_set_client = utf8 */;
CREATE TABLE `user_groups` (
  `user_id` mediumint(8) unsigned NOT NULL,
  `group_id` int(11) unsigned NOT NULL,
  `admin_flag` tinyint(1) NOT NULL DEFAULT '0',
  PRIMARY KEY (`user_id`,`group_id`),
  KEY `user_groups_ibfk_2` (`group_id`),
  CONSTRAINT `user_groups_ibfk_1` FOREIGN KEY (`user_id`) REFERENCES `users` (`user_id`) ON DELETE NO ACTION ON UPDATE NO ACTION,
  CONSTRAINT `user_groups_ibfk_2` FOREIGN KEY (`group_id`) REFERENCES `groups` (`group_id`) ON DELETE CASCADE ON UPDATE NO ACTION
) ENGINE=InnoDB DEFAULT CHARSET=utf8;
/*!40101 SET character_set_client = @saved_cs_client */;

--
-- Dumping data for table `user_groups`
--

LOCK TABLES `user_groups` WRITE;
/*!40000 ALTER TABLE `user_groups` DISABLE KEYS */;
/*!40000 ALTER TABLE `user_groups` ENABLE KEYS */;
UNLOCK TABLES;

--
-- Table structure for table `user_history`
--

DROP TABLE IF EXISTS `user_history`;
/*!40101 SET @saved_cs_client     = @@character_set_client */;
/*!40101 SET character_set_client = utf8 */;
CREATE TABLE `user_history` (
  `user_id` mediumint(8) unsigned NOT NULL,
  `username` varbinary(512) DEFAULT NULL,
  `location_code` char(9) CHARACTER SET latin1 NOT NULL,
  `org_code` varchar(25) CHARACTER SET latin1 DEFAULT NULL,
  `password` varchar(128) CHARACTER SET latin1 COLLATE latin1_bin NOT NULL,
  `salt` varchar(128) CHARACTER SET latin1 NOT NULL,
  `reset_salt` varchar(128) CHARACTER SET latin1 DEFAULT NULL,
  `fname` varbinary(512) NOT NULL,
  `lname` varbinary(512) NOT NULL,
  `mname` varbinary(512) DEFAULT NULL,
  `ext_name` varbinary(512) DEFAULT NULL,
  `nickname` varbinary(512) DEFAULT NULL,
  `gender` varchar(30) CHARACTER SET latin1 DEFAULT NULL,
  `email` varbinary(512) NOT NULL,
  `job_title` varbinary(512) DEFAULT NULL,
  `photo` varchar(255) CHARACTER SET latin1 DEFAULT NULL,
  `contact_no` varbinary(512) DEFAULT NULL,
  `mobile_no` varbinary(512) DEFAULT NULL,
  `logged_in_flag` tinyint(1) unsigned NOT NULL DEFAULT '0',
  `consent_form_sys_filename` varchar(255) DEFAULT NULL,
  `consent_form_orig_filename` varchar(255) DEFAULT NULL,
  `expire_dpa_date` datetime DEFAULT NULL,
  `mail_flag` tinyint(1) unsigned NOT NULL DEFAULT '0',
  `contact_flag` tinyint(3) unsigned NOT NULL DEFAULT '0',
  `status` varchar(30) CHARACTER SET latin1 NOT NULL DEFAULT 'STATUS_PENDING',
  `reason` text CHARACTER SET latin1,
  `attempts` tinyint(2) unsigned NOT NULL DEFAULT '0',
  `initial_flag` tinyint(1) DEFAULT '0',
  `pw_email_flag` tinyint(1) DEFAULT '0',
  `last_logged_in_date` datetime DEFAULT NULL,
  `inactivated_by` mediumint(8) unsigned DEFAULT NULL,
  `inactivated_date` datetime DEFAULT NULL,
  `blocked_by` mediumint(8) unsigned DEFAULT NULL,
  `blocked_date` datetime DEFAULT NULL,
  `created_by` mediumint(8) unsigned DEFAULT NULL,
  `created_date` datetime NOT NULL,
  `modified_by` mediumint(8) unsigned DEFAULT NULL,
  `modified_date` timestamp NULL DEFAULT NULL ON UPDATE CURRENT_TIMESTAMP,
  `built_in_flag` tinyint(1) DEFAULT '0',
  `receive_email_flag` enum('Y','N') DEFAULT 'Y',
  `receive_sms_flag` enum('Y','N') DEFAULT 'Y',
  `temporary_account_flag` enum('Y','N') DEFAULT 'N',
  `temporary_account_expiration_date` datetime DEFAULT NULL,
  `facebook_email` varbinary(512) DEFAULT NULL,
  `google_email` varbinary(512) DEFAULT NULL,
  `last_logged_in_attempt_date` datetime DEFAULT NULL,
  `soft_blocked` enum('Y','N') DEFAULT 'N',
  `soft_blocked_date` datetime DEFAULT NULL,
  `soft_attempts` tinyint(2) unsigned DEFAULT '0',
  `sign_up_api` enum('FACEBOOK','GOOGLE') DEFAULT NULL,
  `product_subscription_notif_flag` enum('Y','N') DEFAULT 'N',
  KEY `user_id` (`user_id`) USING BTREE
) ENGINE=InnoDB DEFAULT CHARSET=utf8;
/*!40101 SET character_set_client = @saved_cs_client */;

--
-- Dumping data for table `user_history`
--

LOCK TABLES `user_history` WRITE;
/*!40000 ALTER TABLE `user_history` DISABLE KEYS */;
/*!40000 ALTER TABLE `user_history` ENABLE KEYS */;
UNLOCK TABLES;

--
-- Table structure for table `user_multi_auth`
--

DROP TABLE IF EXISTS `user_multi_auth`;
/*!40101 SET @saved_cs_client     = @@character_set_client */;
/*!40101 SET character_set_client = utf8 */;
CREATE TABLE `user_multi_auth` (
  `user_id` mediumint(8) unsigned NOT NULL,
  `authentication_factor_id` int(11) unsigned NOT NULL,
  `code` varchar(255) DEFAULT NULL,
  `authenticated_date` datetime DEFAULT NULL,
  `expired_date` datetime DEFAULT NULL,
  `expired_flag` enum('N','Y') DEFAULT 'N',
  PRIMARY KEY (`user_id`,`authentication_factor_id`),
  KEY `authentication_factor_id` (`authentication_factor_id`),
  CONSTRAINT `user_multi_auth_ibfk_1` FOREIGN KEY (`user_id`) REFERENCES `users` (`user_id`) ON DELETE CASCADE ON UPDATE CASCADE,
  CONSTRAINT `user_multi_auth_ibfk_2` FOREIGN KEY (`authentication_factor_id`) REFERENCES `authentication_factors` (`authentication_factor_id`) ON DELETE CASCADE ON UPDATE CASCADE
) ENGINE=InnoDB DEFAULT CHARSET=utf8;
/*!40101 SET character_set_client = @saved_cs_client */;

--
-- Dumping data for table `user_multi_auth`
--

LOCK TABLES `user_multi_auth` WRITE;
/*!40000 ALTER TABLE `user_multi_auth` DISABLE KEYS */;
INSERT INTO `user_multi_auth` VALUES (1,1,'a368ad175945cbd35c7daeae3307841de1c0bd7545919331188ae9909LUUpQkSn922iTnmysMqLg--','2019-10-02 14:25:45',NULL,'N'),(6,1,NULL,NULL,NULL,'N'),(6,2,NULL,NULL,NULL,'N'),(7,1,NULL,NULL,NULL,'N'),(7,2,NULL,NULL,NULL,'N');
/*!40000 ALTER TABLE `user_multi_auth` ENABLE KEYS */;
UNLOCK TABLES;

--
-- Table structure for table `user_organizations`
--

DROP TABLE IF EXISTS `user_organizations`;
/*!40101 SET @saved_cs_client     = @@character_set_client */;
/*!40101 SET character_set_client = utf8 */;
CREATE TABLE `user_organizations` (
  `user_id` mediumint(8) unsigned NOT NULL,
  `org_code` varchar(25) CHARACTER SET latin1 NOT NULL,
  `main_org_flag` tinyint(1) DEFAULT '0',
  PRIMARY KEY (`user_id`,`org_code`),
  KEY `org_code` (`org_code`),
  CONSTRAINT `user_organizations_ibfk_1` FOREIGN KEY (`user_id`) REFERENCES `users` (`user_id`) ON DELETE CASCADE ON UPDATE CASCADE,
  CONSTRAINT `user_organizations_ibfk_2` FOREIGN KEY (`org_code`) REFERENCES `organizations` (`org_code`) ON DELETE CASCADE ON UPDATE CASCADE
) ENGINE=InnoDB DEFAULT CHARSET=utf8;
/*!40101 SET character_set_client = @saved_cs_client */;

--
-- Dumping data for table `user_organizations`
--

LOCK TABLES `user_organizations` WRITE;
/*!40000 ALTER TABLE `user_organizations` DISABLE KEYS */;
INSERT INTO `user_organizations` VALUES (1,'ANI',1),(2,'ANI',1),(3,'ANI',1),(5,'ANI',1),(6,'ANI',1),(7,'ANI',1),(9,'ANI',1),(10,'SC',1);
/*!40000 ALTER TABLE `user_organizations` ENABLE KEYS */;
UNLOCK TABLES;

--
-- Table structure for table `user_roles`
--

DROP TABLE IF EXISTS `user_roles`;
/*!40101 SET @saved_cs_client     = @@character_set_client */;
/*!40101 SET character_set_client = utf8 */;
CREATE TABLE `user_roles` (
  `user_id` mediumint(8) unsigned NOT NULL,
  `role_code` varchar(25) CHARACTER SET latin1 NOT NULL,
  `main_role_flag` tinyint(1) DEFAULT '0',
  PRIMARY KEY (`user_id`,`role_code`),
  KEY `role_code` (`role_code`),
  CONSTRAINT `user_roles_ibfk_1` FOREIGN KEY (`user_id`) REFERENCES `users` (`user_id`) ON DELETE CASCADE ON UPDATE CASCADE,
  CONSTRAINT `user_roles_ibfk_2` FOREIGN KEY (`role_code`) REFERENCES `roles` (`role_code`) ON DELETE CASCADE ON UPDATE CASCADE
) ENGINE=InnoDB DEFAULT CHARSET=utf8;
/*!40101 SET character_set_client = @saved_cs_client */;

--
-- Dumping data for table `user_roles`
--

LOCK TABLES `user_roles` WRITE;
/*!40000 ALTER TABLE `user_roles` DISABLE KEYS */;
INSERT INTO `user_roles` VALUES (1,'SUPER_ADMIN',1),(2,'ADMINISTRATOR',1),(3,'ADMINISTRATOR',1),(5,'MERCHANT',1),(6,'SUPER_TELLER',1),(7,'SUPER_TELLER',1),(9,'SUPER_ADMIN',1),(10,'SUPER_TELLER',1);
/*!40000 ALTER TABLE `user_roles` ENABLE KEYS */;
UNLOCK TABLES;

--
-- Table structure for table `user_security_answers`
--

DROP TABLE IF EXISTS `user_security_answers`;
/*!40101 SET @saved_cs_client     = @@character_set_client */;
/*!40101 SET character_set_client = utf8 */;
CREATE TABLE `user_security_answers` (
  `user_id` mediumint(8) unsigned NOT NULL,
  `security_question_id` int(11) unsigned NOT NULL,
  `answer` text,
  PRIMARY KEY (`user_id`,`security_question_id`),
  KEY `security_question_id` (`security_question_id`),
  CONSTRAINT `user_security_answers_ibfk_1` FOREIGN KEY (`user_id`) REFERENCES `users` (`user_id`) ON DELETE CASCADE ON UPDATE CASCADE,
  CONSTRAINT `user_security_answers_ibfk_2` FOREIGN KEY (`security_question_id`) REFERENCES `security_questions` (`security_question_id`) ON DELETE CASCADE ON UPDATE CASCADE
) ENGINE=InnoDB DEFAULT CHARSET=utf8;
/*!40101 SET character_set_client = @saved_cs_client */;

--
-- Dumping data for table `user_security_answers`
--

LOCK TABLES `user_security_answers` WRITE;
/*!40000 ALTER TABLE `user_security_answers` DISABLE KEYS */;
/*!40000 ALTER TABLE `user_security_answers` ENABLE KEYS */;
UNLOCK TABLES;

--
-- Table structure for table `users`
--

DROP TABLE IF EXISTS `users`;
/*!40101 SET @saved_cs_client     = @@character_set_client */;
/*!40101 SET character_set_client = utf8 */;
CREATE TABLE `users` (
  `user_id` mediumint(8) unsigned NOT NULL AUTO_INCREMENT,
  `username` varbinary(512) DEFAULT NULL,
  `location_code` char(9) CHARACTER SET latin1 DEFAULT NULL,
  `org_code` varchar(25) CHARACTER SET latin1 DEFAULT NULL,
  `password` varchar(128) CHARACTER SET latin1 DEFAULT NULL,
  `salt` varchar(128) CHARACTER SET latin1 DEFAULT NULL,
  `reset_salt` varchar(128) CHARACTER SET latin1 DEFAULT NULL,
  `fname` varbinary(512) NOT NULL,
  `lname` varbinary(512) NOT NULL,
  `mname` varbinary(512) DEFAULT NULL,
  `ext_name` varbinary(512) DEFAULT NULL,
  `nickname` varbinary(512) DEFAULT NULL,
  `gender` varchar(30) CHARACTER SET latin1 DEFAULT NULL,
  `email` varbinary(512) NOT NULL,
  `job_title` varbinary(512) DEFAULT NULL,
  `photo` varchar(255) CHARACTER SET latin1 DEFAULT NULL,
  `contact_no` varbinary(512) DEFAULT NULL,
  `mobile_no` varbinary(512) DEFAULT NULL,
  `logged_in_flag` tinyint(1) unsigned NOT NULL DEFAULT '0',
  `consent_form_sys_filename` varchar(255) DEFAULT NULL,
  `consent_form_orig_filename` varchar(255) DEFAULT NULL,
  `expire_dpa_date` datetime DEFAULT NULL,
  `mail_flag` tinyint(1) unsigned NOT NULL DEFAULT '0',
  `contact_flag` tinyint(3) unsigned NOT NULL DEFAULT '0',
  `status` varchar(30) CHARACTER SET latin1 NOT NULL DEFAULT 'STATUS_PENDING',
  `reason` text CHARACTER SET latin1,
  `attempts` tinyint(2) unsigned NOT NULL DEFAULT '0',
  `initial_flag` tinyint(1) DEFAULT '0',
  `pw_email_flag` tinyint(1) DEFAULT '0',
  `last_logged_in_date` datetime DEFAULT NULL,
  `inactivated_by` mediumint(8) unsigned DEFAULT NULL,
  `inactivated_date` datetime DEFAULT NULL,
  `blocked_by` mediumint(8) unsigned DEFAULT NULL,
  `blocked_date` datetime DEFAULT NULL,
  `created_by` mediumint(8) unsigned DEFAULT NULL,
  `created_date` datetime NOT NULL,
  `modified_by` mediumint(8) unsigned DEFAULT NULL,
  `modified_date` timestamp NULL DEFAULT NULL ON UPDATE CURRENT_TIMESTAMP,
  `built_in_flag` tinyint(1) DEFAULT '0',
  `receive_email_flag` enum('Y','N') DEFAULT 'Y',
  `receive_sms_flag` enum('Y','N') DEFAULT 'Y',
  `temporary_account_flag` enum('Y','N') DEFAULT 'N',
  `temporary_account_expiration_date` datetime DEFAULT NULL,
  `facebook_email` varbinary(512) DEFAULT NULL,
  `google_email` varbinary(512) DEFAULT NULL,
  `last_logged_in_attempt_date` datetime DEFAULT NULL,
  `soft_blocked` enum('Y','N') DEFAULT 'N',
  `soft_blocked_date` datetime DEFAULT NULL,
  `soft_attempts` tinyint(2) unsigned DEFAULT '0',
  `sign_up_api` enum('FACEBOOK','GOOGLE') DEFAULT NULL,
  `product_subscription_notif_flag` enum('Y','N') DEFAULT 'N',
  PRIMARY KEY (`user_id`),
  UNIQUE KEY `unqiue_username` (`username`),
  UNIQUE KEY `username` (`username`),
  KEY `location_code` (`location_code`),
  KEY `org_code` (`org_code`),
  KEY `gender` (`gender`),
  KEY `status_id` (`status`),
  KEY `created_by` (`created_by`),
  KEY `modified_by` (`modified_by`),
  CONSTRAINT `users_ibfk_1` FOREIGN KEY (`location_code`) REFERENCES `locations` (`location_code`) ON UPDATE CASCADE,
  CONSTRAINT `users_ibfk_2` FOREIGN KEY (`org_code`) REFERENCES `organizations` (`org_code`) ON UPDATE CASCADE,
  CONSTRAINT `users_ibfk_3` FOREIGN KEY (`gender`) REFERENCES `sys_param` (`sys_param_code`) ON UPDATE CASCADE,
  CONSTRAINT `users_ibfk_4` FOREIGN KEY (`status`) REFERENCES `sys_param` (`sys_param_code`) ON UPDATE CASCADE,
  CONSTRAINT `users_ibfk_5` FOREIGN KEY (`created_by`) REFERENCES `users` (`user_id`) ON DELETE NO ACTION ON UPDATE CASCADE,
  CONSTRAINT `users_ibfk_6` FOREIGN KEY (`modified_by`) REFERENCES `users` (`user_id`) ON DELETE NO ACTION ON UPDATE CASCADE
) ENGINE=InnoDB AUTO_INCREMENT=11 DEFAULT CHARSET=utf8;
/*!40101 SET character_set_client = @saved_cs_client */;

--
-- Dumping data for table `users`
--

LOCK TABLES `users` WRITE;
/*!40000 ALTER TABLE `users` DISABLE KEYS */;
INSERT INTO `users` VALUES (0,0x031B5E8B835CB69F3E60C4FE851D0218,'137602000','ANI','anonymous','anonymous',NULL,0x031B5EE280B9C6925CC2B6C5B83E60C384C3BEE280A61D0218,0x031B5EE280B9C6925CC2B6C5B83E60C384C3BEE280A61D0218,0x031B5EE280B9C6925CC2B6C5B83E60C384C3BEE280A61D0218,NULL,NULL,'GENDER_MALE',0x031B5EE280B9C6925CC2B6C5B83E60C384C3BEE280A61D0218,NULL,NULL,NULL,NULL,0,NULL,NULL,NULL,0,0,'STATUS_ACTIVE',NULL,0,0,0,NULL,NULL,NULL,NULL,NULL,NULL,'2015-05-27 00:00:00',NULL,'2020-05-27 06:09:21',0,'Y','Y','N',NULL,NULL,NULL,NULL,'N',NULL,0,NULL,'N'),(1,0x65A8CA90FCC8B7BC7C9B2BE8580401B6,'137602000','ANI','bc89519bd69b76c30045dba5fb544ab521ee38be69a1d8bda3c9b51fb66b1d35a0b39b85a6171b8fb17929713f995d02cd8cad554cc02285ac57417bd7a25131','924ee76014ea6f8e51dcc8be577ae6d76f2b49aa5828449cf3b8bebf9fe7287ec1ddb61c9da244a720658350a8157c4341c6b001c034262974a81ab549ab00fc','67bb9d4a745577a43391fbe9e1d9202c9bbc1cfc708d3cf2f2a30b3b493d9f6b2b9b006100a94ce7529b01042fdaa33796318194fe73894db439b86558ae6811',0x1870EA966C75E0BE32D6CDD95670E924,0xA31E0BEE1DE616A8F547E9DC3ED376F7,0xFC3782F1B9570B4FA5E61A25F92F3066,NULL,0xFC3782F1B9570B4FA5E61A25F92F3066,'GENDER_FEMALE',0x569B6EE6C6FA8B8251D5351F7500029962DD1B927B17475DB907015E9C6DEDCF,0xFC3782F1B9570B4FA5E61A25F92F3066,'451scDA4VOPcM201905215ce3d5572d433.jpg',0xFC3782F1B9570B4FA5E61A25F92F3066,0xFC3782F1B9570B4FA5E61A25F92F3066,0,NULL,NULL,NULL,0,0,'STATUS_ACTIVE',NULL,0,0,0,'2018-10-22 10:14:36',NULL,NULL,NULL,NULL,NULL,'2015-05-11 00:00:00',9,'2020-06-13 10:04:48',1,'N','N','N',NULL,NULL,NULL,'2020-06-13 18:01:01','N',NULL,0,NULL,'N'),(10,0x3BD41F72B09905F1AB7D35C156051201,NULL,'SC','46c32ed902badc824444d1638b597aafd01f2b527c85314557ed27edcb6fb4cacd3ae6c557512aefe3dbd8333afb3cd8614f092266b8c3455eb9e4026bd07a9e','8d4d08ab45f61aacf1d92a7f9bb66641b2fa45cdc8ae040446ea03000f67e7c655b91039f2be9424ad08510ff42910ca4eb7c0cd8252df73cbda3f359b3d17ab','',0x962ED5B02DB9B6EE4E8EC29DE216DF79,0xD357F42929A95D42598DB1D4B98BF90D,0x9B0CAB8C19C085484679B8111921A18C,NULL,0xF68ED9DF6E2712003F0EFF728EA99163,'GENDER_FEMALE',0xF0F31438C28E24197B9210823E5FD12836A1A19FFC18F637E41DFB2894E4FA11,0x5F94C0AE3C53F09C56272C346276453A,'a9r2NALFZ7afg202006135ee4a48c2bc85.jpg',0xFC3782F1B9570B4FA5E61A25F92F3066,0xFC3782F1B9570B4FA5E61A25F92F3066,0,NULL,NULL,NULL,0,0,'STATUS_ACTIVE',NULL,0,0,0,NULL,NULL,NULL,NULL,NULL,1,'2020-06-13 18:04:36',NULL,'2020-06-14 01:36:26',0,'N','N','N',NULL,NULL,NULL,'2020-06-14 08:51:36','N',NULL,0,NULL,'N');
/*!40000 ALTER TABLE `users` ENABLE KEYS */;
UNLOCK TABLES;

--
-- Dumping events for database 'ocbs_core'
--

--
-- Dumping routines for database 'ocbs_core'
--
/*!50003 DROP FUNCTION IF EXISTS `DECRYPT` */;
/*!50003 SET @saved_cs_client      = @@character_set_client */ ;
/*!50003 SET @saved_cs_results     = @@character_set_results */ ;
/*!50003 SET @saved_col_connection = @@collation_connection */ ;
/*!50003 SET character_set_client  = utf8mb4 */ ;
/*!50003 SET character_set_results = utf8mb4 */ ;
/*!50003 SET collation_connection  = utf8mb4_general_ci */ ;
/*!50003 SET @saved_sql_mode       = @@sql_mode */ ;
/*!50003 SET sql_mode              = 'NO_AUTO_CREATE_USER,NO_ENGINE_SUBSTITUTION' */ ;
DELIMITER ;;
CREATE DEFINER=`root`@`localhost` FUNCTION `DECRYPT`(val VARBINARY(512)) RETURNS varchar(255) CHARSET latin1
BEGIN
	DECLARE decrypted_value VARCHAR(255);
    SELECT CAST(AES_DECRYPT(val, UNHEX(SHA2('$+r@t0$_c0r3_$3cur1+y', 512))) AS CHAR) INTO decrypted_value;
    RETURN decrypted_value; 
END ;;
DELIMITER ;
/*!50003 SET sql_mode              = @saved_sql_mode */ ;
/*!50003 SET character_set_client  = @saved_cs_client */ ;
/*!50003 SET character_set_results = @saved_cs_results */ ;
/*!50003 SET collation_connection  = @saved_col_connection */ ;
/*!40103 SET TIME_ZONE=@OLD_TIME_ZONE */;

/*!40101 SET SQL_MODE=@OLD_SQL_MODE */;
/*!40014 SET FOREIGN_KEY_CHECKS=@OLD_FOREIGN_KEY_CHECKS */;
/*!40014 SET UNIQUE_CHECKS=@OLD_UNIQUE_CHECKS */;
/*!40101 SET CHARACTER_SET_CLIENT=@OLD_CHARACTER_SET_CLIENT */;
/*!40101 SET CHARACTER_SET_RESULTS=@OLD_CHARACTER_SET_RESULTS */;
/*!40101 SET COLLATION_CONNECTION=@OLD_COLLATION_CONNECTION */;
/*!40111 SET SQL_NOTES=@OLD_SQL_NOTES */;

-- Dump completed on 2020-06-14  9:39:11
